    #parametro     lambda_01     lambda_02     lambda_03
      2.500000      2.310676      0.002564    -11.813240
      2.500125      2.384342      0.000648    -11.885115
      2.500250      2.377131      0.000890    -11.878271
      2.500375      2.374621     -0.000590    -11.874406
      2.500500      2.415765      0.001546    -11.917811
      2.500625      2.375252      0.000773    -11.876650
      2.500750      2.418578      0.000829    -11.920157
      2.500875      2.345963      0.000830    -11.847668
      2.501000      2.378463     -0.000300    -11.879163
      2.501125      2.344026     -0.001119    -11.844032
      2.501250      2.403216     -0.000142    -11.904325
      2.501375      2.419579      0.001432    -11.922386
      2.501500      2.346376      0.000221    -11.848097
      2.501625      2.352622     -0.003765    -11.850483
      2.501750      2.410290      0.000545    -11.912586
      2.501875      2.402316      0.000537    -11.904728
      2.502000      2.343723      0.000391    -11.846114
      2.502125      2.376656     -0.000102    -11.878679
      2.502250      2.379453      0.000358    -11.882061
      2.502375      2.376297      0.001480    -11.880152
      2.502500      2.403053      0.000403    -11.905957
      2.502625      2.340803      0.000394    -11.843822
      2.502750      2.369583      0.002119    -11.874453
      2.502875      2.342470      0.001700    -11.847045
      2.503000      2.346264      0.000338    -11.849602
      2.503125      2.340536     -0.001475    -11.842186
      2.503250      2.331730     -0.000660    -11.834320
      2.503375      2.323243     -0.000333    -11.826285
      2.503500      2.364778     -0.000228    -11.868050
      2.503625      2.322152      0.000636    -11.826413
      2.503750      2.306921     -0.001356    -11.809316
      2.503875      2.318668     -0.000160    -11.822384
      2.504000      2.342332      0.001035    -11.847367
      2.504125      2.330350      0.000020    -11.834495
      2.504250      2.320448      0.001144    -11.825841
      2.504375      2.280879     -0.001813    -11.783440
      2.504500      2.316826     -0.000951    -11.820374
      2.504625      2.306962     -0.003559    -11.808028
      2.504750      2.253487      0.000468    -11.758705
      2.504875      2.273093     -0.000344    -11.777624
      2.505000      2.335977     -0.000188    -11.840789
      2.505125      2.281858     -0.001105    -11.785878
      2.505250      2.347685     -0.000875    -11.852060
      2.505375      2.282497     -0.000770    -11.787102
      2.505500      2.260610      0.001009    -11.767119
      2.505625      2.314503     -0.000242    -11.819886
      2.505750      2.273066     -0.000022    -11.778794
      2.505875      2.265665     -0.001786    -11.769754
      2.506000      2.202709     -0.000566    -11.708143
      2.506125      2.235407      0.000183    -11.741715
      2.506250      2.241136     -0.001288    -11.746098
      2.506375      2.271754     -0.000849    -11.777280
      2.506500      2.238686      0.000388    -11.745573
      2.506625      2.253008     -0.000873    -11.758760
      2.506750      2.323895      0.002527    -11.833173
      2.506875      2.306373     -0.000680    -11.812568
      2.507000      2.296462      0.000593    -11.804055
      2.507125      2.278180      0.003702    -11.789007
      2.507250      2.270345     -0.000450    -11.777145
      2.507375      2.245464     -0.000502    -11.752337
      2.507500      2.303368     -0.001858    -11.809010
      2.507625      2.248502      0.000278    -11.756405
      2.507750      2.268351     -0.002753    -11.773348
      2.507875      2.257070      0.000887    -11.765831
      2.508000      2.214837     -0.001126    -11.721710
      2.508125      2.203522      0.002984    -11.714631
      2.508250      2.245081      0.000051    -11.753382
      2.508375      2.235800      0.000371    -11.744546
      2.508500      2.234811     -0.000538    -11.742773
      2.508625      2.223915      0.004365    -11.736906
      2.508750      2.295378      0.000276    -11.804404
      2.508875      2.161358      0.000169    -11.670402
      2.509000      2.183968     -0.000869    -11.692099
      2.509125      2.163037     -0.001362    -11.670800
      2.509250      2.147398      0.000495    -11.657143
      2.509375      2.149318     -0.002664    -11.656029
      2.509500      2.246855     -0.000266    -11.756089
      2.509625      2.232748      0.000607    -11.742980
      2.509750      2.247049     -0.000274    -11.756525
      2.509875      2.187242      0.000863    -11.697980
      2.510000      2.200019      0.000003    -11.710022
      2.510125      2.248463      0.001064    -11.759652
      2.510250      2.246327     -0.000772    -11.755805
      2.510375      2.243024     -0.001998    -11.751400
      2.510500      2.172521     -0.000452    -11.682569
      2.510625      2.199457     -0.000156    -11.709925
      2.510750      2.227324      0.000009    -11.738083
      2.510875      2.146323      0.001546    -11.658745
      2.511000      2.122768      0.000057    -11.633824
      2.511125      2.199183      0.000207    -11.710515
      2.511250      2.191825     -0.002170    -11.700905
      2.511375      2.135147     -0.000695    -11.645827
      2.511500      2.186268      0.001449    -11.699217
      2.511625      2.221082      0.001798    -11.734505
      2.511750      2.288610      0.000127    -11.800487
      2.511875      2.182279     -0.000376    -11.693778
      2.512000      2.188799      0.000749    -11.701548
      2.512125      2.186613      0.000675    -11.699413
      2.512250      2.200144     -0.002754    -11.709640
      2.512375      2.158419      0.000427    -11.671220
      2.512500      2.159231     -0.000826    -11.670904
      2.512625      2.239030     -0.001178    -11.750476
      2.512750      2.176630      0.000226    -11.689606
      2.512875      2.156011      0.001158    -11.670044
      2.513000      2.255719     -0.000819    -11.767900
      2.513125      2.282980     -0.001580    -11.794526
      2.513250      2.262081     -0.002035    -11.773297
      2.513375      2.141840     -0.002613    -11.652602
      2.513500      2.185122     -0.000669    -11.697954
      2.513625      2.148300      0.000958    -11.662883
      2.513750      2.195253      0.001532    -11.710535
      2.513875      2.235569     -0.000996    -11.748449
      2.514000      2.134016      0.000601    -11.648618
      2.514125      2.180600     -0.000159    -11.694567
      2.514250      2.055504      0.000379    -11.570132
      2.514375      2.204529     -0.001362    -11.717542
      2.514500      2.184443     -0.000674    -11.698269
      2.514625      2.202096      0.000044    -11.716765
      2.514750      2.173200      0.006427    -11.694377
      2.514875      2.163926      0.001370    -11.680171
      2.515000      2.165092      0.000457    -11.680549
      2.515125      2.095156     -0.000922    -11.609359
      2.515250      2.204307      0.001213    -11.720771
      2.515375      2.115351     -0.000605    -11.630121
      2.515500      2.211446      0.000081    -11.727027
      2.515625      2.223317      0.001304    -11.740247
      2.515750      2.120753      0.000296    -11.636799
      2.515875      2.132825      0.000580    -11.649280
      2.516000      2.192942      0.001633    -11.710575
      2.516125      2.135457      0.000535    -11.652116
      2.516250      2.217750      0.001065    -11.735065
      2.516375      2.251612      0.000014    -11.768000
      2.516500      2.191468      0.000857    -11.708826
      2.516625      2.215017      0.000374    -11.732016
      2.516750      2.201057      0.000377    -11.718184
      2.516875      2.199779      0.000351    -11.717005
      2.517000      2.096668      0.001246    -11.614914
      2.517125      2.152101     -0.001819    -11.667406
      2.517250      2.111026     -0.000175    -11.628101
      2.517375      2.149950      0.000654    -11.667979
      2.517500      2.088493     -0.002932    -11.603061
      2.517625      2.110977     -0.003033    -11.625569
      2.517750      1.958160     -0.002335    -11.473575
      2.517875      2.048140     -0.000538    -11.565477
      2.518000      1.566488      0.001487    -11.085975
      2.518125      0.000411     -0.111481     -9.407055
      2.518250      0.711363     -0.560343     -9.669270
      2.518375      2.089763     -0.000709    -11.607429
      2.518500      2.020454     -0.001879    -11.537075
      2.518625      2.138106      0.000426    -11.657156
      2.518750      2.248206      0.000209    -11.767165
      2.518875      2.198725      0.000257    -11.717856
      2.519000      2.171999      0.000680    -11.691679
      2.519125      0.367299      0.002316     -9.888740
      2.519250      1.560046     -0.029708    -11.049589
      2.519375      2.217964      0.001386    -11.738726
      2.519500      2.257679     -0.000592    -11.776587
      2.519625      2.208990      0.000657    -11.729271
      2.519750      2.237694      0.002834    -11.760278
      2.519875      2.201477      0.000973    -11.722325
      2.520000      2.272312      0.000999    -11.793312
      2.520125      2.201293      0.000354    -11.721771
      2.520250      2.266638     -0.000960    -11.785928
      2.520375      2.237921     -0.000722    -11.757574
      2.520500      2.220131      0.000036    -11.740668
      2.520625      2.186812      0.000707    -11.708143
      2.520750      2.185686      0.002325    -11.708761
      2.520875      2.240082     -0.000074    -11.760883
      2.521000      2.212108     -0.000108    -11.733000
      2.521125      2.182141     -0.000437    -11.702829
      2.521250      2.205159     -0.001754    -11.724655
      2.521375      2.202553     -0.000806    -11.723122
      2.521500      2.201641      0.000295    -11.723437
      2.521625      2.117262     -0.000415    -11.638471
      2.521750      2.219649     -0.001175    -11.740224
      2.521875      2.161202      0.002550    -11.685626
      2.522000      2.151547     -0.000350    -11.673197
      2.522125      2.154959      0.000643    -11.677727
      2.522250      2.210966      0.002492    -11.735708
      2.522375      2.184362     -0.001630    -11.705107
      2.522500      2.124847      0.000563    -11.647910
      2.522625      2.160155      0.000761    -11.683541
      2.522750      2.227809      0.000073    -11.750631
      2.522875      2.213494     -0.000610    -11.735759
      2.523000      2.264014     -0.001540    -11.785473
      2.523125      2.194531     -0.002086    -11.715570
      2.523250      2.161605     -0.001244    -11.683610
      2.523375      2.173439      0.001969    -11.698783
      2.523500      2.221963      0.000789    -11.746252
      2.523625      2.212762     -0.000058    -11.736329
      2.523750      2.210897      0.001407    -11.736054
      2.523875      2.272007      0.000242    -11.796124
      2.524000      2.131839      0.000492    -11.656331
      2.524125      2.206093     -0.000848    -11.729371
      2.524250      2.090218     -0.000881    -11.613586
      2.524375      0.002399     -0.887059     -8.639715
      2.524500      2.127840     -0.002482    -11.649858
      2.524625      2.250728      0.002090    -11.777443
      2.524750      2.174625     -0.000208    -11.699167
      2.524875      2.266254      0.000345    -11.791474
      2.525000      2.268146     -0.001247    -11.791899
      2.525125      2.280228     -0.000809    -11.804544
      2.525250      2.317778     -0.000844    -11.842184
      2.525375      2.170996     -0.000239    -11.696131
      2.525500      2.311001     -0.000081    -11.836420
      2.525625      2.261459     -0.000408    -11.786676
      2.525750      2.223885      0.002026    -11.751661
      2.525875      2.282734     -0.000823    -11.807786
      2.526000      2.207326      0.002515    -11.735841
      2.526125      2.225182      0.001631    -11.752938
      2.526250      2.266917     -0.000702    -11.792465
      2.526375      2.268389      0.000390    -11.795153
      2.526500      2.253809     -0.000176    -11.780134
      2.526625      2.172452      0.000239    -11.699316
      2.526750      2.043090     -0.000336    -11.569505
      2.526875      2.310991     -0.001341    -11.836525
      2.527000      2.356319     -0.001007    -11.882311
      2.527125      2.277452     -0.000662    -11.803915
      2.527250      2.256857     -0.002284    -11.781823
      2.527375      2.246147     -0.000222    -11.773300
      2.527500      2.300329     -0.000179    -11.827650
      2.527625      2.260303     -0.001256    -11.786672
      2.527750      2.278878     -0.000237    -11.806391
      2.527875      2.255829      0.000574    -11.784278
      2.528000      2.308315      0.000507    -11.836822
      2.528125      2.287681      0.003586    -11.819392
      2.528250      2.291701      0.001099    -11.821050
      2.528375      2.299439      0.002370    -11.830184
      2.528500      2.252782      0.001782    -11.783064
      2.528625      2.248415      0.000354    -11.777394
      2.528750      2.295856      0.000126    -11.824732
      2.528875      2.272530      0.000650    -11.802055
      2.529000      2.276338      0.001423    -11.806761
      2.529125      2.269651     -0.000382    -11.798393
      2.529250      2.343482     -0.002449    -11.870283
      2.529375      2.305857     -0.000189    -11.835043
      2.529500      2.301252      0.000578    -11.831330
      2.529625      2.329823     -0.000934    -11.858514
      2.529750      2.313123      0.000020    -11.842893
      2.529875      2.286029     -0.001241    -11.814663
      2.530000      2.220570     -0.002751    -11.747820
      2.530125      2.307352      0.000343    -11.837820
      2.530250      2.298487     -0.000003    -11.828734
      2.530375      2.330049      0.002454    -11.862878
      2.530500      2.300640      0.000398    -11.831538
      2.530625      2.236272      0.001005    -11.767901
      2.530750      2.284157     -0.000502    -11.814404
      2.530875      2.339845      0.001264    -11.871984
      2.531000      2.289335     -0.000470    -11.819865
      2.531125      2.306037      0.000753    -11.837915
      2.531250      2.277287     -0.000597    -11.807940
      2.531375      2.308344      0.003390    -11.843108
      2.531500      2.293033      0.001372    -11.825905
      2.531625      2.286025     -0.001390    -11.816259
      2.531750      2.328200     -0.000144    -11.859806
      2.531875      2.287716     -0.005474    -11.814117
      2.532000      2.294126     -0.001020    -11.825106
      2.532125      2.319366     -0.000530    -11.850960
      2.532250      2.326173     -0.000408    -11.858015
      2.532375      2.322412      0.000281    -11.855068
      2.532500      2.281521     -0.000308    -11.813713
      2.532625      2.276303      0.000252    -11.809181
      2.532750      2.291716      0.000753    -11.825219
      2.532875      2.329001     -0.000195    -11.861680
      2.533000      2.294604     -0.000027    -11.827577
      2.533125      2.330480     -0.001104    -11.862501
      2.533250      2.264036      0.002125    -11.799411
      2.533375      2.307902      0.000422    -11.841700
      2.533500      2.331191      0.000075    -11.864765
      2.533625      2.285910      0.001035    -11.820570
      2.533750      2.250743      0.000608    -11.785101
      2.533875      2.333523     -0.000489    -11.866909
      2.534000      2.278105     -0.000038    -11.812067
      2.534125      2.274048     -0.000819    -11.807354
      2.534250      2.266512      0.000038    -11.800799
      2.534375      2.302426      0.000256    -11.837057
      2.534500      2.263355     -0.000290    -11.797565
      2.534625      2.289441     -0.000922    -11.823145
      2.534750      2.350513     -0.001335    -11.883928
      2.534875      2.291453     -0.001072    -11.825256
      2.535000      2.274869     -0.001383    -11.808486
      2.535125      2.319499      0.000265    -11.854890
      2.535250      2.314953      0.000375    -11.850579
      2.535375      2.290129      0.000077    -11.825581
      2.535500      2.333173      0.001607    -11.870280
      2.535625      2.340350     -0.002536    -11.873439
      2.535750      2.304363      0.001805    -11.841918
      2.535875      2.338513     -0.000801    -11.873588
      2.536000      2.359824      0.000937    -11.896761
      2.536125      2.341906      0.000594    -11.878625
      2.536250      2.315802     -0.001987    -11.850065
      2.536375      2.305577      0.000707    -11.842660
      2.536500      2.255981     -0.000564    -11.791917
      2.536625      2.265514     -0.000598    -11.801541
      2.536750      2.298709      0.000214    -11.835673
      2.536875      2.285183     -0.000412    -11.821645
      2.537000      2.271973     -0.000422    -11.808551
      2.537125      2.298036      0.000780    -11.835941
      2.537250      2.297562     -0.000300    -11.834513
      2.537375      2.270195     -0.000031    -11.807539
      2.537500      2.324744     -0.000966    -11.861278
      2.537625      2.291300     -0.000612    -11.828313
      2.537750      2.345806      0.000289    -11.883844
      2.537875      2.346371     -0.000349    -11.883896
      2.538000      2.317000     -0.001087    -11.853912
      2.538125      2.299785     -0.001188    -11.836722
      2.538250      2.317253     -0.000135    -11.855368
      2.538375      2.350229     -0.000491    -11.888113
      2.538500      2.374629      0.002469    -11.915599
      2.538625      2.290338      0.000414    -11.829378
      2.538750      2.309001      0.000119    -11.847871
      2.538875      2.332555      0.001082    -11.872512
      2.539000      2.351272      0.000772    -11.891044
      2.539125      2.338815     -0.000754    -11.877186
      2.539250      2.358727      0.000247    -11.898224
      2.539375      2.338988      0.000136    -11.878498
      2.539500      2.351375     -0.000277    -11.890597
      2.539625      2.324571      0.000953    -11.865150
      2.539750      2.349349      0.001555    -11.890654
      2.539875      2.363246     -0.000387    -11.902734
      2.540000      2.350265      0.000035    -11.890300
      2.540125      2.360843      0.000807    -11.901774
      2.540250      2.259078     -0.000511    -11.798817
      2.540375      2.347546     -0.000210    -11.887712
      2.540500      2.314878     -0.001480    -11.853898
      2.540625      2.335126     -0.001336    -11.874415
      2.540750      2.317588      0.000311    -11.858649
      2.540875      2.351379      0.000106    -11.892360
      2.541000      2.326376     -0.001304    -11.866072
      2.541125      2.402209      0.000373    -11.943707
      2.541250      2.350719     -0.000593    -11.891376
      2.541375      2.310554     -0.000490    -11.851440
      2.541500      2.356876      0.001941    -11.900317
      2.541625      2.289018     -0.001298    -11.829345
      2.541750      2.353649     -0.001362    -11.894038
      2.541875      2.313884      0.000655    -11.856414
      2.542000      2.339753     -0.002010    -11.879742
      2.542125      2.372509     -0.000111    -11.914523
      2.542250      2.322742     -0.000523    -11.864469
      2.542375      2.325727      0.003065    -11.871167
      2.542500      2.314364      0.000729    -11.857593
      2.542625      2.362754      0.001854    -11.907232
      2.542750      2.332741     -0.000139    -11.875351
      2.542875      2.326976     -0.002938    -11.866913
      2.543000      2.363962      0.000034    -11.906996
      2.543125      2.302875      0.001121    -11.847120
      2.543250      2.308074     -0.000218    -11.851106
      2.543375      2.308910      0.000354    -11.852639
      2.543500      2.350228      0.001109    -11.894837
      2.543625      2.338092      0.001867    -11.883584
      2.543750      2.335917      0.000120    -11.879787
      2.543875      2.313022      0.003993    -11.860890
      2.544000      2.361309      0.000309    -11.905618
      2.544125      2.288343      0.000261    -11.832729
      2.544250      2.367776     -0.000281    -11.911745
      2.544375      2.313823     -0.001845    -11.856353
      2.544500      2.325773     -0.000409    -11.869864
      2.544625      2.324491     -0.001667    -11.867449
      2.544750      2.374287     -0.003610    -11.915428
      2.544875      2.302245      0.000433    -11.847553
      2.545000      2.345682      0.000480    -11.891162
      2.545125      2.331906     -0.001363    -11.875668
      2.545250      2.319053      0.000028    -11.864331
      2.545375      2.316279     -0.000136    -11.861518
      2.545500      2.356398      0.000684    -11.902582
      2.545625      2.355979     -0.000494    -11.901110
      2.545750      2.306398      0.000947    -11.853095
      2.545875      2.328922      0.000164    -11.874961
      2.546000      2.354440      0.002186    -11.902626
      2.546125      2.319281      0.000468    -11.865874
      2.546250      2.317239     -0.001974    -11.861516
      2.546375      2.374426     -0.001455    -11.919346
      2.546500      2.387479     -0.000754    -11.933226
      2.546625      2.344194     -0.000845    -11.889974
      2.546750      2.375614      0.000306    -11.922670
      2.546875      2.342883     -0.000485    -11.889273
      2.547000      2.287429      0.001434    -11.835863
      2.547125      2.319884     -0.000725    -11.866285
      2.547250      2.318919     -0.003209    -11.862959
      2.547375      2.339548     -0.000353    -11.886570
      2.547500      2.348519      0.000257    -11.896276
      2.547625      2.325661     -0.000151    -11.873136
      2.547750      2.340079     -0.000528    -11.887301
      2.547875      2.330539     -0.001854    -11.876560
      2.548000      2.314339      0.000582    -11.862921
      2.548125      2.367571      0.000010    -11.915706
      2.548250      2.380776     -0.000052    -11.928975
      2.548375      2.370547      0.002381    -11.921302
      2.548500      2.357686     -0.000183    -11.906003
      2.548625      2.296314      0.001100    -11.846040
      2.548750      2.315667     -0.000536    -11.863881
      2.548875      2.364684      0.001542    -11.915101
      2.549000      2.345386      0.001162    -11.895548
      2.549125      2.264222      0.002943    -11.816290
      2.549250      2.236685     -0.002607    -11.783328
      2.549375      2.287019      0.000092    -11.836486
      2.549500      2.361413      0.000544    -11.911457
      2.549625      2.270875      0.000904    -11.821404
      2.549750      2.325919      0.001714    -11.877383
      2.549875      2.312319      0.003302    -11.865496
      2.550000      2.336478     -0.001108    -11.885370
      2.550125      2.309426     -0.001016    -11.858535
      2.550250      2.299738     -0.000680    -11.849307
      2.550375      2.313115     -0.000009    -11.863481
      2.550500      2.327254     -0.002815    -11.874939
      2.550625      2.300495     -0.000385    -11.850735
      2.550750      2.333164     -0.000662    -11.883252
      2.550875      2.308144      0.001698    -11.860717
      2.551000      2.303672     -0.002281    -11.852392
      2.551125      2.317440      0.000998    -11.869562
      2.551250      2.349322     -0.000348    -11.900224
      2.551375      2.351260      0.001324    -11.903959
      2.551500      2.276879      0.002616    -11.830995
      2.551625      2.285106      0.000780    -11.837511
      2.551750      2.275654     -0.001229    -11.826174
      2.551875      2.346230     -0.000416    -11.897688
      2.552000      2.309192      0.002226    -11.863418
      2.552125      2.278228     -0.001471    -11.828882
      2.552250      2.283505     -0.001763    -11.833992
      2.552375      2.367811     -0.000495    -11.919691
      2.552500      2.307518      0.000015    -11.860033
      2.552625      2.333661     -0.001934    -11.884352
      2.552750      2.283978      0.001787    -11.838516
      2.552875      2.260968      0.001614    -11.815457
      2.553000      2.303607      0.000940    -11.857547
      2.553125      2.313116     -0.001401    -11.864840
      2.553250      2.307812     -0.001259    -11.859803
      2.553375      2.313095      0.000766    -11.867236
      2.553500      2.327061      0.000353    -11.880914
      2.553625      2.295810      0.000198    -11.849633
      2.553750      2.285141      0.003102    -11.841993
      2.553875      2.337321      0.001271    -11.892467
      2.554000      2.346862      0.000947    -11.901809
      2.554125      2.233331     -0.000535    -11.786921
      2.554250      2.278092     -0.001427    -11.830916
      2.554375      2.317012     -0.000129    -11.871258
      2.554500      2.291156      0.000969    -11.846625
      2.554625      2.306812      0.000215    -11.861652
      2.554750      2.300383     -0.000494    -11.854639
      2.554875      2.286087     -0.000590    -11.840372
      2.555000      2.315149     -0.001966    -11.868183
      2.555125      2.303907     -0.001498    -11.857534
      2.555250      2.296909     -0.000221    -11.851938
      2.555375      2.304320     -0.000194    -11.859501
      2.555500      2.254855     -0.000236    -11.810120
      2.555625      2.288879     -0.000862    -11.843642
      2.555750      2.286998      0.001367    -11.844115
      2.555875      2.296542      0.001988    -11.854406
      2.556000      2.299040     -0.000770    -11.854269
      2.556125      2.336210      0.000614    -11.892950
      2.556250      2.264980     -0.001722    -11.819508
      2.556375      2.281155     -0.002809    -11.834721
      2.556500      2.293867      0.000715    -11.851082
      2.556625      2.274520      0.001425    -11.832570
      2.556750      2.270429      0.000780    -11.827959
      2.556875      2.301570      0.000053    -11.858498
      2.557000      2.244057     -0.002142    -11.798914
      2.557125      2.235222      0.002027    -11.794375
      2.557250      2.219171      0.001704    -11.778125
      2.557375      2.246402     -0.000339    -11.803439
      2.557500      2.236844      0.000311    -11.794654
      2.557625      2.260374     -0.000578    -11.817421
      2.557750      2.290519      0.000911    -11.849181
      2.557875      2.211524      0.000134    -11.769533
      2.558000      2.253963      0.001053    -11.813016
      2.558125      2.282518     -0.001906    -11.838736
      2.558250      2.210464     -0.001730    -11.766983
      2.558375      2.243486     -0.001232    -11.800630
      2.558500      2.233403      0.002670    -11.794573
      2.558625      2.266387      0.000033    -11.825045
      2.558750      2.262736     -0.000748    -11.820738
      2.558875      2.285425      0.001759    -11.846059
      2.559000      2.233263      0.001087    -11.793350
      2.559125      2.307218     -0.000095    -11.866248
      2.559250      2.241466     -0.000915    -11.799801
      2.559375      2.304005      0.002352    -11.865732
      2.559500      2.294798     -0.000586    -11.853713
      2.559625      2.306986     -0.000712    -11.865899
      2.559750      2.314995     -0.000847    -11.873898
      2.559875      2.261472      0.002586    -11.823933
      2.560000      2.229859      0.002697    -11.792556
      2.560125      2.284984      0.000918    -11.846027
      2.560250      2.245448      0.000324    -11.806023
      2.560375      2.264956      0.000821    -11.826152
      2.560500      2.276679     -0.004721    -11.832458
      2.560625      2.246585     -0.000665    -11.806545
      2.560750      2.310683     -0.002419    -11.869015
      2.560875      2.265497     -0.000580    -11.825792
      2.561000      2.227183     -0.000892    -11.787291
      2.561125      2.274526     -0.001926    -11.833726
      2.561250      2.211346      0.000399    -11.772995
      2.561375      2.225567     -0.000084    -11.786858
      2.561500      2.230186      0.000387    -11.792073
      2.561625      2.227248     -0.004743    -11.784129
      2.561750      2.264093      0.000153    -11.825996
      2.561875      2.230440      0.000506    -11.792821
      2.562000      2.248376      0.000222    -11.810598
      2.562125      2.236493     -0.003310    -11.795308
      2.562250      2.277498     -0.000065    -11.839684
      2.562375      2.218833     -0.000636    -11.780572
      2.562500      2.182652      0.000226    -11.745378
      2.562625      2.257783     -0.001040    -11.819367
      2.562750      2.205756      0.000127    -11.768633
      2.562875      2.230049      0.000964    -11.793887
      2.563000      2.264206     -0.001338    -11.825867
      2.563125      2.153364     -0.000536    -11.715952
      2.563250      2.203071      0.000801    -11.767122
      2.563375      2.265545     -0.001316    -11.827604
      2.563500      2.217103     -0.000029    -11.780574
      2.563625      2.269598      0.000562    -11.833784
      2.563750      2.200815      0.001396    -11.765960
      2.563875      2.199233      0.000078    -11.763186
      2.564000      2.153589     -0.003229    -11.714360
      2.564125      2.246735      0.000557    -11.811418
      2.564250      2.202863     -0.001129    -11.765984
      2.564375      2.247903     -0.000692    -11.811586
      2.564500      2.246910      0.000155    -11.811565
      2.564625      2.239259     -0.001193    -11.802691
      2.564750      2.215294      0.001499    -11.781543
      2.564875      2.205671     -0.000244    -11.770302
      2.565000      2.229704     -0.001676    -11.793028
      2.565125      2.192368     -0.000389    -11.757104
      2.565250      2.199653      0.000041    -11.764944
      2.565375      2.214552     -0.002305    -11.777623
      2.565500      2.220583      0.001408    -11.787491
      2.565625      2.206254      0.000792    -11.772671
      2.565750      2.240368      0.000530    -11.806648
      2.565875      2.232431      0.000137    -11.798442
      2.566000      2.238844      0.000018    -11.804862
      2.566125      2.221469      0.000720    -11.788314
      2.566250      2.212778     -0.000080    -11.778948
      2.566375      2.161538     -0.001990    -11.725923
      2.566500      2.225348      0.000161    -11.792009
      2.566625      2.245413     -0.000888    -11.811150
      2.566750      2.173101      0.000052    -11.739903
      2.566875      2.167295     -0.000945    -11.733225
      2.567000      2.196778     -0.000807    -11.762971
      2.567125      2.252716     -0.002726    -11.817114
      2.567250      2.166732      0.000742    -11.734724
      2.567375      2.247634      0.001628    -11.816636
      2.567500      2.266596      0.000138    -11.834234
      2.567625      2.237800     -0.000239    -11.805186
      2.567750      2.211251     -0.000364    -11.778637
      2.567875      2.140275     -0.003201    -11.704949
      2.568000      2.180841     -0.000030    -11.748811
      2.568125      2.223128      0.002088    -11.793341
      2.568250      2.204841      0.000314    -11.773405
      2.568375      2.206411      0.000844    -11.775630
      2.568500      2.196548      0.002200    -11.767249
      2.568625      2.185350     -0.000609    -11.753366
      2.568750      2.231423      0.000693    -11.800866
      2.568875      2.246609     -0.000050    -11.815434
      2.569000      2.149135     -0.000087    -11.718048
      2.569125      2.224658      0.001324    -11.795108
      2.569250      2.181609     -0.000973    -11.749885
      2.569375      2.212796      0.000335    -11.782506
      2.569500      2.238867     -0.001892    -11.806475
      2.569625      2.273138      0.000024    -11.842788
      2.569750      2.228229     -0.000607    -11.797372
      2.569875      2.273778     -0.001236    -11.842417
      2.570000      2.244268      0.000939    -11.815206
      2.570125      2.155373      0.001112    -11.726610
      2.570250      2.241989     -0.002404    -11.809834
      2.570375      2.219713     -0.001166    -11.788922
      2.570500      2.218536     -0.002104    -11.786931
      2.570625      2.194719      0.000293    -11.765636
      2.570750      2.162987      0.000063    -11.733800
      2.570875      2.208494     -0.000259    -11.779110
      2.571000      2.279743     -0.002750    -11.847993
      2.571125      2.194034      0.000447    -11.765606
      2.571250      2.264815      0.000737    -11.836801
      2.571375      2.240715     -0.001908    -11.810182
      2.571500      2.202319      0.000064    -11.773883
      2.571625      2.277849     -0.000389    -11.849086
      2.571750      2.250840     -0.000265    -11.822326
      2.571875      2.243689      0.002160    -11.817724
      2.572000      2.245563     -0.000876    -11.816687
      2.572125      2.266744     -0.001383    -11.837486
      2.572250      2.218994     -0.000889    -11.790355
      2.572375      2.233687     -0.000452    -11.805610
      2.572500      2.258274     -0.000983    -11.829791
      2.572625      2.268741      0.000652    -11.842018
      2.572750      2.235808     -0.000009    -11.808549
      2.572875      2.243334     -0.000769    -11.815440
      2.573000      2.232489     -0.000828    -11.804660
      2.573125      2.234737     -0.002452    -11.805410
      2.573250      2.209401      0.003377    -11.786028
      2.573375      2.269123      0.000931    -11.843429
      2.573500      2.224360      0.000591    -11.798452
      2.573625      2.249362     -0.001436    -11.821551
      2.573750      2.217300     -0.000941    -11.790110
      2.573875      2.252346     -0.001837    -11.824383
      2.574000      2.298059     -0.000942    -11.871117
      2.574125      2.270038      0.000132    -11.844295
      2.574250      2.289226      0.005353    -11.868829
      2.574375      2.239437      0.002217    -11.816029
      2.574500      2.295549     -0.001009    -11.869041
      2.574625      2.268015     -0.000643    -11.841997
      2.574750      2.328090     -0.000300    -11.902540
      2.574875      2.269136     -0.000220    -11.843790
      2.575000      2.241144     -0.000307    -11.815837
      2.575125      2.251742     -0.001924    -11.824944
      2.575250      2.193122     -0.000865    -11.767507
      2.575375      2.241603      0.000404    -11.817382
      2.575500      2.243101      0.000535    -11.819137
      2.575625      2.271268      0.000655    -11.847548
      2.575750      2.305031     -0.000304    -11.880477
      2.575875      2.302197      0.001366    -11.879438
      2.576000      2.176563      0.001000    -11.753563
      2.576125      2.257497      0.000880    -11.834502
      2.576250      2.250206     -0.000661    -11.825795
      2.576375      2.284615      0.001304    -11.862294
      2.576500      2.272441      0.001400    -11.850341
      2.576625      2.326870     -0.000161    -11.903334
      2.576750      2.311609      0.000247    -11.888606
      2.576875      2.308664      0.001914    -11.887453
      2.577000      2.273945      0.001776    -11.852721
      2.577125      2.284834     -0.000566    -11.861392
      2.577250      2.279558     -0.000778    -11.856030
      2.577375      2.290128      0.001264    -11.868768
      2.577500      2.228787      0.000290    -11.806577
      2.577625      2.295301     -0.001020    -11.871906
      2.577750      2.261026      0.000030    -11.838805
      2.577875      2.272871     -0.000212    -11.850534
      2.578000      2.268121      0.000676    -11.846797
      2.578125      2.233824      0.000568    -11.812517
      2.578250      2.229669     -0.000433    -11.807486
      2.578375      2.226470     -0.002470    -11.802375
      2.578500      2.262434      0.000592    -11.841526
      2.578625      2.250172      0.000149    -11.828946
      2.578750      2.278444     -0.001612    -11.855582
      2.578875      2.289546      0.000968    -11.869388
      2.579000      2.284341      0.001064    -11.864405
      2.579125      2.246133     -0.000148    -11.825110
      2.579250      2.242370      0.000127    -11.821747
      2.579375      2.288274     -0.001244    -11.866405
      2.579500      2.282304     -0.000796    -11.861008
      2.579625      2.291282     -0.000475    -11.870432
      2.579750      2.236955      0.000935    -11.817640
      2.579875      2.255110      0.001234    -11.836220
      2.580000      2.252450      0.000630    -11.833080
      2.580125      2.238583      0.000314    -11.819022
      2.580250      2.299172     -0.000625    -11.878796
      2.580375      2.292447     -0.000136    -11.872686
      2.580500      2.238407      0.000761    -11.819669
      2.580625      2.306444     -0.000567    -11.886502
      2.580750      2.247679      0.000620    -11.829048
      2.580875      2.250210      0.001261    -11.832345
      2.581000      2.309986     -0.000159    -11.890827
      2.581125      2.278612      0.002071    -11.861809
      2.581250      2.304824      0.000723    -11.886797
      2.581375      2.242894     -0.000306    -11.823963
      2.581500      2.247907      0.000236    -11.829643
      2.581625      2.259405      0.001909    -11.842940
      2.581750      2.277711     -0.001217    -11.858245
      2.581875      2.240829     -0.000215    -11.822489
      2.582000      2.319017      0.001855    -11.902872
      2.582125      2.222531      0.001975    -11.806631
      2.582250      2.194587      0.002761    -11.779599
      2.582375      2.226646      0.000708    -11.809728
      2.582500      2.267904      0.001874    -11.852278
      2.582625      2.228709      0.000531    -11.811865
      2.582750      2.228073      0.000718    -11.811541
      2.582875      2.247062     -0.001600    -11.828337
      2.583000      2.233782      0.001013    -11.817795
      2.583125      2.245216      0.000304    -11.828645
      2.583250      2.205834      0.001170    -11.790255
      2.583375      2.229202     -0.000883    -11.811694
      2.583500      2.241312      0.001252    -11.826064
      2.583625      2.255010      0.000447    -11.839082
      2.583750      2.230127     -0.000565    -11.813312
      2.583875      2.237234      0.000170    -11.821278
      2.584000      2.185017     -0.000702    -11.768315
      2.584125      2.242128     -0.001140    -11.825113
      2.584250      2.225280      0.002387    -11.811917
      2.584375      2.235041     -0.001448    -11.817968
      2.584500      2.260974      0.001478    -11.846952
      2.584625      2.212981      0.001008    -11.798614
      2.584750      2.181195      0.000021    -11.765966
      2.584875      2.233419      0.000038    -11.818332
      2.585000      2.205847      0.000913    -11.791760
      2.585125      2.206514     -0.002206    -11.789433
      2.585250      2.195079      0.000262    -11.780591
      2.585375      2.171187     -0.002763    -11.753800
      2.585500      2.191881      0.000758    -11.778138
      2.585625      2.177001      0.000469    -11.763095
      2.585750      2.190550     -0.001559    -11.774740
      2.585875      2.145039     -0.000862    -11.730052
      2.586000      2.257032      0.000107    -11.843139
      2.586125      2.194631      0.000487    -11.781242
      2.586250      2.183240     -0.004657    -11.764834
      2.586375      2.187027      0.000692    -11.774093
      2.586500      2.210510      0.000464    -11.797475
      2.586625      2.191150     -0.001313    -11.776461
      2.586750      2.205085     -0.002533    -11.789302
      2.586875      2.191057     -0.000279    -11.777653
      2.587000      2.242879     -0.000973    -11.828906
      2.587125      2.162996      0.001212    -11.751334
      2.587250      2.261713     -0.000547    -11.848416
      2.587375      2.230218      0.000404    -11.817997
      2.587500      2.182010      0.000440    -11.769950
      2.587625      2.168783     -0.001358    -11.755050
      2.587750      2.197200      0.000189    -11.785139
      2.587875      2.211500     -0.000037    -11.799338
      2.588000      2.252838      0.000435    -11.841273
      2.588125      2.180439      0.000061    -11.768626
      2.588250      2.135767     -0.002366    -11.721651
      2.588375      2.208879      0.000427    -11.797681
      2.588500      2.188752      0.000264    -11.777516
      2.588625      2.189315      0.000796    -11.778736
      2.588750      2.180615     -0.001872    -11.767493
      2.588875      2.224878      0.000144    -11.813897
      2.589000      2.198042     -0.001118    -11.785924
      2.589125      2.175841     -0.000085    -11.764881
      2.589250      2.180034     -0.000006    -11.769279
      2.589375      2.177196      0.000383    -11.766954
      2.589500      2.179897      0.001245    -11.770642
      2.589625      2.200468      0.002024    -11.792117
      2.589750      2.189434      0.000854    -11.780038
      2.589875      2.172486     -0.000032    -11.762329
      2.590000      2.170485     -0.000789    -11.759696
      2.590125      2.148906     -0.001726    -11.737305
      2.590250      2.163647     -0.000485    -11.753412
      2.590375      2.200730     -0.000597    -11.790508
      2.590500      2.225171     -0.000409    -11.815262
      2.590625      2.177924      0.000682    -11.769231
      2.590750      2.183714      0.000634    -11.775097
      2.590875      2.197955      0.000933    -11.789763
      2.591000      2.237658     -0.000843    -11.827815
      2.591125      2.178354      0.000935    -11.770414
      2.591250      2.165391      0.000518    -11.757159
      2.591375      2.149380      0.000165    -11.740920
      2.591500      2.162402     -0.000239    -11.753663
      2.591625      2.202181     -0.001021    -11.792785
      2.591750      2.262731      0.001836    -11.856317
      2.591875      2.157980     -0.000500    -11.749355
      2.592000      2.119470     -0.000279    -11.711192
      2.592125      2.204814     -0.001522    -11.795418
      2.592250      2.155626      0.000829    -11.748705
      2.592375      2.173746     -0.002185    -11.763936
      2.592500      2.205493     -0.000421    -11.797572
      2.592625      2.173791     -0.001114    -11.765301
      2.592750      2.187477     -0.001063    -11.779164
      2.592875      2.235969      0.002616    -11.831461
      2.593000      2.151739      0.000660    -11.745398
      2.593125      2.131116      0.002489    -11.726730
      2.593250      2.261958      0.000147    -11.855355
      2.593375      2.225803     -0.001343    -11.817835
      2.593500      2.186680      0.000036    -11.780216
      2.593625      2.234333      0.001019    -11.828977
      2.593750      2.166070      0.001172    -11.760992
      2.593875      2.145504     -0.001194    -11.738186
      2.594000      2.148467      0.000749    -11.743216
      2.594125      2.198918      0.000637    -11.793680
      2.594250      2.183002      0.001705    -11.778957
      2.594375      2.203530     -0.000860    -11.797045
      2.594500      2.192720     -0.001072    -11.786148
      2.594625      2.164280      0.001813    -11.760718
      2.594750      2.190494      0.000619    -11.785863
      2.594875      2.114455     -0.001573    -11.707757
      2.595000      2.179068     -0.000581    -11.773487
      2.595125      2.206848      0.001225    -11.803198
      2.595250      2.156509      0.001788    -11.753546
      2.595375      2.154564     -0.001712    -11.748227
      2.595500      2.185291      0.002393    -11.783184
      2.595625      2.214049      0.001105    -11.810779
      2.595750      2.203848      0.000255    -11.799853
      2.595875      2.142845      0.000435    -11.739155
      2.596000      2.180765     -0.002059    -11.774706
      2.596125      2.206171      0.002083    -11.804378
      2.596250      2.201797     -0.000835    -11.797211
      2.596375      2.211816      0.001200    -11.809391
      2.596500      2.189915      0.000488    -11.786903
      2.596625      2.182898      0.001360    -11.780883
      2.596750      2.213401     -0.001559    -11.808592
      2.596875      2.207144      0.000710    -11.804729
      2.597000      2.204412      0.000707    -11.802119
      2.597125      2.198377      0.000063    -11.795566
      2.597250      2.221568     -0.000047    -11.818771
      2.597375      2.231947      0.000505    -11.829826
      2.597500      2.204012      0.000494    -11.802006
      2.597625      2.165854      0.000440    -11.763919
      2.597750      2.188920     -0.000436    -11.786235
      2.597875      2.226041     -0.001290    -11.822626
      2.598000      2.225183     -0.000040    -11.823143
      2.598125      2.199225     -0.000099    -11.797251
      2.598250      2.275189     -0.000793    -11.872646
      2.598375      2.218644     -0.002613    -11.814406
      2.598500      2.207685      0.000639    -11.806824
      2.598625      2.233134      0.000696    -11.832455
      2.598750      2.124143      0.001701    -11.724594
      2.598875      2.172634      0.001637    -11.773146
      2.599000      2.234352     -0.001138    -11.832214
      2.599125      2.210715     -0.001002    -11.808838
      2.599250      2.195980      0.000169    -11.795399
      2.599375      2.222212      0.001022    -11.822608
      2.599500      2.208080     -0.000206    -11.807375
      2.599625      2.170605     -0.001270    -11.768960
      2.599750      2.125456     -0.000305    -11.724901
      2.599875      2.155731      0.000720    -11.756327
      2.600000      2.197563     -0.000748    -11.796815
      2.600125      2.190982     -0.001908    -11.789199
      2.600250      2.225869     -0.001009    -11.825109
      2.600375      2.203199      0.001843    -11.805417
      2.600500      2.176856      0.001007    -11.778362
      2.600625      2.217495     -0.003631    -11.814489
      2.600750      2.192652     -0.001898    -11.791504
      2.600875      2.179352     -0.001488    -11.778738
      2.601000      2.238411      0.000635    -11.840046
      2.601125      2.172093     -0.000052    -11.773166
      2.601250      2.216937      0.000888    -11.819075
      2.601375      2.197109     -0.000291    -11.798194
      2.601500      2.234685      0.001134    -11.837319
      2.601625      2.223333      0.000179    -11.825137
      2.601750      2.232988     -0.001378    -11.833360
      2.601875      2.193472     -0.000548    -11.794799
      2.602000      2.169370     -0.001700    -11.769670
      2.602125      2.201869     -0.001533    -11.802462
      2.602250      2.201856     -0.000784    -11.803322
      2.602375      2.152453      0.000827    -11.755656
      2.602500      2.239599     -0.000339    -11.841760
      2.602625      2.186315     -0.002110    -11.786830
      2.602750      2.183876     -0.000226    -11.786400
      2.602875      2.203046      0.000359    -11.806281
      2.603000      2.215471     -0.000059    -11.818413
      2.603125      2.170574      0.001073    -11.774771
      2.603250      2.229275     -0.000710    -11.831815
      2.603375      2.232505     -0.000717    -11.835163
      2.603500      2.241245      0.000023    -11.844768
      2.603625      2.244307     -0.000740    -11.847192
      2.603750      2.223610      0.000535    -11.827895
      2.603875      2.271708      0.001206    -11.876788
      2.604000      2.202837      0.001512    -11.808349
      2.604125      2.247316     -0.000824    -11.850617
      2.604250      2.260931     -0.000337    -11.864845
      2.604375      2.233283      0.001234    -11.838892
      2.604500      2.242214     -0.002204    -11.844510
      2.604625      2.264016     -0.001976    -11.866664
      2.604750      2.247109     -0.000072    -11.851787
      2.604875      2.190255     -0.000548    -11.794582
      2.605000      2.215246      0.001002    -11.821248
      2.605125      2.200308      0.000619    -11.806053
      2.605250      2.205579      0.001300    -11.812128
      2.605375      2.243245     -0.001960    -11.846660
      2.605500      2.253236      0.000847    -11.859583
      2.605625      2.264615      0.000669    -11.870909
      2.605750      2.248656     -0.003346    -11.851060
      2.605875      2.237407     -0.000313    -11.842970
      2.606000      2.246597     -0.000752    -11.851846
      2.606125      2.240151      0.000607    -11.846883
      2.606250      2.193731     -0.000120    -11.799861
      2.606375      2.271264      0.001321    -11.878961
      2.606500      2.237780     -0.001424    -11.842857
      2.606625      2.233104      0.001617    -11.841346
      2.606750      2.265544      0.000117    -11.872412
      2.606875      2.263065      0.001554    -11.871494
      2.607000      2.273266      0.000905    -11.881170
      2.607125      2.244767      0.001609    -11.853501
      2.607250      2.249693     -0.001344    -11.855599
      2.607375      2.254525     -0.000186    -11.861714
      2.607500      2.249597      0.000423    -11.857521
      2.607625      2.274154     -0.001027    -11.880753
      2.607750      2.220512     -0.001949    -11.826313
      2.607875      2.229818     -0.000642    -11.837051
      2.608000      2.228924      0.000933    -11.837856
      2.608125      2.241154      0.000012    -11.849290
      2.608250      2.251126      0.001262    -11.860639
      2.608375      2.217260      0.000334    -11.825969
      2.608500      2.243563      0.000443    -11.852507
      2.608625      2.211581     -0.000060    -11.820146
      2.608750      2.292439     -0.001289    -11.899901
      2.608875      2.270053      0.001225    -11.880152
      2.609000      2.209517     -0.001703    -11.816813
      2.609125      2.282493     -0.002094    -11.889524
      2.609250      2.204684     -0.000517    -11.813417
      2.609375      2.262343     -0.001246    -11.870472
      2.609500      2.261145     -0.000841    -11.869804
      2.609625      2.248021      0.000336    -11.857982
      2.609750      2.227565      0.001299    -11.838614
      2.609875      2.236865      0.002344    -11.849084
      2.610000      2.212798     -0.000621    -11.822177
      2.610125      2.196502      0.000400    -11.807027
      2.610250      2.254835      0.000321    -11.865406
      2.610375      2.228731      0.001348    -11.840453
      2.610500      2.271104      0.000624    -11.882228
      2.610625      2.304607      0.000191    -11.915423
      2.610750      2.268893      0.001019    -11.880663
      2.610875      2.250393     -0.000160    -11.861108
      2.611000      2.260831      0.000033    -11.871863
      2.611125      2.320372     -0.000496    -11.931001
      2.611250      2.262149      0.000703    -11.874102
      2.611375      2.201717      0.000331    -11.813423
      2.611500      2.253132     -0.001135    -11.863497
      2.611625      2.224896      0.000454    -11.836975
      2.611750      2.268503      0.000819    -11.881073
      2.611875      2.266395     -0.000536    -11.877734
      2.612000      2.268906     -0.000706    -11.880200
      2.612125      2.257569     -0.000100    -11.869595
      2.612250      2.251110      0.000352    -11.863712
      2.612375      2.257270     -0.001436    -11.868208
      2.612500      2.243189      0.001915    -11.857604
      2.612625      2.269089      0.000359    -11.882073
      2.612750      2.258102      0.000139    -11.870991
      2.612875      2.247841     -0.000179    -11.860537
      2.613000      2.248887      0.000270    -11.862158
      2.613125      2.278106     -0.000545    -11.890686
      2.613250      2.274851      0.001502    -11.889603
      2.613375      2.247446      0.000355    -11.861176
      2.613500      2.247014     -0.001776    -11.858738
      2.613625      2.273422     -0.000099    -11.886948
      2.613750      2.297230      0.000520    -11.911500
      2.613875      2.232060      0.000422    -11.846357
      2.614000      2.257053      0.000391    -11.871445
      2.614125      2.212764     -0.004572    -11.822317
      2.614250      2.234871      0.000459    -11.849580
      2.614375      2.247487     -0.000351    -11.861511
      2.614500      2.244229     -0.000054    -11.858675
      2.614625      2.227648     -0.000680    -11.841593
      2.614750      2.239814     -0.000007    -11.854558
      2.614875      2.260466     -0.001256    -11.874085
      2.615000      2.203141     -0.003472    -11.814669
      2.615125      2.265464     -0.000828    -11.879761
      2.615250      2.244586      0.000500    -11.860336
      2.615375      2.238257     -0.000601    -11.853031
      2.615500      2.273407     -0.000195    -11.888712
      2.615625      2.250291     -0.000580    -11.865337
      2.615750      2.280811      0.000080    -11.896641
      2.615875      2.252438      0.000241    -11.868554
      2.616000      2.269037      0.000736    -11.885773
      2.616125      2.230141     -0.001164    -11.845102
      2.616250      2.259897      0.000066    -11.876214
      2.616375      2.319031      0.002875    -11.938281
      2.616500      2.305440      0.001392    -11.923331
      2.616625      2.238187     -0.001918    -11.852895
      2.616750      2.283308     -0.000354    -11.899704
      2.616875      2.261289     -0.000358    -11.877806
      2.617000      2.243936      0.000100    -11.861036
      2.617125      2.250642     -0.001203    -11.866564
      2.617250      2.244033      0.001793    -11.863076
      2.617375      2.256024     -0.001494    -11.871905
      2.617500      2.283389     -0.001404    -11.899485
      2.617625      2.289380     -0.000397    -11.906608
      2.617750      2.192774     -0.000446    -11.810078
      2.617875      2.277592     -0.002206    -11.893261
      2.618000      2.272457      0.000686    -11.891142
      2.618125      2.260949      0.001809    -11.880883
      2.618250      2.251045     -0.000658    -11.868637
      2.618375      2.259808      0.000821    -11.879004
      2.618500      2.264829      0.000905    -11.884234
      2.618625      2.138871     -0.000666    -11.756830
      2.618750      2.231285     -0.000173    -11.849862
      2.618875      2.252703     -0.005886    -11.865692
      2.619000      2.284886      0.000194    -11.904080
      2.619125      2.219857     -0.000284    -11.838698
      2.619250      2.295912     -0.001624    -11.913538
      2.619375      2.270319     -0.000347    -11.889347
      2.619500      2.297288     -0.001219    -11.915569
      2.619625      2.231676      0.002912    -11.854213
      2.619750      2.275831      0.000501    -11.896082
      2.619875      2.310721      0.000905    -11.931501
      2.620000      2.245550      0.000096    -11.865646
      2.620125      2.287803      0.001526    -11.909453
      2.620250      2.289011     -0.000894    -11.908367
      2.620375      2.270763      0.001154    -11.892293
      2.620500      2.306006     -0.000573    -11.925933
      2.620625      2.320261     -0.001327    -11.939559
      2.620750      2.289871     -0.000723    -11.909898
      2.620875      2.295628     -0.001117    -11.915385
      2.621000      2.266784      0.001898    -11.889682
      2.621125      2.248831      0.001837    -11.871793
      2.621250      2.320907     -0.002208    -11.939948
      2.621375      2.283642      0.002380    -11.907397
      2.621500      2.240444     -0.000326    -11.861618
      2.621625      2.237997      0.001950    -11.861573
      2.621750      2.271798     -0.000549    -11.892999
      2.621875      2.282851      0.000938    -11.905665
      2.622000      2.254343     -0.001641    -11.874702
      2.622125      2.265801     -0.000854    -11.887071
      2.622250      2.246208      0.003763    -11.872221
      2.622375      2.233627      0.000452    -11.856454
      2.622500      2.301010     -0.001194    -11.922316
      2.622625      2.286679     -0.002003    -11.907300
      2.622750      2.291829     -0.001107    -11.913472
      2.622875      2.278263     -0.001350    -11.899788
      2.623000      2.253281     -0.000278    -11.876003
      2.623125      2.287836     -0.000731    -11.910230
      2.623250      2.228224     -0.001241    -11.850233
      2.623375      2.289167     -0.000282    -11.912260
      2.623500      2.295380     -0.000632    -11.918248
      2.623625      2.266012     -0.001411    -11.888226
      2.623750      2.307754      0.001389    -11.932893
      2.623875      2.303715      0.000763    -11.928353
      2.624000      2.283959      0.004213    -11.912172
      2.624125      2.272432     -0.000718    -11.895839
      2.624250      2.280586      0.000526    -11.905362
      2.624375      2.328542      0.001183    -11.954100
      2.624500      2.263263     -0.000252    -11.887511
      2.624625      2.244922      0.000099    -11.869645
      2.624750      2.282791      0.000093    -11.907634
      2.624875      2.286326      0.000210    -11.911412
      2.625000      2.300348     -0.001713    -11.923635
      2.625125      2.226404      0.001947    -11.853476
      2.625250      2.283754      0.000426    -11.909429
      2.625375      2.221249      0.001019    -11.847643
      2.625500      2.257362     -0.001486    -11.881376
      2.625625      2.334357      0.002233    -11.962216
      2.625750      2.294772      0.000505    -11.921027
      2.625875      2.315605      0.001420    -11.942900
      2.626000      2.247246     -0.000842    -11.872404
      2.626125      2.241561     -0.001236    -11.866451
      2.626250      2.232797      0.000055    -11.859102
      2.626375      2.235465      0.001205    -11.863044
      2.626500      2.279785      0.000148    -11.906433
      2.626625      2.229239     -0.003242    -11.852622
      2.626750      2.218017     -0.004263    -11.840504
      2.626875      2.209956      0.000095    -11.836926
      2.627000      2.280194      0.001286    -11.908480
      2.627125      2.244003     -0.000051    -11.871077
      2.627250      2.302897     -0.000084    -11.930063
      2.627375      2.261678     -0.001609    -11.887444
      2.627500      2.263088      0.000425    -11.891013
      2.627625      2.271718     -0.000022    -11.899321
      2.627750      2.257193      0.000917    -11.885861
      2.627875      2.274788     -0.000537    -11.902127
      2.628000      2.267949      0.001160    -11.897110
      2.628125      2.235661     -0.000538    -11.863248
      2.628250      2.245187     -0.000186    -11.873251
      2.628375      2.326320     -0.000930    -11.953765
      2.628500      2.286498      0.003041    -11.918039
      2.628625      2.260787      0.000195    -11.889607
      2.628750      2.261684     -0.002911    -11.887523
      2.628875      2.287279     -0.000941    -11.915213
      2.629000      2.269252     -0.001564    -11.896688
      2.629125      2.266112      0.000382    -11.895619
      2.629250      2.249251     -0.002868    -11.875633
      2.629375      2.221442      0.000205    -11.851022
      2.629500      2.221794      0.000331    -11.851625
      2.629625      2.287276     -0.000432    -11.916469
      2.629750      2.271556     -0.001402    -11.899904
      2.629875      2.255111      0.000953    -11.885939
      2.630000      2.236364      0.000143    -11.866507
      2.630125      2.241006      0.000011    -11.871141
      2.630250      2.228553      0.000876    -11.859679
      2.630375      2.210153      0.000021    -11.840549
      2.630500      2.280658      0.002065    -11.913223
      2.630625      2.269784      0.000059    -11.900468
      2.630750      2.244453      0.000720    -11.875924
      2.630875      2.264574      0.000682    -11.896131
      2.631000      2.272838     -0.001009    -11.902829
      2.631125      2.236775     -0.001103    -11.866797
      2.631250      2.264244     -0.001476    -11.894018
      2.631375      2.255804     -0.000973    -11.886206
      2.631500      2.222664      0.001180    -11.855344
      2.631625      2.205964     -0.000591    -11.836998
      2.631750      2.254489     -0.000577    -11.885662
      2.631875      2.224705     -0.001212    -11.855369
      2.632000      2.267069      0.000215    -11.899283
      2.632125      2.240755      0.002291    -11.875170
      2.632250      2.229632      0.000562    -11.862444
      2.632375      2.238656     -0.000056    -11.870974
      2.632500      2.217557     -0.000216    -11.849841
      2.632625      2.249812      0.000003    -11.882439
      2.632750      2.236910      0.000993    -11.870653
      2.632875      2.212583      0.001344    -11.846802
      2.633000      2.263201      0.001365    -11.897566
      2.633125      2.198131     -0.000293    -11.830963
      2.633250      2.243528     -0.000081    -11.876697
      2.633375      2.234927     -0.001097    -11.867205
      2.633500      2.236762      0.000295    -11.870556
      2.633625      2.244545     -0.000044    -11.878125
      2.633750      2.228515      0.001507    -11.863772
      2.633875      2.195757     -0.000567    -11.829065
      2.634000      2.198520     -0.000810    -11.831710
      2.634125      2.198546     -0.000310    -11.832361
      2.634250      2.261442      0.000578    -11.896270
      2.634375      2.218365     -0.001480    -11.851260
      2.634500      2.206271     -0.001291    -11.839480
      2.634625      2.200372     -0.000765    -11.834232
      2.634750      2.182930     -0.003660    -11.814020
      2.634875      2.217331      0.001152    -11.853358
      2.635000      2.179771      0.000195    -11.814966
      2.635125      2.165465     -0.000489    -11.800101
      2.635250      2.276398      0.004753    -11.916401
      2.635375      2.213678      0.000578    -11.849631
      2.635500      2.267530      0.000541    -11.903571
      2.635625      2.203090     -0.001179    -11.837536
      2.635750      2.236209      0.000492    -11.872452
      2.635875      2.196380     -0.000055    -11.832200
      2.636000      2.198440      0.000961    -11.835400
      2.636125      2.193422      0.002109    -11.831656
      2.636250      2.230275      0.000821    -11.867346
      2.636375      2.209984     -0.001519    -11.844840
      2.636500      2.207633     -0.000465    -11.843668
      2.636625      2.191356      0.001411    -11.829393
      2.636750      2.197612     -0.002367    -11.831995
      2.636875      2.165577      0.001551    -11.804003
      2.637000      2.183010     -0.000685    -11.819325
      2.637125      2.148463     -0.000409    -11.785178
      2.637250      2.154883      0.000275    -11.792408
      2.637375      2.188710     -0.000466    -11.825619
      2.637500      2.176426      0.001529    -11.815455
      2.637625      2.181830      0.000507    -11.819961
      2.637750      2.165073     -0.001248    -11.801575
      2.637875      2.203049      0.000928    -11.841851
      2.638000      2.202207     -0.001948    -11.838259
      2.638125      2.180231      0.001105    -11.819461
      2.638250      2.188658      0.000428    -11.827335
      2.638375      2.168417     -0.003013    -11.803779
      2.638500      2.207412     -0.000078    -11.845834
      2.638625      2.173662      0.000025    -11.812312
      2.638750      2.207493     -0.000256    -11.845987
      2.638875      2.172517      0.000205    -11.811597
      2.639000      2.162955      0.000962    -11.802917
      2.639125      2.210746      0.001129    -11.851000
      2.639250      2.185072      0.000996    -11.825318
      2.639375      2.222776     -0.002089    -11.860062
      2.639500      2.201735      0.001210    -11.842444
      2.639625      2.229241     -0.002360    -11.866506
      2.639750      2.186062     -0.001319    -11.824492
      2.639875      2.203002      0.000958    -11.843834
      2.640000      2.197775     -0.001306    -11.836468
      2.640125      2.160119      0.001498    -11.801742
      2.640250      2.186160     -0.001425    -11.824985
      2.640375      2.187557      0.000422    -11.828354
      2.640500      2.176071     -0.000162    -11.816408
      2.640625      2.167290      0.000313    -11.808228
      2.640750      2.145534     -0.001212    -11.785072
      2.640875      2.132926      0.000423    -11.774224
      2.641000      2.144984      0.000348    -11.786331
      2.641125      2.161550      0.005742    -11.808418
      2.641250      2.134447     -0.000333    -11.775364
      2.641375      2.174689     -0.000107    -11.815957
      2.641500      2.125612      0.000110    -11.767222
      2.641625      2.165412      0.000778    -11.807815
      2.641750      2.133788      0.003487    -11.779025
      2.641875      2.159310      0.000422    -11.801607
      2.642000      2.188958     -0.001638    -11.829320
      2.642125      2.138062      0.000832    -11.781018
      2.642250      2.108315      0.000268    -11.750834
      2.642375      2.187627     -0.000366    -11.829637
      2.642500      2.163472      0.000280    -11.806252
      2.642625      2.123491      0.001179    -11.767296
      2.642750      2.192069     -0.001026    -11.833793
      2.642875      2.124884     -0.002640    -11.765120
      2.643000      2.196287      0.000078    -11.839365
      2.643125      2.155879     -0.000216    -11.798788
      2.643250      2.142549     -0.000897    -11.784902
      2.643375      2.154890      0.000981    -11.799246
      2.643500      2.148666     -0.001924    -11.790243
      2.643625      2.152837     -0.002350    -11.794112
      2.643750      2.229890      0.001156    -11.874797
      2.643875      2.178912     -0.000345    -11.822441
      2.644000      2.127893     -0.000027    -11.771866
      2.644125      2.138433      0.000407    -11.782965
      2.644250      2.195728      0.001178    -11.841156
      2.644375      2.147029      0.000260    -11.791665
      2.644500      2.209413      0.000248    -11.854161
      2.644625      2.166714      0.000243    -11.811582
      2.644750      2.101079     -0.002197    -11.743632
      2.644875      2.151837      0.000799    -11.797511
      2.645000      2.188550      0.002291    -11.835841
      2.645125      2.132837      0.004011    -11.781973
      2.645250      2.113232     -0.002302    -11.756179
      2.645375      2.134425      0.000029    -11.779829
      2.645500      2.124844     -0.002256    -11.768088
      2.645625      2.141017      0.000586    -11.787227
      2.645750      2.117991      0.000101    -11.763842
      2.645875      2.188687      0.001027    -11.835589
      2.646000      2.140016     -0.002001    -11.784015
      2.646125      2.118992     -0.002747    -11.762371
      2.646250      2.160345      0.000731    -11.807326
      2.646375      2.122045     -0.000032    -11.768388
      2.646500      2.105786      0.000086    -11.752372
      2.646625      2.122825     -0.000266    -11.769184
      2.646750      2.161270     -0.000454    -11.807566
      2.646875      2.175734      0.000135    -11.822744
      2.647000      2.156324     -0.000994    -11.802329
      2.647125      2.169896     -0.000183    -11.816838
      2.647250      2.084016     -0.000552    -11.730714
      2.647375      2.168031      0.000063    -11.815468
      2.647500      2.139284     -0.002720    -11.784064
      2.647625      2.095401     -0.001336    -11.741689
      2.647750      2.174527     -0.000657    -11.821621
      2.647875      2.133643     -0.001458    -11.780060
      2.648000      2.193953      0.000094    -11.842047
      2.648125      2.083358      0.001336    -11.732819
      2.648250      2.182631      0.001585    -11.832465
      2.648375      2.164042     -0.000189    -11.812228
      2.648500      2.202532      0.000759    -11.851791
      2.648625      2.157794     -0.001632    -11.804787
      2.648750      2.201291      0.000044    -11.850085
      2.648875      2.135412      0.000341    -11.784628
      2.649000      2.157926      0.002462    -11.809388
      2.649125      2.157248     -0.000410    -11.805963
      2.649250      2.180010     -0.000437    -11.828823
      2.649375      2.151025     -0.000675    -11.799725
      2.649500      2.193552     -0.000099    -11.842953
      2.649625      2.180843     -0.000344    -11.830124
      2.649750      2.153697      0.000518    -11.803965
      2.649875      2.160590     -0.000566    -11.809898
      2.650000      2.181672     -0.000358    -11.831314
      2.650125      2.134003      0.000689    -11.784817
      2.650250      2.168629      0.000052    -11.818931
      2.650375      2.178416     -0.000312    -11.828479
      2.650500      2.188382      0.000002    -11.838884
      2.650625      2.148860      0.001035    -11.800520
      2.650750      2.151726      0.001635    -11.804112
      2.650875      2.188146      0.001013    -11.840035
      2.651000      2.163031      0.000666    -11.814697
      2.651125      2.161467      0.001653    -11.814246
      2.651250      2.187593     -0.001502    -11.837341
      2.651375      2.166895      0.000457    -11.818727
      2.651500      2.139779      0.000110    -11.791389
      2.651625      2.158623      0.000854    -11.811102
      2.651750      2.216212      0.001123    -11.869085
      2.651875      2.189954     -0.000667    -11.841162
      2.652000      2.218978      0.000496    -11.871474
      2.652125      2.159100     -0.000549    -11.810676
      2.652250      2.188121      0.000066    -11.840437
      2.652375      2.150913      0.000891    -11.804179
      2.652500      2.206211     -0.000507    -11.858204
      2.652625      2.190003      0.000391    -11.843019
      2.652750      2.182551      0.002165    -11.837466
      2.652875      2.170880     -0.001578    -11.822177
      2.653000      2.234402     -0.000999    -11.886403
      2.653125      2.198112      0.000653    -11.851890
      2.653250      2.224272     -0.000337    -11.877186
      2.653375      2.208977     -0.001270    -11.861082
      2.653500      2.215396     -0.000761    -11.868135
      2.653625      2.193200      0.001646    -11.848470
      2.653750      2.186680      0.001591    -11.842021
      2.653875      2.188650     -0.000430    -11.842095
      2.654000      2.185543      0.000368    -11.839911
      2.654125      2.219395     -0.000418    -11.873103
      2.654250      2.128451     -0.002626    -11.780075
      2.654375      2.169908     -0.001093    -11.823190
      2.654500      2.165165      0.000062    -11.819727
      2.654625      2.194791      0.000972    -11.850388
      2.654750      2.204144      0.000450    -11.859344
      2.654875      2.194837      0.000056    -11.849768
      2.655000      2.188899     -0.000854    -11.843046
      2.655125      2.167967     -0.000189    -11.822903
      2.655250      2.202457      0.000194    -11.857902
      2.655375      2.183708      0.001335    -11.840418
      2.655500      2.144776      0.001687    -11.801963
      2.655625      2.173172      0.000705    -11.829502
      2.655750      2.177255     -0.002777    -11.830228
      2.655875      2.221609     -0.000369    -11.877115
      2.656000      2.174241      0.000017    -11.830259
      2.656125      2.207698      0.000320    -11.864143
      2.656250      2.201089      0.001127    -11.858466
      2.656375      2.195828      0.000727    -11.852931
      2.656500      2.195487      0.001465    -11.853452
      2.656625      2.165045      0.001295    -11.822965
      2.656750      2.186134      0.002171    -11.845055
      2.656875      2.198489      0.001373    -11.856737
      2.657000      2.191854      0.000645    -11.849499
      2.657125      2.179505      0.002496    -11.839126
      2.657250      2.161569      0.000175    -11.818994
      2.657375      2.172345     -0.000615    -11.829105
      2.657500      2.173071      0.000789    -11.831360
      2.657625      2.214515     -0.000279    -11.871861
      2.657750      2.204045      0.000051    -11.861846
      2.657875      2.217974     -0.000694    -11.875155
      2.658000      2.172904      0.000175    -11.831079
      2.658125      2.179674     -0.000740    -11.837060
      2.658250      2.164899     -0.000905    -11.822244
      2.658375      2.178356     -0.000928    -11.835804
      2.658500      2.157106      0.000986    -11.816593
      2.658625      2.188301      0.000876    -11.847803
      2.658750      2.162233     -0.000316    -11.820667
      2.658875      2.131806     -0.003976    -11.786704
      2.659000      2.179484      0.000369    -11.838854
      2.659125      2.177685      0.000057    -11.836866
      2.659250      2.143149     -0.000297    -11.802102
      2.659375      2.194946     -0.000609    -11.853712
      2.659500      2.160138     -0.001529    -11.818110
      2.659625      2.181845     -0.000454    -11.841016
      2.659750      2.127898     -0.000371    -11.787277
      2.659875      2.164161      0.001171    -11.825208
      2.660000      2.152441     -0.001853    -11.810588
      2.660125      2.171963      0.002602    -11.834690
      2.660250      2.198243      0.000564    -11.859057
      2.660375      2.144258      0.001002    -11.805635
      2.660500      2.143330     -0.000593    -11.803238
      2.660625      2.164922     -0.001051    -11.824496
      2.660750      2.173421     -0.000029    -11.834141
      2.660875      2.157693     -0.000697    -11.817871
      2.661000      2.153888      0.000902    -11.815790
      2.661125      2.139292      0.000001    -11.800418
      2.661250      2.142410     -0.001454    -11.802206
      2.661375      2.172448      0.001781    -11.835604
      2.661500      2.151356      0.000165    -11.813021
      2.661625      2.159044     -0.001761    -11.818909
      2.661750      2.187214     -0.000726    -11.848238
      2.661875      2.155158      0.000770    -11.817803
      2.662000      2.146390      0.000227    -11.808617
      2.662125      2.177089      0.000119    -11.839333
      2.662250      2.095557      0.001233    -11.759040
      2.662375      2.152718     -0.000393    -11.814700
      2.662500      2.120106      0.001463    -11.784070
      2.662625      2.135473     -0.001435    -11.796663
      2.662750      2.142363      0.001614    -11.806727
      2.662875      2.103619     -0.001280    -11.765214
      2.663000      2.130738      0.002480    -11.796218
      2.663125      2.106295      0.001143    -11.770563
      2.663250      2.168393     -0.000514    -11.831129
      2.663375      2.137621     -0.001520    -11.799476
      2.663500      2.133087     -0.000301    -11.796286
      2.663625      2.110533      0.000528    -11.774686
      2.663750      2.145585     -0.000639    -11.808696
      2.663875      2.119071     -0.003278    -11.779668
      2.664000      2.146454     -0.001369    -11.809086
      2.664125      2.153625     -0.000766    -11.816984
      2.664250      2.131748     -0.000472    -11.795527
      2.664375      2.104804     -0.000827    -11.768352
      2.664500      2.109735     -0.000056    -11.774179
      2.664625      2.088000      0.001313    -11.753938
      2.664750      2.140144      0.000115    -11.805008
      2.664875      2.158257     -0.002410    -11.820722
      2.665000      2.129670     -0.000426    -11.794245
      2.665125      2.071835     -0.000971    -11.735988
      2.665250      2.114746     -0.000974    -11.779022
      2.665375      2.126594      0.000333    -11.792303
      2.665500      2.114038      0.000865    -11.780403
      2.665625      2.176766     -0.002019    -11.840372
      2.665750      2.142608     -0.000134    -11.808225
      2.665875      2.101893      0.000381    -11.768149
      2.666000      2.106105      0.000190    -11.772295
      2.666125      2.100121     -0.001647    -11.764600
      2.666250      2.139615     -0.000301    -11.805564
      2.666375      2.152414      0.000873    -11.819661
      2.666500      2.123200     -0.001078    -11.788623
      2.666625      2.151192     -0.000930    -11.816887
      2.666750      2.112575     -0.000950    -11.778376
      2.666875      2.050546     -0.000642    -11.716780
      2.667000      2.115172     -0.000349    -11.781823
      2.667125      2.092356      0.000687    -11.760169
      2.667250      2.080946      0.000286    -11.748481
      2.667375      2.084168      0.000084    -11.751627
      2.667500      2.099804      0.000862    -11.768166
      2.667625      2.110577     -0.001075    -11.777127
      2.667750      2.139512     -0.000724    -11.806538
      2.667875      2.077673      0.001306    -11.746854
      2.668000      2.086663      0.001047    -11.755711
      2.668125      2.114351      0.001076    -11.783552
      2.668250      2.110876     -0.000223    -11.778903
      2.668375      2.127741     -0.000409    -11.795707
      2.668500      2.085464      0.001215    -11.755179
      2.668625      2.073672     -0.003768    -11.738528
      2.668750      2.110184     -0.000425    -11.778509
      2.668875      2.068196      0.002002    -11.739073
      2.669000      2.181528     -0.000373    -11.850155
      2.669125      2.138660      0.000016    -11.807800
      2.669250      2.159429     -0.001021    -11.827657
      2.669375      2.029645     -0.000372    -11.698648
      2.669500      2.089698     -0.001282    -11.757916
      2.669625      2.078860      0.000534    -11.749019
      2.669750      2.074437      0.001353    -11.745540
      2.669875      2.068223     -0.000047    -11.738051
      2.670000      2.058729      0.000799    -11.729528
      2.670125      2.075374     -0.000801    -11.744698
      2.670250      2.088772     -0.000084    -11.758938
      2.670375      2.067888      0.000220    -11.738483
      2.670500      2.094771     -0.001050    -11.764221
      2.670625      2.096115      0.000264    -11.767004
      2.670750      2.075718     -0.000388    -11.746079
      2.670875      2.064770      0.000902    -11.736547
      2.671000      2.067723     -0.002367    -11.736356
      2.671125      2.109027      0.000628    -11.780780
      2.671250      2.075774      0.001834    -11.748858
      2.671375      2.108197      0.000141    -11.779713
      2.671500      2.054874     -0.000386    -11.725988
      2.671625      2.118809     -0.000087    -11.790347
      2.671750      2.053096     -0.000972    -11.723873
      2.671875      2.071013     -0.000790    -11.742098
      2.672000      2.039427      0.001249    -11.712676
      2.672125      2.037796      0.000941    -11.710861
      2.672250      2.060872     -0.000989    -11.732133
      2.672375      2.027754      0.000353    -11.700482
      2.672500      2.021465      0.001033    -11.694998
      2.672625      2.069651      0.002434    -11.744710
      2.672750      2.101310      0.000250    -11.774311
      2.672875      2.067574     -0.000863    -11.739586
      2.673000      2.067622     -0.001491    -11.739131
      2.673125      2.109988     -0.000253    -11.782860
      2.673250      2.045741      0.001336    -11.720328
      2.673375      2.040773     -0.000580    -11.713568
      2.673500      2.076083     -0.000024    -11.749560
      2.673625      2.058262     -0.002050    -11.729837
      2.673750      2.024078      0.000817    -11.698645
      2.673875      2.020618     -0.000090    -11.694403
      2.674000      1.997155     -0.000904    -11.670251
      2.674125      2.066143      0.001374    -11.741642
      2.674250      2.109733      0.000433    -11.784416
      2.674375      2.017983      0.000366    -11.692724
      2.674500      2.068890     -0.000553    -11.742836
      2.674625      2.057571      0.000348    -11.732544
      2.674750      2.084668      0.000143    -11.759561
      2.674875      2.044186      0.000071    -11.719132
      2.675000      2.048979     -0.001835    -11.722144
      2.675125      2.047273      0.002772    -11.725170
      2.675250      2.055699      0.004322    -11.735272
      2.675375      2.028872      0.000877    -11.705124
      2.675500      2.090040     -0.001255    -11.764285
      2.675625      2.059658      0.002898    -11.738181
      2.675750      2.060037      0.000513    -11.736299
      2.675875      2.071859     -0.002340    -11.745394
      2.676000      2.040270     -0.001268    -11.715002
      2.676125      2.068390     -0.000215    -11.744301
      2.676250      2.023156     -0.000989    -11.698417
      2.676375      1.977838      0.000156    -11.654368
      2.676500      2.049370     -0.000941    -11.724929
      2.676625      2.043808     -0.000828    -11.719605
      2.676750      1.993469      0.000309    -11.670528
      2.676875      2.060355     -0.000585    -11.736645
      2.677000      1.999274     -0.000745    -11.675529
      2.677125      2.037449      0.001029    -11.715604
      2.677250      2.078645     -0.001034    -11.754862
      2.677375      2.026662     -0.000872    -11.703165
      2.677500      2.037395     -0.000671    -11.714224
      2.677625      1.998465     -0.001606    -11.674484
      2.677750      2.036194     -0.000839    -11.713105
      2.677875      2.097630     -0.000956    -11.774550
      2.678000      1.988373      0.001502    -11.667875
      2.678125      2.049300     -0.002265    -11.725160
      2.678250      2.081089      0.000808    -11.760147
      2.678375      2.065039      0.000389    -11.743803
      2.678500      2.061206     -0.001158    -11.738549
      2.678625      2.009003     -0.000304    -11.687324
      2.678750      1.998573      0.000330    -11.677653
      2.678875      2.046441      0.000379    -11.725695
      2.679000      1.983059     -0.000563    -11.661496
      2.679125      2.066303     -0.000885    -11.744543
      2.679250      2.008465      0.004066    -11.691782
      2.679375      2.085376     -0.000665    -11.764086
      2.679500      2.044149     -0.002862    -11.720786
      2.679625      2.080696     -0.000445    -11.759876
      2.679750      2.081877     -0.001318    -11.760309
      2.679875      2.018433     -0.002975    -11.695333
      2.680000      2.009246      0.000230    -11.689476
      2.680125      1.999993      0.001294    -11.681412
      2.680250      2.037316     -0.000774    -11.716792
      2.680375      2.041876     -0.001101    -11.721151
      2.680500      2.025046     -0.000285    -11.705260
      2.680625      2.076681     -0.000327    -11.756979
      2.680750      2.008191      0.001133    -11.690074
      2.680875      2.068830     -0.001741    -11.747964
      2.681000      2.059263     -0.000827    -11.739436
      2.681125      2.010619     -0.001230    -11.690513
      2.681250      2.002158      0.000786    -11.684194
      2.681375      2.042818     -0.000591    -11.723602
      2.681500      2.070931      0.000386    -11.752817
      2.681625      2.030306     -0.002024    -11.709907
      2.681750      2.031082     -0.000136    -11.712696
      2.681875      2.024020     -0.003755    -11.702140
      2.682000      0.000555     -0.366621     -9.315935
      2.682125      2.001906      0.000770    -11.684800
      2.682250      2.072455     -0.000555    -11.754150
      2.682375      2.024552     -0.001268    -11.705658
      2.682500      2.074564      0.000742    -11.757806
      2.682625      2.076518      0.000840    -11.759983
      2.682750      2.067034      0.001370    -11.751154
      2.682875      2.009472      0.001097    -11.693444
      2.683000      2.059733      0.001029    -11.743762
      2.683125      2.042037     -0.000582    -11.724580
      2.683250      2.045328     -0.000852    -11.727727
      2.683375      2.019712      0.000419    -11.703506
      2.683500      1.991917      0.000525    -11.675943
      2.683625      2.026495      0.001272    -11.711392
      2.683750      2.093485     -0.000239    -11.776997
      2.683875      2.086006      0.000951    -11.770832
      2.684000      2.000093      0.001770    -11.685863
      2.684125      1.963010      0.000312    -11.647448
      2.684250      2.039057      0.001100    -11.724407
      2.684375      2.043879     -0.000868    -11.727385
      2.684500      1.981562     -0.001251    -11.664812
      2.684625      2.087532     -0.002568    -11.769589
      2.684750      2.012136     -0.001977    -11.694909
      2.684875      1.997174     -0.005392    -11.676657
      2.685000      2.023511     -0.001602    -11.706909
      2.685125      2.061239      0.000036    -11.746400
      2.685250      2.029635      0.000969    -11.715854
      2.685375      2.037901      0.000133    -11.723410
      2.685500      2.036536      0.000122    -11.722157
      2.685625      2.001688      0.000522    -11.687835
      2.685750      1.997110      0.000887    -11.683747
      2.685875      2.020205     -0.000678    -11.705401
      2.686000      2.017321      0.000233    -11.703554
      2.686125      2.056357     -0.000059    -11.742423
      2.686250      2.106549     -0.000883    -11.791917
      2.686375      2.009630     -0.002332    -11.693673
      2.686500      1.972048     -0.000130    -11.658418
      2.686625      2.119460      0.001141    -11.807227
      2.686750      2.041092     -0.000590    -11.727252
      2.686875      2.059584      0.000601    -11.747060
      2.687000      2.012305      0.001520    -11.700824
      2.687125      2.087113      0.000322    -11.774561
      2.687250      1.997208     -0.001063    -11.683395
      2.687375      2.079662      0.000432    -11.767468
      2.687500      2.075228      0.000960    -11.763688
      2.687625      2.016901      0.001887    -11.706413
      2.687750      2.073563      0.001009    -11.762323
      2.687875      2.057850     -0.000112    -11.745613
      2.688000      2.067672      0.000229    -11.755901
      2.688125      2.041494      0.000215    -11.729834
      2.688250      2.069887     -0.000725    -11.757413
      2.688375      2.050961     -0.001568    -11.737768
      2.688500      2.058867     -0.000730    -11.746637
      2.688625      2.114165      0.002041    -11.804832
      2.688750      2.036871     -0.001126    -11.724495
      2.688875      2.021673     -0.000437    -11.710111
      2.689000      2.040524     -0.000043    -11.729480
      2.689125      2.061096      0.001014    -11.751234
      2.689250      2.062937     -0.000807    -11.751381
      2.689375      2.011298      0.001076    -11.701750
      2.689500      2.069446     -0.000833    -11.758113
      2.689625      2.067526     -0.000453    -11.756698
      2.689750      2.041722     -0.001572    -11.729900
      2.689875      2.025241     -0.002700    -11.712416
      2.690000      2.061214     -0.000331    -11.750883
      2.690125      2.015770     -0.001697    -11.704198
      2.690250      2.073861      0.000312    -11.764423
      2.690375      2.064751     -0.002722    -11.752404
      2.690500      2.063347      0.000580    -11.754427
      2.690625      2.029766      0.000193    -11.720584
      2.690750      2.031884      0.000686    -11.723320
      2.690875      2.009471      0.002757    -11.703103
      2.691000      2.084316      0.000348    -11.775664
      2.691125      2.038271     -0.002220    -11.727176
      2.691250      2.071553     -0.001741    -11.761062
      2.691375      2.066696      0.000881    -11.758952
      2.691500      2.034184     -0.000541    -11.725143
      2.691625      2.091340      0.001756    -11.784720
      2.691750      2.029996      0.000744    -11.722489
      2.691875      2.064707      0.000100    -11.756683
      2.692000      2.098575      0.001438    -11.792013
      2.692125      2.059812     -0.001978    -11.749959
      2.692250      2.054754     -0.001023    -11.745981
      2.692375      2.063412      0.000378    -11.756165
      2.692500      2.064402     -0.001521    -11.755381
      2.692625      2.061875      0.000139    -11.754638
      2.692750      2.076518      0.000847    -11.770115
      2.692875      2.058685     -0.001747    -11.749814
      2.693000      1.984536     -0.000791    -11.676745
      2.693125      2.045090      0.000242    -11.738458
      2.693250      2.069679      0.000998    -11.763927
      2.693375      2.021182      0.001670    -11.716227
      2.693500      2.044427     -0.000529    -11.737398
      2.693625      2.064539      0.000563    -11.758728
      2.693750      2.064907      0.000597    -11.759254
      2.693875      2.049432     -0.000122    -11.743185
      2.694000      1.997148      0.002680    -11.693828
      2.694125      2.074520     -0.001716    -11.766929
      2.694250      2.023214      0.001710    -11.719174
      2.694375      2.000981      0.001219    -11.696575
      2.694500      2.011729     -0.000131    -11.706097
      2.694625      1.999770      0.001451    -11.695846
      2.694750      2.061341      0.000810    -11.756901
      2.694875      2.101347     -0.000576    -11.795647
      2.695000      2.106135      0.003809    -11.804945
      2.695125      2.054192      0.000299    -11.749616
      2.695250      2.088334      0.000084    -11.783668
      2.695375      2.037976      0.000359    -11.733710
      2.695500      2.060220     -0.001385    -11.754335
      2.695625      2.105939      0.001240    -11.802804
      2.695750      2.055071      0.000432    -11.751253
      2.695875      2.054872     -0.001321    -11.749426
      2.696000      2.070255      0.000544    -11.766799
      2.696125      2.035783      0.000669    -11.732577
      2.696250      2.030513     -0.000425    -11.726339
      2.696375      2.045520      0.000824    -11.742719
      2.696500      2.058634      0.001315    -11.756449
      2.696625      2.063960      0.000230    -11.760815
      2.696750      2.034515     -0.000893    -11.730372
      2.696875      2.098247      0.000223    -11.795345
      2.697000      2.014426      0.000061    -11.711486
      2.697125      2.100991      0.000767    -11.798883
      2.697250      2.063202      0.000983    -11.761435
      2.697375      2.133822     -0.003887    -11.827310
      2.697500      2.015172     -0.000504    -11.712168
      2.697625      2.081849      0.000295    -11.779769
      2.697750      2.060719      0.000387    -11.758856
      2.697875      2.085681     -0.000416    -11.783140
      2.698000      2.063991     -0.000282    -11.761710
      2.698125      2.053436      0.000416    -11.751977
      2.698250      2.070571     -0.000866    -11.767955
      2.698375      2.146069      0.001153    -11.845597
      2.698500      2.046025      0.001059    -11.745584
      2.698625      2.083987      0.000984    -11.783596
      2.698750      2.068682      0.000024    -11.767456
      2.698875      2.057458     -0.001352    -11.754981
      2.699000      2.083628     -0.000819    -11.781809
      2.699125      2.082456      0.000368    -11.781949
      2.699250      2.012151      0.000651    -11.712052
      2.699375      2.102207     -0.001765    -11.799817
      2.699500      2.057908      0.000387    -11.757795
      2.699625      2.052057     -0.001264    -11.750418
      2.699750      2.049150     -0.000443    -11.748458
      2.699875      2.057111     -0.001123    -11.755863
      2.700000      2.111901      0.001329    -11.813230
      2.700125      2.049220      0.002836    -11.752180
      2.700250      2.088916     -0.001991    -11.787175
      2.700375      2.126332     -0.001155    -11.825552
      2.700500      2.105517     -0.003330    -11.802687
      2.700625      2.124450     -0.000313    -11.824762
      2.700750      2.066443      0.001097    -11.768290
      2.700875      2.085166      0.000427    -11.786468
      2.701000      2.068590     -0.001055    -11.768535
      2.701125      2.119210      0.000780    -11.821115
      2.701250      2.066099     -0.001893    -11.765456
      2.701375      2.113986      0.001065    -11.816426
      2.701500      2.104372      0.000665    -11.806538
      2.701625      2.109567     -0.000594    -11.810598
      2.701750      2.119687      0.000137    -11.821574
      2.701875      2.109265     -0.000242    -11.810898
      2.702000      2.101509     -0.004123    -11.799386
      2.702125      2.052981     -0.000369    -11.754737
      2.702250      2.122534      0.001672    -11.826455
      2.702375      2.054565     -0.000783    -11.756157
      2.702500      2.071230     -0.001364    -11.772366
      2.702625      2.114197     -0.000186    -11.816636
      2.702750      2.111217     -0.000234    -11.813733
      2.702875      2.086727     -0.000204    -11.789399
      2.703000      2.099157     -0.001662    -11.800495
      2.703125      2.096166     -0.000603    -11.798688
      2.703250      2.060569      0.001474    -11.765294
      2.703375      2.077332      0.000799    -11.781506
      2.703500      2.135608     -0.000003    -11.839105
      2.703625      2.052870      0.001729    -11.758224
      2.703750      2.110839     -0.000265    -11.814324
      2.703875      2.072552      0.000290    -11.776717
      2.704000      2.091973     -0.000424    -11.795549
      2.704125      2.110685      0.000450    -11.815260
      2.704250      2.118905      0.000731    -11.823886
      2.704375      2.090320      0.001333    -11.796028
      2.704500      2.088775      0.000520    -11.793795
      2.704625      2.073165     -0.000335    -11.777455
      2.704750      2.100908     -0.000657    -11.805001
      2.704875      2.078106      0.000629    -11.783610
      2.705000      2.111917      0.001649    -11.818565
      2.705125      2.092199      0.000448    -11.797772
      2.705250      2.088846      0.000274    -11.794370
      2.705375      2.043266      0.000178    -11.748819
      2.705500      2.100231     -0.001354    -11.804377
      2.705625      2.114187      0.000558    -11.820371
      2.705750      2.143682      0.000670    -11.850101
      2.705875      2.134453     -0.000367    -11.839960
      2.706000      2.076140      0.001281    -11.783422
      2.706125      2.072942      0.000899    -11.779966
      2.706250      2.131873      0.000710    -11.838833
      2.706375      2.066147     -0.000468    -11.772054
      2.706500      2.077755      0.001483    -11.785738
      2.706625      2.095713     -0.000334    -11.802004
      2.706750      2.116572      0.000528    -11.823850
      2.706875      2.092124     -0.000672    -11.798327
      2.707000      2.111621     -0.001492    -11.817130
      2.707125      2.089111      0.002256    -11.798492
      2.707250      2.084988      0.000333    -11.792572
      2.707375      2.083049     -0.002694    -11.787730
      2.707500      2.067957      0.000716    -11.776173
      2.707625      2.149211     -0.000616    -11.856219
      2.707750      2.117779      0.001207    -11.826736
      2.707875      2.094239     -0.001904    -11.800210
      2.708000      2.053506      0.001271    -11.762777
      2.708125      2.100278      0.000019    -11.808423
      2.708250      2.102727     -0.000069    -11.810909
      2.708375      2.117595      0.001089    -11.827059
      2.708500      2.107830     -0.000551    -11.815779
      2.708625      2.134957      0.000712    -11.844295
      2.708750      2.063785     -0.002934    -11.769601
      2.708875      2.039739     -0.000538    -11.748076
      2.709000      2.123455      0.002266    -11.834721
      2.709125      2.078394     -0.000473    -11.787045
      2.709250      2.110817      0.000347    -11.820414
      2.709375      2.078680      0.001695    -11.789750
      2.709500      2.047848     -0.000314    -11.757034
      2.709625      2.072957     -0.000925    -11.781656
      2.709750      2.054618      0.002123    -11.766492
      2.709875      2.056239     -0.000485    -11.765629
      2.710000      2.069805     -0.000227    -11.779579
      2.710125      2.126543     -0.000704    -11.835964
      2.710250      2.097023     -0.000270    -11.807004
      2.710375      2.077344      0.000479    -11.788198
      2.710500      2.096273      0.000897    -11.807671
      2.710625      2.076128     -0.002815    -11.783938
      2.710750      2.076601     -0.000796    -11.786555
      2.710875      2.065566      0.000795    -11.777236
      2.711000      2.082101      0.000132    -11.793233
      2.711125      2.051349     -0.000130    -11.762344
      2.711250      2.087675      0.003009    -11.801935
      2.711375      2.059391     -0.001234    -11.769531
      2.711500      2.086344      0.000345    -11.798190
      2.711625      2.068482     -0.000732    -11.779375
      2.711750      2.096118     -0.000789    -11.807078
      2.711875      2.060290     -0.000816    -11.771349
      2.712000      2.083789     -0.001671    -11.794118
      2.712125      2.121619     -0.001330    -11.832413
      2.712250      2.054879      0.000502    -11.767630
      2.712375      2.069809     -0.000170    -11.782014
      2.712500      2.119398      0.000676    -11.832574
      2.712625      2.084345      0.000362    -11.797331
      2.712750      2.068955      0.001052    -11.782757
      2.712875      2.071592     -0.000082    -11.784384
      2.713000      2.079108      0.000655    -11.792763
      2.713125      2.102546     -0.001260    -11.814411
      2.713250      2.115929      0.002133    -11.831312
      2.713375      2.136207      0.000411    -11.849993
      2.713500      2.069553     -0.001784    -11.781269
      2.713625      2.107057      0.000433    -11.821115
      2.713750      2.109457      0.000974    -11.824181
      2.713875      2.075320      0.000426    -11.789621
      2.714000      2.079717     -0.001298    -11.792420
      2.714125      2.082549      0.000656    -11.797330
      2.714250      2.096263     -0.000386    -11.810126
      2.714375      2.079535     -0.000606    -11.793304
      2.714500      2.079387      0.001003    -11.794890
      2.714625      2.065102     -0.000868    -11.778859
      2.714750      2.106056     -0.002178    -11.818628
      2.714875      2.078632     -0.001020    -11.792487
      2.715000      2.018661     -0.000537    -11.733124
      2.715125      2.086009     -0.001041    -11.800094
      2.715250      2.077833     -0.000675    -11.792408
      2.715375      2.015633      0.000032    -11.731040
      2.715500      2.020269     -0.001211    -11.734559
      2.715625      2.073497      0.001581    -11.790703
      2.715750      2.063890      0.001009    -11.780648
      2.715875      1.992598      0.000421    -11.708895
      2.716000      2.090654     -0.002558    -11.804096
      2.716125      2.087301     -0.000000    -11.803426
      2.716250      2.055278     -0.000580    -11.770948
      2.716375      2.055255     -0.000026    -11.771604
      2.716500      2.077920      0.000239    -11.794659
      2.716625      2.118541     -0.001256    -11.833910
      2.716750      2.101198      0.000784    -11.818732
      2.716875      2.054973     -0.002732    -11.769116
      2.717000      2.047824     -0.000552    -11.764271
      2.717125      2.110324     -0.001349    -11.826099
      2.717250      2.064220      0.000998    -11.782468
      2.717375      2.066534     -0.001309    -11.782600
      2.717500      2.115412      0.001930    -11.834842
      2.717625      2.088290     -0.000498    -11.805417
      2.717750      2.034729     -0.000015    -11.752464
      2.717875      2.101054     -0.001825    -11.817104
      2.718000      2.067225     -0.000118    -11.785108
      2.718125      2.092391      0.002710    -11.813226
      2.718250      2.089945     -0.000387    -11.807808
      2.718375      2.083816     -0.000592    -11.801599
      2.718500      2.083137      0.001036    -11.802674
      2.718625      2.119093     -0.001584    -11.836135
      2.718750      2.042244      0.001476    -11.762471
      2.718875      2.061062     -0.002601    -11.777335
      2.719000      2.062226      0.000269    -11.781494
      2.719125      2.043777     -0.001966    -11.760936
      2.719250      2.055468     -0.000931    -11.773788
      2.719375      2.092367      0.001014    -11.812756
      2.719500      1.999806      0.001102    -11.720409
      2.719625      2.034477     -0.000463    -11.753639
      2.719750      2.063878      0.000760    -11.784388
      2.719875      2.063816     -0.001104    -11.782587
      2.720000      2.068269     -0.000549    -11.787720
      2.720125      2.037040     -0.001335    -11.755830
      2.720250      2.042273      0.001354    -11.763877
      2.720375      2.065973     -0.000674    -11.785675
      2.720500      2.068471     -0.000187    -11.788783
      2.720625      2.078924     -0.002662    -11.796887
      2.720750      2.126388      0.002225    -11.849362
      2.720875      2.025426      0.000170    -11.746471
      2.721000      2.080237     -0.000514    -11.800722
      2.721125      2.040709      0.000498    -11.762332
      2.721250      2.070541     -0.000418    -11.791373
      2.721375      2.082458     -0.001118    -11.802715
      2.721500      2.088176      0.000737    -11.810413
      2.721625      2.050784      0.000586    -11.772995
      2.721750      2.042661     -0.000595    -11.763817
      2.721875      2.037596      0.001009    -11.760480
      2.722000      2.107888      0.001533    -11.831421
      2.722125      2.108777     -0.000117    -11.830785
      2.722250      2.030834      0.001839    -11.754924
      2.722375      2.048103     -0.000867    -11.769610
      2.722500      2.105278     -0.001180    -11.826598
      2.722625      2.033587     -0.001912    -11.754300
      2.722750      2.033245     -0.000994    -11.755000
      2.722875      2.049333     -0.000297    -11.771912
      2.723000      2.100048      0.001011    -11.824059
      2.723125      2.165151     -0.001579    -11.886696
      2.723250      2.086427     -0.001839    -11.807838
      2.723375      2.134057     -0.000414    -11.857018
      2.723500      2.094461     -0.000615    -11.817346
      2.723625      2.067129      0.002522    -11.793276
      2.723750      2.003523     -0.001036    -11.726238
      2.723875      2.087585     -0.003395    -11.808065
      2.724000      2.098913      0.000129    -11.823042
      2.724125      2.112533      0.000726    -11.837384
      2.724250      2.111217      0.000169    -11.835636
      2.724375      2.087955      0.000211    -11.812541
      2.724500      2.072764     -0.001636    -11.795628
      2.724625      2.104133     -0.002298    -11.826460
      2.724750      2.070493      0.003346    -11.798589
      2.724875      2.057889     -0.002989    -11.779775
      2.725000      2.057717      0.000705    -11.783422
      2.725125      2.062669     -0.002247    -11.785547
      2.725250      2.050673      0.000104    -11.776027
      2.725375      2.075603     -0.001592    -11.799387
      2.725500      2.023852     -0.001288    -11.748064
      2.725625      2.076619     -0.000059    -11.802185
      2.725750      2.024589      0.001821    -11.752161
      2.725875      2.054777     -0.000870    -11.779782
      2.726000      2.086830      0.001128    -11.813958
      2.726125      2.051986     -0.001885    -11.776226
      2.726250      2.066231      0.000940    -11.793421
      2.726375      2.051043      0.000978    -11.778396
      2.726500      2.030204     -0.000281    -11.756424
      2.726625      2.042181     -0.000154    -11.768653
      2.726750      2.106544      0.000050    -11.833344
      2.726875      2.029487      0.001001    -11.757364
      2.727000      1.987328     -0.000755    -11.713572
      2.727125      2.094837      0.000371    -11.822334
      2.727250      2.108589     -0.001114    -11.834726
      2.727375      2.072396     -0.000176    -11.799595
      2.727500      2.047266     -0.000561    -11.774205
      2.727625      2.004762      0.000235    -11.732622
      2.727750      2.043850      0.001585    -11.773185
      2.727875      2.031174     -0.001655    -11.757395
      2.728000      2.049957      0.000617    -11.778575
      2.728125      1.989370      0.001222    -11.718717
      2.728250      2.039084      0.000774    -11.768108
      2.728375      2.026176     -0.000169    -11.754382
      2.728500      2.038053     -0.000944    -11.765610
      2.728625      2.045656      0.000082    -11.774363
      2.728750      2.017076     -0.001452    -11.744374
      2.728875      2.057908     -0.000117    -11.786666
      2.729000      2.024203      0.000223    -11.753426
      2.729125      1.992811      0.000574    -11.722510
      2.729250      1.980282     -0.000683    -11.708849
      2.729375      2.035959      0.000202    -11.765537
      2.729500      2.010448      0.000955    -11.740903
      2.729625      1.987038     -0.001149    -11.715514
      2.729750      2.008271      0.001072    -11.739093
      2.729875      2.035930     -0.000928    -11.764876
      2.730000      1.969284      0.002243    -11.701527
      2.730125      1.936170     -0.000499    -11.665796
      2.730250      1.913223     -0.000301    -11.643172
      2.730375      1.925422     -0.001334    -11.654463
      2.730500      0.782759     -0.005855    -10.507404
      2.730625      0.001252     -0.463281     -9.268596
      2.730750      0.703661     -0.049327    -10.385083
      2.730875     -0.000698     -0.455303     -9.274874
      2.731000      0.093798     -0.388180     -9.436618
      2.731125      1.961466      0.000734    -11.693326
      2.731250      1.992529      0.001742    -11.725521
      2.731375      1.963316     -0.000042    -11.694649
      2.731500      1.877634     -0.000381    -11.608753
      2.731625      2.009945     -0.001380    -11.740190
      2.731750      1.980682     -0.000373    -11.712059
      2.731875      2.001317     -0.000158    -11.733033
      2.732000      1.970831      0.002520    -11.705351
      2.732125      1.956259     -0.001876    -11.686507
      2.732250      1.979971      0.001251    -11.713472
      2.732375      2.021673      0.000306    -11.754354
      2.732500      1.959690      0.000262    -11.692453
      2.732625      1.976013     -0.001023    -11.707616
      2.732750      1.914573     -0.001178    -11.646145
      2.732875      1.956691      0.000588    -11.690155
      2.733000      1.977310     -0.004444    -11.705866
      2.733125      1.960550     -0.000967    -11.692708
      2.733250      1.930786      0.002953    -11.666989
      2.733375      1.957695      0.000931    -11.692001
      2.733500      1.990970     -0.001729    -11.722741
      2.733625      1.912721      0.000158    -11.646504
      2.733750      1.958370     -0.002097    -11.690023
      2.733875      1.945071      0.000795    -11.679741
      2.734000      1.853917     -0.000982    -11.586935
      2.734125      1.695628     -0.001271    -11.428482
      2.734250      1.619051      0.003497    -11.356799
      2.734375      0.741258     -0.000534    -10.475099
      2.734500      0.859915      0.001125    -10.595541
      2.734625      0.627888      0.002084    -10.364597
      2.734750      0.716486     -0.000358    -10.450878
      2.734875      0.502491      0.002278    -10.239645
      2.735000      0.529287     -0.001377    -10.262910
      2.735125      0.502530      0.002429    -10.240084
      2.735250      0.192892      0.001147     -9.929289
      2.735375      0.002917     -0.225181     -9.513111
      2.735500      0.468310      0.000276    -10.204087
      2.735625      0.476287     -0.002999    -10.208913
      2.735750      0.416541      0.001626    -10.153918
      2.735875      0.409853      0.002137    -10.147865
      2.736000      0.402468     -0.001811    -10.136657
      2.736125      0.406951     -0.000428    -10.142648
      2.736250      0.283710     -0.065839     -9.954121
      2.736375      0.345762      0.001748    -10.083885
      2.736500      0.428148      0.000924    -10.165572
      2.736625      0.351875     -0.244107     -9.844392
      2.736750     -0.000580     -0.027464     -9.708706
      2.736875      0.110252     -0.002778     -9.844349
      2.737000      0.000622     -0.045912     -9.691710
      2.737125     -0.002205     -0.032636     -9.702284
      2.737250      0.001836     -0.254954     -9.484133
      2.737375      0.000062     -0.634418     -9.103019
      2.737500      0.000375     -0.152336     -9.585539
      2.737625      0.001817     -0.005163     -9.734280
      2.737750      0.001666     -0.069922     -9.669495
      2.737875      0.002090     -0.146942     -9.593023
      2.738000     -0.000519     -0.237079     -9.500402
      2.738125     -0.000405     -0.340140     -9.397580
      2.738250      0.001942     -0.473319     -9.266874
      2.738375      0.002127     -0.646123     -9.094380
      2.738500     -0.001172     -0.901400     -8.835928
      2.738625     -0.002094     -1.391131     -8.345399
      2.738750      0.000834     -1.835572     -7.904012
      2.738875     -0.000624     -1.044491     -8.693760
      2.739000      0.002836     -0.732642     -9.009194
      2.739125     -0.000342     -0.535684     -9.203100
      2.739250     -0.001890     -0.392267     -9.345092
      2.739375     -0.002553     -0.275834     -9.460988
      2.739500      0.002242     -0.181596     -9.560146
      2.739625      0.001558     -0.098293     -9.642889
      2.739750      0.000151     -0.027129     -9.712773
      2.739875     -0.001203     -0.016387     -9.722285
      2.740000     -0.001585     -0.050013     -9.688402
      2.740125      0.000091     -0.084465     -9.655752
      2.740250     -0.000436     -0.119015     -9.620798
      2.740375     -0.000624     -0.156067     -9.583683
      2.740500      0.231483     -0.175921     -9.796063
      2.740625     -0.002132     -0.236645     -9.501849
      2.740750     -0.000419     -0.282318     -9.458013
      2.740875      0.000455     -0.327897     -9.413433
      2.741000     -0.001672     -0.377316     -9.362011
      2.741125      0.000728     -0.429417     -9.312436
      2.741250     -0.000018     -0.485980     -9.255252
      2.741375      0.001688     -0.545024     -9.198039
      2.741500     -0.001017     -0.612909     -9.127574
      2.741625      0.002123     -0.680126     -9.063622
      2.741750      0.398692     -0.606724     -9.533718
      2.741875      0.120452     -0.792756     -9.069571
      2.742000     -0.000306     -0.940301     -8.801393
      2.742125      0.000548     -1.047017     -8.695655
      2.742250      0.139723     -1.094160     -8.787813
      2.742375     -0.000812     -1.311663     -8.429899
      2.742500     -0.001255     -1.479027     -8.262218
      2.742625      0.000875     -1.682833     -8.060667
      2.742750      0.094050     -1.866728     -7.970072
      2.742875      0.000736     -2.306219     -7.437392
      2.743000     -0.001493     -2.885575     -6.855932
      2.743125     -0.000161     -4.869602     -4.873362
      2.743250      0.001860     -3.999435     -5.745674
      2.743375      0.310163     -2.254216     -7.799322
      2.743500      0.000542     -2.092074     -7.651968
      2.743625     -0.001284     -1.692962     -8.049379
      2.743750      0.013886     -1.362779     -8.394857
      2.743875      0.144683     -1.022067     -8.866492
      2.744000      0.382443     -0.704566     -9.421877
      2.744125      0.951065     -0.318644    -10.376546
      2.744250      0.210188     -0.346065     -9.608373
      2.744375      1.632455     -0.000531    -11.376299
      2.744500      1.926940     -0.000559    -11.670881
      2.744625      1.938112     -0.000472    -11.682265
      2.744750      1.931566      0.000894    -11.677210
      2.744875      1.924536      0.000314    -11.669726
      2.745000      1.979710     -0.000741    -11.723969
      2.745125      2.028230      0.000655    -11.774010
      2.745250      1.955421     -0.000206    -11.700464
      2.745375      1.940663      0.003717    -11.689755
      2.745500      1.997693      0.000390    -11.743583
      2.745625      1.981748     -0.000494    -11.726878
      2.745750      1.972842      0.003031    -11.721624
      2.745875      1.930478      0.000971    -11.677323
      2.746000      1.999074      0.000827    -11.745901
      2.746125      1.980700     -0.000704    -11.726121
      2.746250      1.966310     -0.000617    -11.711944
      2.746375      1.926566     -0.003236    -11.669706
      2.746500      1.977117      0.000070    -11.723687
      2.746625      1.995898      0.001045    -11.743568
      2.746750      1.927582      0.000931    -11.675263
      2.746875      1.947481      0.001284    -11.695640
      2.747000      1.905630      0.002082    -11.654712
      2.747125      1.949775     -0.003619    -11.693281
      2.747250      1.966504      0.000257    -11.714011
      2.747375      1.940233      0.000072    -11.687681
      2.747500      1.914477     -0.000020    -11.661956
      2.747625      1.973601      0.000062    -11.721288
      2.747750      1.909774      0.001451    -11.658975
      2.747875      1.960490     -0.000879    -11.707485
      2.748000      1.960896     -0.001968    -11.706928
      2.748125      1.962800      0.001214    -11.712139
      2.748250      1.998156     -0.001171    -11.745235
      2.748375      1.967488     -0.001825    -11.714038
      2.748500      1.938353     -0.000770    -11.686084
      2.748625      1.982932     -0.000995    -11.730563
      2.748750      2.016259      0.000167    -11.765176
      2.748875      2.026955      0.001086    -11.776915
      2.749000      1.997933     -0.000576    -11.746356
      2.749125      1.962025     -0.002482    -11.708668
      2.749250      1.970330     -0.002121    -11.717459
      2.749375      2.004361     -0.001732    -11.752004
      2.749500      2.005164     -0.001582    -11.753081
      2.749625      1.993697      0.002902    -11.746224
      2.749750      1.980536      0.000851    -11.731138
      2.749875      2.004210      0.000101    -11.754186
      2.750000      2.005087      0.002227    -11.757314
      2.750125      1.966241     -0.000239    -11.716127
      2.750250      1.966405      0.000731    -11.717386
      2.750375      1.980282     -0.002161    -11.728496
      2.750500      1.995337     -0.000765    -11.745072
      2.750625      1.973822     -0.001052    -11.723396
      2.750750      1.973189     -0.000510    -11.723429
      2.750875      2.026325     -0.000811    -11.776389
      2.751000      1.985462      0.000289    -11.736751
      2.751125      1.994998     -0.000116    -11.746007
      2.751250      2.011801     -0.000880    -11.762171
      2.751375      1.986487      0.000370    -11.738232
      2.751500      2.011211     -0.000078    -11.762633
      2.751625      2.049488      0.001444    -11.802556
      2.751750      2.020936      0.000259    -11.772946
      2.751875      1.994326      0.001310    -11.747512
      2.752000      1.990453     -0.000996    -11.741458
      2.752125      1.987722      0.001989    -11.741836
      2.752250      2.029782     -0.000453    -11.781579
      2.752375      2.016538     -0.003197    -11.765716
      2.752500      1.997751      0.000778    -11.751030
      2.752625      2.011466     -0.000025    -11.764066
      2.752750      2.036364     -0.000393    -11.788721
      2.752875      2.033147     -0.000853    -11.785169
      2.753000      2.031039      0.000050    -11.784089
      2.753125      2.031243      0.000301    -11.784668
      2.753250      2.008317     -0.000157    -11.761411
      2.753375      2.017634     -0.000829    -11.770180
      2.753500      2.024647     -0.000728    -11.777419
      2.753625      2.046791      0.000566    -11.800982
      2.753750      2.047860     -0.000633    -11.800977
      2.753875      1.994625     -0.001073    -11.747427
      2.754000      2.033581      0.001142    -11.788723
      2.754125      2.021283     -0.000739    -11.774669
      2.754250      2.017443      0.000655    -11.772349
      2.754375      2.012583     -0.001702    -11.765256
      2.754500      1.980778     -0.000133    -11.735144
      2.754625      1.999751     -0.001237    -11.753139
      2.754750      2.003108      0.000228    -11.758087
      2.754875      2.039201      0.000829    -11.794905
      2.755000      2.035366      0.000573    -11.790939
      2.755125      1.995371     -0.000735    -11.749762
      2.755250      2.026608      0.000382    -11.782239
      2.755375      1.974939      0.000934    -11.731248
      2.755500      2.004818     -0.000101    -11.760217
      2.755625      1.995789      0.001176    -11.752590
      2.755750      2.031397     -0.000205    -11.786941
      2.755875      2.015327     -0.000209    -11.770993
      2.756000      1.989858     -0.000501    -11.745357
      2.756125      2.001235      0.000925    -11.758285
      2.756250      1.990182     -0.001040    -11.745393
      2.756375      2.016389     -0.000864    -11.771900
      2.756500      1.946386      0.003888    -11.706775
      2.756625      1.973801      0.002977    -11.733403
      2.756750      1.968245     -0.000411    -11.724584
      2.756875      2.033943     -0.000342    -11.790475
      2.757000      2.000947     -0.000812    -11.757135
      2.757125      1.987340     -0.002917    -11.741548
      2.757250      2.013020      0.001424    -11.771694
      2.757375      1.996636      0.000716    -11.754727
      2.757500      2.002982     -0.001144    -11.759339
      2.757625      2.012219     -0.001536    -11.768308
      2.757750      1.974430      0.001314    -11.733494
      2.757875      2.000648     -0.000337    -11.758187
      2.758000      1.965721     -0.001115    -11.722607
      2.758125      2.000818     -0.000541    -11.758402
      2.758250      2.008772     -0.001414    -11.765607
      2.758375      2.023789      0.000922    -11.783086
      2.758500      1.973009      0.000726    -11.732236
      2.758625      1.996164      0.000831    -11.755621
      2.758750      2.031676     -0.000309    -11.790117
      2.758875      2.026004      0.001404    -11.786284
      2.759000      2.000007      0.000859    -11.759866
      2.759125      1.996221     -0.003253    -11.752093
      2.759250      1.977130      0.000012    -11.736392
      2.759375      1.964032      0.000795    -11.724203
      2.759500      1.981663     -0.001084    -11.740079
      2.759625      1.979541     -0.001698    -11.737468
      2.759750      1.989421     -0.000647    -11.748523
      2.759875      1.980695     -0.000554    -11.740016
      2.760000      1.985358     -0.001508    -11.743850
      2.760125      2.013802      0.000089    -11.774016
      2.760250      1.997276     -0.001061    -11.756465
      2.760375      1.975499     -0.000008    -11.735866
      2.760500      1.978612     -0.001165    -11.737947
      2.760625      1.979319     -0.002686    -11.737258
      2.760750      1.960801     -0.000455    -11.721096
      2.760875      1.968627     -0.000323    -11.729180
      2.761000      1.955285     -0.001720    -11.714565
      2.761125      2.006859      0.001212    -11.769196
      2.761250      1.947222     -0.002526    -11.705947
      2.761375      1.932829      0.000820    -11.695024
      2.761500      1.965113     -0.000587    -11.726026
      2.761625      1.943438     -0.000292    -11.704771
      2.761750      1.918018      0.001685    -11.681453
      2.761875      1.938253      0.000298    -11.700426
      2.762000      1.932857     -0.001344    -11.693514
      2.762125      1.935692     -0.001003    -11.696814
      2.762250      1.962626     -0.000731    -11.724144
      2.762375      1.960047     -0.000033    -11.722389
      2.762500      1.973189      0.000315    -11.736004
      2.762625      1.968005     -0.000763    -11.729867
      2.762750      1.970334      0.001141    -11.734225
      2.762875      1.949421      0.000544    -11.712840
      2.763000      1.914621     -0.001705    -11.675917
      2.763125      1.922689      0.000135    -11.685949
      2.763250      1.954388      0.001046    -11.718683
      2.763375      1.967521     -0.002241    -11.728654
      2.763500      1.997298     -0.000770    -11.760029
      2.763625      1.935374     -0.000858    -11.698141
      2.763750      1.947021      0.000334    -11.711105
      2.763875      1.939303      0.002083    -11.705261
      2.764000      1.962462      0.000646    -11.727108
      2.764125      1.936265     -0.000722    -11.699667
      2.764250      1.940069      0.000206    -11.704525
      2.764375      1.949679     -0.000451    -11.713603
      2.764500      1.958043     -0.000201    -11.722342
      2.764625      1.897362     -0.000182    -11.661804
      2.764750      1.939829     -0.000761    -11.703817
      2.764875      1.926910      0.000257    -11.692042
      2.765000      1.949682      0.000451    -11.715133
      2.765125      1.904130      0.000062    -11.669317
      2.765250      1.958652      0.001695    -11.725597
      2.765375      1.923996      0.000350    -11.689721
      2.765500      1.938477     -0.000567    -11.703410
      2.765625      1.914662      0.001548    -11.681835
      2.765750      1.913946     -0.000382    -11.679313
      2.765875      1.908949      0.000308    -11.675132
      2.766000      1.933606     -0.000019    -11.699587
      2.766125      1.943237     -0.001172    -11.708190
      2.766250      1.918509      0.001504    -11.686262
      2.766375      1.933785     -0.000953    -11.699207
      2.766500      1.915456      0.001151    -11.683107
      2.766625      1.922528      0.000019    -11.689172
      2.766750      1.931146      0.000325    -11.698221
      2.766875      1.874932      0.000083    -11.641889
      2.767000      1.901115     -0.000786    -11.667329
      2.767125      1.928194      0.000563    -11.695882
      2.767250      1.898709      0.000532    -11.666491
      2.767375      1.936598     -0.000257    -11.703716
      2.767500      1.938133      0.000102    -11.705735
      2.767625      1.899669     -0.001987    -11.665308
      2.767750      1.880186      0.000244    -11.648179
      2.767875      1.967353      0.002480    -11.737708
      2.768000      1.904355      0.001013    -11.673368
      2.768125      1.899939     -0.000493    -11.667570
      2.768250      1.947743      0.000430    -11.716423
      2.768375      1.935627      0.000046    -11.704048
      2.768500      1.903483     -0.001873    -11.670110
      2.768625      1.940488     -0.000215    -11.708898
      2.768750      1.882000     -0.002015    -11.648735
      2.768875      1.909502      0.000123    -11.678499
      2.769000      1.899496      0.000544    -11.669040
      2.769125      1.897278      0.000447    -11.666850
      2.769250      1.854697      0.000407    -11.624355
      2.769375      1.925124      0.000037    -11.694536
      2.769500      1.885524      0.000034    -11.655058
      2.769625      1.917913     -0.000407    -11.687132
      2.769750      1.902988      0.001640    -11.674377
      2.769875      1.874886     -0.000473    -11.644288
      2.770000      1.914489      0.002919    -11.687408
      2.770125      1.876761     -0.001322    -11.645564
      2.770250      1.846575     -0.000996    -11.615829
      2.770375      1.938961     -0.000623    -11.708713
      2.770500      1.912397      0.001345    -11.684242
      2.770625      1.921272      0.000798    -11.692695
      2.770750      1.902942     -0.001041    -11.672651
      2.770875      1.900300      0.000647    -11.671822
      2.771000      1.929916      0.000150    -11.701066
      2.771125      1.923043     -0.000712    -11.693456
      2.771250      1.883143     -0.001657    -11.652736
      2.771375      1.903712      0.000692    -11.675779
      2.771500      1.894354     -0.003481    -11.662373
      2.771625      1.934839     -0.003096    -11.703369
      2.771750      1.925222     -0.000118    -11.696853
      2.771875      1.931137      0.000371    -11.703383
      2.772000      1.903276      0.000035    -11.675311
      2.772125      1.906553      0.001162    -11.679840
      2.772250      1.914536      0.000025    -11.686811
      2.772375      1.941185     -0.000557    -11.713003
      2.772500      1.927406     -0.000991    -11.698915
      2.772625      1.912339     -0.000821    -11.684143
      2.772750      1.889709      0.001290    -11.663748
      2.772875      1.893456      0.002813    -11.669144
      2.773000      1.882356     -0.000089    -11.655267
      2.773125      1.901579      0.000004    -11.674708
      2.773250      1.914235     -0.000092    -11.687393
      2.773375      1.928341      0.000996    -11.702712
      2.773500      1.858264     -0.000594    -11.631170
      2.773625      1.885037     -0.000878    -11.657784
      2.773750      1.900644     -0.000906    -11.673488
      2.773875      1.889925     -0.002627    -11.661172
      2.774000      1.873555     -0.000071    -11.647484
      2.774125      1.924416      0.001047    -11.699588
      2.774250      1.938617      0.000129    -11.712996
      2.774375      1.883098      0.001308    -11.658781
      2.774500      1.871897      0.000528    -11.646924
      2.774625      1.897681      0.000417    -11.672724
      2.774750      1.873906      0.002424    -11.651080
      2.774875      1.927865      0.000299    -11.703040
      2.775000      1.867965      0.000396    -11.643361
      2.775125      1.914083      0.001085    -11.690293
      2.775250      1.887919     -0.000749    -11.662421
      2.775375      1.893844     -0.000213    -11.669006
      2.775500      1.864061     -0.001286    -11.638275
      2.775625      1.938986      0.001209    -11.715821
      2.775750      1.842397      0.000437    -11.618583
      2.775875      1.870211     -0.000879    -11.645207
      2.776000      1.859532      0.000150    -11.635682
      2.776125      1.822794      0.000195    -11.599114
      2.776250      1.843511      0.000293    -11.620054
      2.776375      1.814148      0.000445    -11.590968
      2.776500      1.846211     -0.000448    -11.622262
      2.776625      1.874186     -0.000189    -11.650622
      2.776750      1.839005     -0.000277    -11.615478
      2.776875      1.834391     -0.001756    -11.609511
      2.777000      1.873784     -0.000197    -11.650587
      2.777125      1.873540      0.001340    -11.652005
      2.777250      1.868649     -0.000596    -11.645303
      2.777375      1.841241     -0.001524    -11.617092
      2.777500      1.859863     -0.000617    -11.636746
      2.777625      1.894941     -0.000388    -11.672178
      2.777750      1.822867     -0.001390    -11.599227
      2.777875      1.816169      0.002576    -11.596620
      2.778000      1.821952     -0.000760    -11.599192
      2.778125      1.829666     -0.000294    -11.607497
      2.778250      1.844695      0.000583    -11.623527
      2.778375      1.835871      0.000035    -11.614281
      2.778500      1.844059     -0.001278    -11.621281
      2.778625      1.802436     -0.001030    -11.580032
      2.778750      1.836405     -0.001582    -11.613573
      2.778875      1.835128     -0.001626    -11.612377
      2.779000      1.821456      0.000852    -11.601308
      2.779125      1.793134      0.000475    -11.572734
      2.779250      1.817720      0.002577    -11.599547
      2.779375      1.824016     -0.000522    -11.602869
      2.779500      1.814261     -0.000180    -11.593582
      2.779625      1.832953      0.001191    -11.613769
      2.779750      1.806849      0.000165    -11.586764
      2.779875      1.806192     -0.000101    -11.585966
      2.780000      1.783998      0.000167    -11.564164
      2.780125      1.803797     -0.000718    -11.583204
      2.780250      1.810067     -0.000098    -11.590220
      2.780375      1.767266      0.000214    -11.547855
      2.780500      1.827605      0.000137    -11.608242
      2.780625      1.784922      0.001150    -11.566697
      2.780750      1.786774      0.000081    -11.567605
      2.780875      1.763010     -0.001677    -11.542209
      2.781000      1.726303     -0.001265    -11.506038
      2.781125      1.744036     -0.004971    -11.520190
      2.781250      1.739179      0.001121    -11.521550
      2.781375      1.765187      0.000952    -11.547514
      2.781500      1.735461      0.002291    -11.519252
      2.781625      1.755443      0.000154    -11.537222
      2.781750      1.757627      0.001756    -11.541133
      2.781875      1.761310     -0.001091    -11.542095
      2.782000      1.750864      0.004963    -11.537827
      2.782125      1.724402      0.000763    -11.507290
      2.782250      1.765688      0.000360    -11.548298
      2.782375      1.731966      0.001149    -11.515490
      2.782500      1.731361     -0.000136    -11.513725
      2.782625      1.752449     -0.000565    -11.534509
      2.782750      1.774795     -0.003853    -11.553692
      2.782875      1.057787     -0.086104    -10.754559
      2.783000      1.722964      0.000953    -11.506918
      2.783125      1.722164      0.000575    -11.505864
      2.783250      1.680756      0.000430    -11.464436
      2.783375      1.705496     -0.001298    -11.487573
      2.783500      1.700563     -0.001064    -11.482999
      2.783625      1.695152      0.000217    -11.478995
      2.783750      1.678595     -0.000897    -11.461447
      2.783875      1.695834      0.000054    -11.479763
      2.784000      1.694010      0.001262    -11.479273
      2.784125      1.699439     -0.000651    -11.482913
      2.784250      1.679646      0.000551    -11.464447
      2.784375      1.690024     -0.000376    -11.474023
      2.784500      1.696505      0.000787    -11.481792
      2.784625      1.689026     -0.000956    -11.472695
      2.784750      1.698139      0.000238    -11.483127
      2.784875      1.680579      0.001057    -11.466510
      2.785000      1.682259     -0.001251    -11.466007
      2.785125      1.701768     -0.003965    -11.482928
      2.785250      1.704050      0.001121    -11.490421
      2.785375      1.689712      0.000287    -11.475374
      2.785500      1.647080     -0.001863    -11.430716
      2.785625      1.692353     -0.000612    -11.477366
      2.785750      1.661528     -0.001060    -11.446219
      2.785875      1.680192     -0.001427    -11.464641
      2.786000      1.680054     -0.001186    -11.464869
      2.786125      1.692408     -0.001263    -11.477270
      2.786250      1.668755      0.000802    -11.455807
      2.786375      1.680934      0.003950    -11.471259
      2.786500      1.669202     -0.000379    -11.455323
      2.786625      1.683547      0.004060    -11.474233
      2.786750      1.654981     -0.000439    -11.441292
      2.786875      1.658873     -0.000298    -11.445449
      2.787000      1.663295     -0.000747    -11.449549
      2.787125      1.664542      0.001579    -11.453246
      2.787250      1.651127     -0.001578    -11.436799
      2.787375      1.644675      0.001571    -11.433621
      2.787500      1.641243      0.001696    -11.430439
      2.787625      1.663679     -0.000184    -11.451120
      2.787750      1.626723     -0.004007    -11.410466
      2.787875      1.633481     -0.001357    -11.419999
      2.788000      1.629779     -0.000011    -11.417768
      2.788125      1.653537     -0.002757    -11.438905
      2.788250      1.653541     -0.004418    -11.437374
      2.788375      1.661232     -0.001203    -11.448405
      2.788500      1.658369     -0.003833    -11.443036
      2.788625      1.675937      0.000822    -11.465384
      2.788750      1.656780     -0.000792    -11.444738
      2.788875      1.639932     -0.000919    -11.427888
      2.789000      1.653112      0.001505    -11.443617
      2.789125      1.640225      0.000562    -11.429912
      2.789250      1.606138      0.000663    -11.396052
      2.789375      1.621171      0.000255    -11.410801
      2.789500      1.666721      0.000028    -11.456250
      2.789625      1.655191      0.002426    -11.447241
      2.789750      1.667805      0.000011    -11.457566
      2.789875      1.654144     -0.001528    -11.442491
      2.790000      1.651441      0.000724    -11.442165
      2.790125      1.683156      0.000497    -11.473778
      2.790250      1.634669      0.005484    -11.430403
      2.790375      1.642657     -0.001270    -11.431762
      2.790500      1.629212     -0.000404    -11.419308
      2.790625      1.640293      0.000463    -11.431380
      2.790750      1.651008     -0.002823    -11.438934
      2.790875      1.653605      0.000111    -11.444590
      2.791000      1.652286     -0.000061    -11.443225
      2.791125      1.676622     -0.000040    -11.467707
      2.791250      1.663443     -0.003583    -11.451110
      2.791375      1.657195     -0.000868    -11.447702
      2.791500      1.636710      0.000372    -11.428582
      2.791625      1.671172     -0.001220    -11.461577
      2.791750      1.653114      0.000376    -11.445240
      2.791875      1.619962      0.001027    -11.412864
      2.792000      1.658265      0.000781    -11.451047
      2.792125      1.632831     -0.000847    -11.424108
      2.792250      1.599057     -0.000605    -11.390702
      2.792375      1.628560     -0.000498    -11.420437
      2.792500      1.621014     -0.001015    -11.412499
      2.792625      1.634670      0.000347    -11.427642
      2.792750      1.629737      0.000902    -11.423388
      2.792875      1.641752     -0.001947    -11.432680
      2.793000      1.617132      0.000282    -11.410414
      2.793125      1.623012     -0.001139    -11.414998
      2.793250      1.605508      0.001007    -11.399766
      2.793375      1.623342     -0.001087    -11.415630
      2.793500      1.655592     -0.001843    -11.447249
      2.793625      1.605736      0.003890    -11.403251
      2.793750      1.644151      0.000055    -11.437955
      2.793875      1.664184      0.000837    -11.458896
      2.794000      1.607090     -0.000034    -11.401056
      2.794125      1.596004      0.001986    -11.392115
      2.794250      1.610627     -0.000193    -11.404684
      2.794375      1.623861      0.000794    -11.419030
      2.794500      1.595201     -0.004333    -11.385368
      2.794625      1.651977      0.000241    -11.446843
      2.794750      1.636483     -0.000075    -11.431158
      2.794875      1.639833      0.000302    -11.435010
      2.795000      1.640745      0.000980    -11.436724
      2.795125      1.646268      0.000750    -11.442144
      2.795250      1.625475      0.001193    -11.421918
      2.795375      1.646569     -0.000255    -11.441689
      2.795500      1.623101     -0.001604    -11.416997
      2.795625      1.614345     -0.001013    -11.408957
      2.795750      1.614704      0.000215    -11.410669
      2.795875      1.665297      0.001224    -11.462396
      2.796000      1.643114      0.000691    -11.439805
      2.796125      1.628039     -0.000433    -11.423731
      2.796250      1.640335      0.000495    -11.437081
      2.796375      1.646525      0.002195    -11.445095
      2.796500      1.643225     -0.000394    -11.439331
      2.796625      1.653170     -0.000429    -11.449366
      2.796750      1.638996     -0.001115    -11.434632
      2.796875      1.633977      0.000823    -11.431675
      2.797000      1.630524      0.000310    -11.427834
      2.797125      1.669208      0.000240    -11.466573
      2.797250      1.646529      0.001825    -11.445605
      2.797375      1.653281      0.000199    -11.450854
      2.797500      1.624066     -0.000486    -11.421080
      2.797625      1.644028     -0.000657    -11.440996
      2.797750      1.637115      0.000024    -11.434889
      2.797875      1.610118     -0.000217    -11.407776
      2.798000      1.624957      0.006170    -11.429127
      2.798125      1.619570     -0.000595    -11.417100
      2.798250      1.628534      0.000133    -11.426917
      2.798375      1.639966      0.001099    -11.439440
      2.798500      1.623433      0.000523    -11.422456
      2.798625      1.604484      0.000521    -11.403630
      2.798750      1.627721     -0.000004    -11.426467
      2.798875      1.630950      0.000025    -11.429850
      2.799000      1.606454     -0.000136    -11.405318
      2.799125      1.615833      0.001109    -11.416067
      2.799250      1.626082      0.000129    -11.425461
      2.799375      1.643397      0.000472    -11.443245
      2.799500      1.618017     -0.001009    -11.416507
      2.799625      1.640022     -0.000702    -11.438945
      2.799750      1.608858      0.000245    -11.408853
      2.799875      1.602798     -0.000698    -11.401975
      2.800000      1.568879      0.004579    -11.373458
      2.800125      1.604350      0.001271    -11.405746
      2.800250      1.605237      0.000762    -11.406249
      2.800375      1.612352      0.000530    -11.413257
      2.800500      1.631430     -0.000461    -11.431469
      2.800625      1.622005     -0.000199    -11.422430
      2.800750      1.613013     -0.000602    -11.413161
      2.800875      1.614526     -0.000241    -11.415160
      2.801000      1.591023     -0.000103    -11.391920
      2.801125      1.600437      0.000135    -11.401696
      2.801250      1.594417      0.000248    -11.395915
      2.801375      1.586683      0.001005    -11.389063
      2.801500      1.597022     -0.000168    -11.398355
      2.801625      1.591209     -0.000825    -11.392010
      2.801750      1.609933     -0.000590    -11.411093
      2.801875      1.580133     -0.000425    -11.381583
      2.802000      1.592419      0.002132    -11.396551
      2.802125      1.576281      0.001670    -11.380076
      2.802250      1.573345     -0.001008    -11.374587
      2.802375      1.614895      0.000256    -11.417526
      2.802500      1.589731      0.000345    -11.392576
      2.802625      1.625274      0.001229    -11.429128
      2.802750      1.597765      0.003056    -11.403571
      2.802875      1.567169      0.000300    -11.370344
      2.803000      1.568343      0.000567    -11.371910
      2.803125      1.620753      0.002003    -11.425881
      2.803250      1.584576      0.000608    -11.388435
      2.803375      1.591160     -0.000647    -11.393889
      2.803500      1.582675     -0.000951    -11.385223
      2.803625      1.587890     -0.000196    -11.391319
      2.803750      1.598912      0.000649    -11.403311
      2.803875      1.608978      0.000645    -11.413498
      2.804000      1.594421     -0.002335    -11.396085
      2.804125      1.587764     -0.001556    -11.390333
      2.804250      1.570022     -0.001241    -11.373031
      2.804375      1.579567     -0.001126    -11.382815
      2.804500      1.587201      0.000861    -11.392562
      2.804625      1.575459     -0.000417    -11.379666
      2.804750      1.558524     -0.000030    -11.363245
      2.804875      1.587763     -0.000549    -11.392089
      2.805000      1.576429     -0.000312    -11.381116
      2.805125      1.548043     -0.000353    -11.352814
      2.805250      1.593052     -0.002200    -11.396102
      2.805375      1.573682     -0.000649    -11.378408
      2.805500      1.561157     -0.001655    -11.365003
      2.805625      1.559865     -0.001340    -11.364150
      2.805750      1.587964      0.001762    -11.395476
      2.805875      1.562467     -0.001555    -11.366787
      2.806000      1.584370     -0.000366    -11.390004
      2.806125      1.551215      0.000859    -11.358199
      2.806250      1.538703     -0.000606    -11.344347
      2.806375      1.531388      0.000403    -11.338166
      2.806500      1.541793     -0.000664    -11.347629
      2.806625      1.551535     -0.001272    -11.356888
      2.806750      1.544408     -0.001199    -11.349958
      2.806875      1.544903     -0.000670    -11.351109
      2.807000      1.550577     -0.000490    -11.357087
      2.807125      1.512742      0.000354    -11.320221
      2.807250      1.501512     -0.000253    -11.308509
      2.807375      1.530473      0.000042    -11.337890
      2.807500      1.502989      0.004382    -11.314870
      2.807625      1.529616     -0.001280    -11.335961
      2.807750      1.584298     -0.000610    -11.391438
      2.807875      1.554210     -0.003286    -11.358800
      2.808000      1.525676     -0.001717    -11.331959
      2.808125      1.537489      0.000593    -11.346207
      2.808250      1.530490      0.001573    -11.340313
      2.808375      1.549779      0.000502    -11.358657
      2.808500      1.589792     -0.000728    -11.397564
      2.808625      1.540171     -0.000784    -11.348013
      2.808750      1.574883      0.002809    -11.386442
      2.808875      1.518813      0.000745    -11.328434
      2.809000      1.561943      0.000157    -11.371101
      2.809125      1.548969     -0.000791    -11.357303
      2.809250      1.553124      0.000438    -11.362812
      2.809375      1.567771     -0.000426    -11.376720
      2.809500      1.524756     -0.000762    -11.333493
      2.809625      1.547478      0.000678    -11.357781
      2.809750      1.495741     -0.001332    -11.304159
      2.809875      1.554962     -0.001264    -11.363573
      2.810000      1.528083      0.000757    -11.338840
      2.810125      1.547963     -0.001348    -11.356740
      2.810250      1.533704      0.000050    -11.344003
      2.810375      1.532939     -0.003036    -11.340278
      2.810500      1.524339      0.001374    -11.336213
      2.810625      1.525569      0.001630    -11.337824
      2.810750      1.549818      0.000226    -11.360793
      2.810875      1.543347      0.000334    -11.354557
      2.811000      1.548705      0.000528    -11.360233
      2.811125      1.486823      0.000142    -11.298090
      2.811250      1.537100     -0.000474    -11.347876
      2.811375      1.538169     -0.002656    -11.346888
      2.811500      1.513025      0.000814    -11.325339
      2.811625      1.525110     -0.000482    -11.336253
      2.811750      1.541527     -0.000217    -11.353060
      2.811875      1.531191      0.000639    -11.343705
      2.812000      1.526897      0.000709    -11.339606
      2.812125      1.481043     -0.000692    -11.292476
      2.812250      1.468799      0.000029    -11.281078
      2.812375      1.460373      0.001219    -11.273967
      2.812500      1.505392     -0.000121    -11.317771
      2.812625      1.467448     -0.000319    -11.279754
      2.812750      1.433630     -0.000163    -11.246217
      2.812875      1.469541     -0.001099    -11.281316
      2.813000      1.486213     -0.000188    -11.299025
      2.813125      1.482422     -0.001479    -11.294069
      2.813250      1.499044     -0.003485    -11.308809
      2.813375      1.483726      0.000195    -11.297296
      2.813500      1.544891     -0.001836    -11.356554
      2.813625      1.498191     -0.002582    -11.309234
      2.813750      1.537494      0.001681    -11.352926
      2.813875      1.504857      0.001829    -11.320561
      2.814000      1.517838     -0.000564    -11.331274
      2.814125      1.496056      0.001286    -11.311467
      2.814250      1.474270     -0.000733    -11.287786
      2.814375      1.494804      0.000692    -11.309871
      2.814500      1.489031      0.000176    -11.303707
      2.814625      1.456972     -0.000352    -11.271245
      2.814750      1.503411      0.000095    -11.318257
      2.814875      1.446450     -0.000579    -11.260746
      2.815000      1.479046     -0.002884    -11.291162
      2.815125      1.470340     -0.001185    -11.284280
      2.815250      1.450484      0.002792    -11.268526
      2.815375      1.485400      0.000372    -11.301148
      2.815500      1.461560     -0.001623    -11.275437
      2.815625      1.460779     -0.001101    -11.275304
      2.815750      1.448984     -0.000381    -11.264353
      2.815875      1.472358     -0.001148    -11.287085
      2.816000      1.453392     -0.000341    -11.269051
      2.816125      1.439692      0.002757    -11.258574
      2.816250      1.406761      0.001266    -11.224276
      2.816375      1.392560      0.000980    -11.209915
      2.816500      1.374264      0.000137    -11.190901
      2.816625      0.523252      0.001836    -10.341713
      2.816750      0.221855      0.002015    -10.040620
      2.816875     -0.000181     -0.017320     -9.799374
      2.817000     -0.000539     -0.490832     -9.325629
      2.817125     -0.000744     -0.020135     -9.796246
      2.817250     -0.000350     -0.264559     -9.552341
      2.817375     -0.000507     -1.030291     -8.786577
      2.817500      0.000124     -0.151000     -9.666624
      2.817625      1.416329     -0.003300    -11.230654
      2.817750      1.455705      0.001230    -11.274685
      2.817875      1.459432      0.000264    -11.277572
      2.818000      1.447812      0.001167    -11.266979
      2.818125      1.453671      0.001010    -11.272806
      2.818250      1.505310     -0.000074    -11.323486
      2.818375      1.432695     -0.000237    -11.250833
      2.818500      1.420819      0.001125    -11.240444
      2.818625      1.472610      0.000524    -11.291759
      2.818750      1.486335      0.001566    -11.306651
      2.818875      1.536833     -0.000394    -11.355314
      2.819000      1.503574     -0.001898    -11.320676
      2.819125      1.466096     -0.001290    -11.283931
      2.819250      1.472742     -0.000264    -11.291728
      2.819375      1.465972     -0.000515    -11.284832
      2.819500      1.467204      0.000673    -11.287377
      2.819625      1.448614      0.000642    -11.268881
      2.819750      1.456941     -0.000844    -11.275847
      2.819875      1.476432     -0.000717    -11.295590
      2.820000      1.488033      0.001868    -11.309902
      2.820125      1.497579      0.000498    -11.318202
      2.820250      1.498518      0.001670    -11.320438
      2.820375      1.443069      0.001428    -11.264872
      2.820500      1.445724      0.001521    -11.267745
      2.820625      1.516720     -0.000071    -11.337274
      2.820750      1.506532     -0.001736    -11.325546
      2.820875      1.468025     -0.006404    -11.282496
      2.821000      1.494651      0.000920    -11.316571
      2.821125      1.470552     -0.000697    -11.290980
      2.821250      1.467542     -0.000760    -11.288032
      2.821375      1.437457     -0.000604    -11.258228
      2.821500      1.471683     -0.000149    -11.293034
      2.821625      1.423732      0.000238    -11.245596
      2.821750      1.405627     -0.002010    -11.225367
      2.821875      1.440714      0.000492    -11.263081
      2.822000      1.455121      0.001421    -11.278543
      2.822125      1.453894      0.000228    -11.276246
      2.822250      1.478084      0.001527    -11.301861
      2.822375      1.453834     -0.000378    -11.275832
      2.822500      1.459273     -0.001821    -11.279953
      2.822625      1.432304     -0.000357    -11.254572
      2.822750      1.485003      0.000131    -11.307884
      2.822875      1.492202      0.000241    -11.315317
      2.823000      1.486831     -0.001325    -11.308506
      2.823125      1.482193      0.000848    -11.306166
      2.823250      1.498999     -0.000422    -11.321827
      2.823375      1.460263     -0.000025    -11.283613
      2.823500      1.511691     -0.000665    -11.334526
      2.823625      1.486621     -0.000244    -11.310002
      2.823750      1.484378      0.000516    -11.308644
      2.823875      1.475728     -0.000625    -11.298978
      2.824000      1.483036      0.000175    -11.307211
      2.824125      1.499325     -0.000145    -11.323305
      2.824250      1.481066      0.000357    -11.305674
      2.824375      1.496428     -0.000990    -11.319812
      2.824500      1.460309     -0.000056    -11.284754
      2.824625      1.535021      0.000160    -11.359806
      2.824750      1.537236     -0.000109    -11.361876
      2.824875      1.486165      0.002290    -11.313330
      2.825000      1.504617     -0.002537    -11.327080
      2.825125      1.513039     -0.000877    -11.337287
      2.825250      1.548918     -0.000098    -11.374070
      2.825375      1.490914     -0.000278    -11.316011
      2.825500      1.462800     -0.000637    -11.287663
      2.825625      1.539320      0.001280    -11.366224
      2.825750      1.491712      0.000134    -11.317596
      2.825875      1.470726     -0.000212    -11.296389
      2.826000      1.482580     -0.000017    -11.308563
      2.826125      1.528347      0.002002    -11.356474
      2.826250      1.495787      0.000753    -11.322790
      2.826375      1.452720      0.000352    -11.279447
      2.826500      1.508547      0.000122    -11.335170
      2.826625      1.502791     -0.000335    -11.329080
      2.826750      1.489969     -0.000499    -11.316220
      2.826875      1.465910      0.000170    -11.292955
      2.827000      1.518104     -0.001094    -11.344010
      2.827125      1.466678     -0.000211    -11.293592
      2.827250      1.531112      0.000141    -11.358502
      2.827375      1.496311      0.000820    -11.324506
      2.827500      1.502618     -0.000045    -11.330073
      2.827625      1.461321      0.000709    -11.289656
      2.827750      1.500377     -0.000193    -11.327935
      2.827875      1.519392      0.001456    -11.348724
      2.828000      1.454935     -0.001769    -11.281166
      2.828125      1.503203     -0.000072    -11.331256
      2.828250      1.493609     -0.000353    -11.321506
      2.828375      1.474325     -0.001641    -11.301058
      2.828500      1.496345      0.000406    -11.325251
      2.828625      1.488863     -0.000845    -11.316644
      2.828750      1.505499     -0.000085    -11.334165
      2.828875      1.493856      0.000268    -11.322998
      2.829000      1.494588     -0.000882    -11.322705
      2.829125      1.524448      0.000365    -11.353939
      2.829250      1.488768      0.001110    -11.319128
      2.829375      1.489210     -0.003071    -11.315514
      2.829500      1.475182      0.000044    -11.304726
      2.829625      1.406069     -0.000899    -11.234795
      2.829750      1.507364     -0.000563    -11.336551
      2.829875      1.488942      0.000096    -11.318913
      2.830000      1.472838     -0.000399    -11.302439
      2.830125      1.500012     -0.001012    -11.329125
      2.830250      1.491217     -0.002040    -11.319428
      2.830375      1.507370      0.000953    -11.338698
      2.830500      1.508793     -0.000372    -11.338921
      2.830625      1.494875     -0.000899    -11.324601
      2.830750      1.515012     -0.002603    -11.343160
      2.830875      1.476170     -0.000063    -11.306982
      2.831000      1.491958      0.000420    -11.323378
      2.831125      1.481276     -0.001132    -11.311269
      2.831250      1.516740     -0.002015    -11.345974
      2.831375      1.501949     -0.001035    -11.332289
      2.831500      1.448606      0.001790    -11.281896
      2.831625      1.467660     -0.003187    -11.296098
      2.831750      1.441459      0.000565    -11.273774
      2.831875      1.464308     -0.000975    -11.295208
      2.832000      1.456638     -0.000473    -11.288165
      2.832125      1.501102      0.000006    -11.333233
      2.832250      1.495338      0.000693    -11.328281
      2.832375      1.448620      0.000310    -11.281305
      2.832500      1.478616      0.000744    -11.311859
      2.832625      1.495570      0.001587    -11.329782
      2.832750      1.466929     -0.000820    -11.298859
      2.832875      1.468826      0.001174    -11.302875
      2.833000      1.510166     -0.003838    -11.339329
      2.833125      1.446417      0.000874    -11.280415
      2.833250      1.443654      0.000110    -11.277014
      2.833375      1.472623      0.000503    -11.306501
      2.833500      1.451118      0.000827    -11.285445
      2.833625      1.458957      0.000269    -11.292851
      2.833750      1.448126      0.000384    -11.282260
      2.833875      1.424183      0.001588    -11.259647
      2.834000      1.455887      0.000851    -11.290738
      2.834125      1.440981     -0.001811    -11.273295
      2.834250      1.490704      0.000463    -11.325417
      2.834375      1.429821     -0.001313    -11.262883
      2.834500      1.479456     -0.000870    -11.313086
      2.834625      1.454127     -0.001850    -11.286901
      2.834750      1.447857      0.001269    -11.283876
      2.834875      1.475859      0.005279    -11.316013
      2.835000      1.459751     -0.003160    -11.291590
      2.835125      1.454222      0.000818    -11.290165
      2.835250      1.497553      0.000799    -11.333602
      2.835375      1.457550     -0.001532    -11.291393
      2.835500      1.437009     -0.002012    -11.270498
      2.835625      1.487436     -0.000541    -11.322520
      2.835750      1.433267     -0.001898    -11.267120
      2.835875      1.440478      0.003089    -11.279441
      2.836000      1.476070     -0.000985    -11.311085
      2.836125      1.513218     -0.000919    -11.348424
      2.836250      1.491680      0.004038    -11.331968
      2.836375      1.477239      0.000509    -11.314123
      2.836500      1.456839      0.003107    -11.296446
      2.836625      1.467438     -0.000406    -11.303657
      2.836750      1.483206     -0.000417    -11.319539
      2.836875      1.452025     -0.000172    -11.288728
      2.837000      1.443493     -0.001333    -11.279160
      2.837125      1.489614      0.000284    -11.327023
      2.837250      1.426065      0.001036    -11.264351
      2.837375      1.426865      0.001739    -11.265979
      2.837500      1.408069     -0.001658    -11.243911
      2.837625      1.395968      0.000844    -11.234437
      2.837750      1.405444     -0.000021    -11.243174
      2.837875      1.398272     -0.001973    -11.234174
      2.838000      1.413529      0.000327    -11.251856
      2.838125      1.425783     -0.001350    -11.262557
      2.838250      1.432592      0.002280    -11.273122
      2.838375      1.423844      0.000707    -11.262926
      2.838500      1.443453     -0.001376    -11.280577
      2.838625      1.441662     -0.001056    -11.279231
      2.838750      1.419159     -0.000903    -11.257006
      2.838875      1.468723      0.000154    -11.307752
      2.839000      1.407822     -0.000287    -11.246535
      2.839125      1.432797      0.001248    -11.273169
      2.839250      1.412793     -0.000444    -11.251600
      2.839375      1.420399     -0.001713    -11.258061
      2.839500      1.411563      0.000792    -11.251855
      2.839625      1.336267     -0.000375    -11.175517
      2.839750      0.134234      0.003537     -9.977521
      2.839875      0.000846     -0.168995     -9.671726
      2.840000      1.402889      0.000230    -11.243119
      2.840125      1.467784     -0.000153    -11.307756
      2.840250      1.446243     -0.000158    -11.286335
      2.840375      1.457373     -0.000028    -11.297721
      2.840500      1.465211     -0.000993    -11.304718
      2.840625      1.441673      0.001519    -11.283817
      2.840750      1.440044     -0.000239    -11.280556
      2.840875      1.449837      0.000004    -11.290716
      2.841000      1.456759      0.001268    -11.299028
      2.841125      1.446188      0.000374    -11.287687
      2.841250      1.473359      0.000297    -11.314906
      2.841375      1.463877     -0.004518    -11.300734
      2.841500      1.462579     -0.000269    -11.303810
      2.841625      1.458398     -0.000816    -11.299208
      2.841750      1.482514     -0.002486    -11.321778
      2.841875      1.459775      0.000408    -11.302058
      2.842000      1.452911     -0.000733    -11.294178
      2.842125      1.488710      0.001704    -11.332539
      2.842250      1.463114     -0.000389    -11.304975
      2.842375      1.433427     -0.000208    -11.275594
      2.842500      1.475505     -0.000656    -11.317349
      2.842625      1.441637      0.001180    -11.285442
      2.842750      1.449450      0.000164    -11.292364
      2.842875      1.429744      0.000254    -11.272873
      2.843000      1.435219     -0.000369    -11.277851
      2.843125      1.427543      0.000425    -11.271093
      2.843250      1.403131      0.002473    -11.248854
      2.843375      1.405516     -0.002472    -11.246419
      2.843500      1.373349     -0.000675    -11.216174
      2.843625      1.416828      0.002457    -11.262910
      2.843750      1.489749      0.000369    -11.333869
      2.843875      1.373037     -0.000415    -11.216497
      2.844000      1.420467      0.000016    -11.264484
      2.844125      1.399288      0.000291    -11.243704
      2.844250      1.456210     -0.002404    -11.298057
      2.844375      1.447707     -0.000286    -11.291796
      2.844500      1.436083      0.000428    -11.281011
      2.844625      1.401590      0.001733    -11.247948
      2.844750      1.412875     -0.001045    -11.256579
      2.844875      1.400991     -0.000414    -11.245452
      2.845000      1.385112      0.002369    -11.232481
      2.845125      1.415922     -0.001556    -11.259492
      2.845250      1.465761     -0.001207    -11.309803
      2.845375      1.411999      0.000671    -11.258045
      2.845500      1.362821      0.001558    -11.209879
      2.845625      1.372729     -0.000410    -11.217945
      2.845750      1.356508      0.003345    -11.205604
      2.845875      1.445995      0.001379    -11.293249
      2.846000      1.446312      0.000657    -11.292969
      2.846125      1.459940     -0.000754    -11.305311
      2.846250      1.396715     -0.003747    -11.239218
      2.846375      1.456987     -0.000314    -11.303048
      2.846500      1.409673     -0.000147    -11.256026
      2.846625      1.441807      0.000889    -11.289322
      2.846750      1.450942     -0.002522    -11.295170
      2.846875      1.435975      0.000510    -11.283361
      2.847000      1.424813      0.000255    -11.272067
      2.847125      1.448145     -0.001770    -11.293499
      2.847250      1.443502     -0.000233    -11.290520
      2.847375      1.448223      0.000191    -11.295788
      2.847500      1.477849     -0.000339    -11.325010
      2.847625      1.454967     -0.002443    -11.300149
      2.847750      1.460932     -0.001977    -11.306704
      2.847875      1.454910      0.000770    -11.303555
      2.848000      1.458877     -0.000707    -11.306169
      2.848125      1.475924     -0.000143    -11.323906
      2.848250      1.480346     -0.000140    -11.328456
      2.848375      1.483577      0.001420    -11.333372
      2.848500      1.459604     -0.000704    -11.307400
      2.848625      1.487823     -0.000203    -11.336245
      2.848750      1.425159     -0.000493    -11.273416
      2.848875      1.441288     -0.000433    -11.289730
      2.849000      1.467278     -0.000707    -11.315571
      2.849125      1.454099     -0.000280    -11.302943
      2.849250      1.443954      0.000263    -11.293466
      2.849375      1.400687      0.000280    -11.250342
      2.849500      1.428121     -0.002146    -11.275475
      2.849625      1.423004     -0.000645    -11.271984
      2.849750      1.437861     -0.002743    -11.284868
      2.849875      1.432994     -0.000897    -11.281972
      2.850000      1.464887     -0.000181    -11.314705
      2.850125      1.424830     -0.000529    -11.274426
      2.850250      1.452801     -0.000337    -11.302714
      2.850375      1.436080     -0.000817    -11.285638
      2.850500      1.423238      0.001666    -11.275403
      2.850625      1.432300     -0.000310    -11.282615
      2.850750      1.436040     -0.002158    -11.284632
      2.850875      1.433778     -0.001054    -11.283599
      2.851000      1.455975      0.000179    -11.307153
      2.851125      1.384576      0.000157    -11.235858
      2.851250      1.467614      0.000526    -11.319390
      2.851375      1.433471      0.000909    -11.285756
      2.851500      1.439736      0.000242    -11.291477
      2.851625      1.431062      0.001734    -11.284421
      2.851750      1.458274      0.000050    -11.310074
      2.851875      1.439876      0.000676    -11.292427
      2.852000      1.418949      0.000207    -11.271156
      2.852125      1.464110      0.000838    -11.317073
      2.852250      1.451945     -0.003579    -11.300616
      2.852375      1.462485     -0.002677    -11.312182
      2.852500      1.389172      0.003115    -11.244788
      2.852625      1.437107     -0.000646    -11.289086
      2.852750      1.416940      0.000171    -11.269860
      2.852875      1.469701     -0.002909    -11.319667
      2.853000      1.445230      0.000527    -11.298757
      2.853125      1.426128     -0.000715    -11.278538
      2.853250      1.433942      0.000063    -11.287256
      2.853375      1.433612      0.000100    -11.287088
      2.853500      1.431822      0.000492    -11.285813
      2.853625      1.445454      0.000806    -11.299885
      2.853750      1.433614     -0.000110    -11.287253
      2.853875      1.429982     -0.000096    -11.283761
      2.854000      1.410149      0.002924    -11.267073
      2.854125      1.445457     -0.000594    -11.298988
      2.854250      1.439122     -0.001437    -11.291935
      2.854375      1.383392     -0.000889    -11.236878
      2.854500      1.372566     -0.000258    -11.226808
      2.854625      1.427769     -0.000526    -11.281868
      2.854750      1.400630     -0.001822    -11.253558
      2.854875      1.407849      0.000911    -11.263635
      2.855000      1.366158      0.000300    -11.221458
      2.855125     -0.000686     -0.446000     -9.408439
      2.855250      1.411961      0.000858    -11.268069
      2.855375      1.432228      0.001704    -11.289307
      2.855500      1.414148      0.000526    -11.270174
      2.855625      1.356608     -0.001104    -11.211130
      2.855750      1.413111      0.001279    -11.270140
      2.855875      1.394951     -0.002389    -11.248437
      2.856000      1.389320      0.000138    -11.245458
      2.856125      1.395094      0.000087    -11.251306
      2.856250      1.426219     -0.002913    -11.279557
      2.856375      1.429156     -0.002211    -11.283320
      2.856500      1.396386     -0.000114    -11.252773
      2.856625      1.440148      0.002839    -11.299612
      2.856750      1.411841      0.003598    -11.272189
      2.856875      1.429448     -0.000507    -11.285817
      2.857000      1.400270     -0.002462    -11.254808
      2.857125      1.425442      0.000055    -11.282622
      2.857250      1.358112      0.000977    -11.216339
      2.857375      1.382964     -0.000278    -11.240061
      2.857500      1.388320     -0.000150    -11.245670
      2.857625      1.394057      0.000733    -11.252415
      2.857750      1.405638      0.000489    -11.263877
      2.857875      1.417130      0.000903    -11.275909
      2.858000      1.412383     -0.001279    -11.269103
      2.858125      1.395574      0.000389    -11.254088
      2.858250      1.384554      0.000161    -11.242965
      2.858375      1.363064      0.001241    -11.222680
      2.858500      1.348423     -0.000349    -11.206575
      2.858625      1.412320     -0.001919    -11.269026
      2.858750      1.393525      0.000778    -11.253053
      2.858875      1.407128     -0.000359    -11.265645
      2.859000      1.396539      0.000436    -11.255975
      2.859125      1.411234      0.001502    -11.271861
      2.859250      1.414565      0.000262    -11.274076
      2.859375      1.411142      0.000196    -11.270714
      2.859500      1.389807     -0.001532    -11.247775
      2.859625      1.391964     -0.000524    -11.251066
      2.859750      1.376780     -0.001460    -11.235071
      2.859875      1.403313     -0.000812    -11.262376
      2.860000      1.386980     -0.001513    -11.245467
      2.860125      1.364780     -0.001218    -11.223687
      2.860250      1.387403      0.000269    -11.247921
      2.860375      1.376425     -0.000713    -11.236087
      2.860500      1.410763      0.001164    -11.272427
      2.860625      1.360972      0.000772    -11.222369
      2.860750      1.342819     -0.001126    -11.202444
      2.860875      1.362563     -0.000369    -11.223069
      2.861000      1.346327      0.001705    -11.209032
      2.861125      1.342701     -0.000105    -11.203721
      2.861250      1.356380      0.000795    -11.218425
      2.861375      1.337573     -0.001196    -11.197751
      2.861500      1.317293     -0.000599    -11.178194
      2.861625      1.368264      0.001617    -11.231506
      2.861750      1.341765     -0.001787    -11.201728
      2.861875      1.366061      0.000951    -11.228887
      2.862000      1.312736      0.000678    -11.175414
      2.862125      1.307566     -0.000124    -11.169567
      2.862250      1.340418      0.000695    -11.203363
      2.862375      1.266472      0.000705    -11.129553
      2.862500      1.299998     -0.003680    -11.158817
      2.862625      1.305052     -0.000292    -11.167385
      2.862750      1.325364     -0.000001    -11.188113
      2.862875      1.283291      0.001222    -11.147388
      2.863000      1.321791      0.001091    -11.185882
      2.863125      1.274360     -0.000436    -11.137049
      2.863250      1.291715      0.001356    -11.156321
      2.863375      1.307627     -0.001501    -11.169501
      2.863500      1.323287     -0.000540    -11.186248
      2.863625      1.353842      0.000984    -11.218451
      2.863750      1.358536     -0.000506    -11.221781
      2.863875      1.269781      0.001585    -11.135242
      2.864000      1.228513     -0.000831    -11.091682
      2.864125      1.311572     -0.001903    -11.173794
      2.864250      1.277845      0.001950    -11.144045
      2.864375      1.313902     -0.000635    -11.177642
      2.864500      1.300700     -0.000009    -11.165191
      2.864625      1.256037     -0.001415    -11.119247
      2.864750      1.309748      0.000177    -11.174675
      2.864875      1.333478      0.002025    -11.200378
      2.865000      1.295892      0.000143    -11.161036
      2.865125      1.255705     -0.000336    -11.120494
      2.865250      1.221101     -0.001461    -11.084891
      2.865375      1.304210     -0.001211    -11.168374
      2.865500      1.276087      0.001745    -11.143333
      2.865625      1.285206      0.001779    -11.152611
      2.865750      1.257040      0.000072    -11.122862
      2.865875      1.249955      0.000602    -11.116432
      2.866000      1.248979     -0.001490    -11.113489
      2.866125      1.224004     -0.000152    -11.089977
      2.866250      1.271265      0.002239    -11.139754
      2.866375      1.227759     -0.000441    -11.093693
      2.866500      1.232976      0.000593    -11.100069
      2.866625      1.277119      0.000472    -11.144216
      2.866750      1.271919      0.001109    -11.139779
      2.866875      1.227919     -0.000066    -11.094727
      2.867000      1.290987     -0.001017    -11.156970
      2.867125      1.310667     -0.000218    -11.177574
      2.867250      1.243052      0.000107    -11.110410
      2.867375      1.249332      0.000017    -11.116724
      2.867500      1.236496     -0.002829    -11.101167
      2.867625      1.257089     -0.000219    -11.124495
      2.867750      1.206472      0.000079    -11.074301
      2.867875      1.174256     -0.000330    -11.041801
      2.868000      1.196516     -0.000677    -11.063839
      2.868125      1.228147     -0.001142    -11.095129
      2.868250      1.203501     -0.000360    -11.071391
      2.868375      1.239065     -0.002138    -11.105302
      2.868500      1.176829      0.002961    -11.048290
      2.868625      1.246503      0.000754    -11.115882
      2.868750      1.192629     -0.001078    -11.060301
      2.868875      1.172961     -0.000309    -11.041527
      2.869000      1.230923     -0.002774    -11.097149
      2.869125      1.179276      0.000076    -11.048477
      2.869250      1.220392     -0.001139    -11.088503
      2.869375      1.146520      0.000049    -11.015943
      2.869500      1.122920      0.001929    -10.994349
      2.869625      1.090298     -0.000062    -10.959861
      2.869750      1.108850      0.000578    -10.979177
      2.869875      1.081229      0.002020    -10.953124
      2.870000      1.146026      0.002850    -11.018875
      2.870125      1.144310     -0.000040    -11.014395
      2.870250      1.184946      0.000683    -11.055879
      2.870375      1.109454     -0.002116    -10.977713
      2.870500      1.139140      0.000197    -11.009837
      2.870625      1.121075      0.002694    -10.994395
      2.870750      1.076493      0.003134    -10.950377
      2.870875      1.089071     -0.002176    -10.957771
      2.871000      1.052396      0.000832    -10.924227
      2.871125      1.086926      0.001742    -10.959794
      2.871250      0.952609     -0.000296    -10.823562
      2.871375      1.026651     -0.000235    -10.897790
      2.871500      0.981987     -0.000262    -10.853225
      2.871625      0.941831      0.000356    -10.813811
      2.871750      0.835511     -0.001454    -10.705807
      2.871875      0.737741      0.000856    -10.610472
      2.872000      0.496383     -0.000634    -10.367749
      2.872125      0.465585     -0.000137    -10.337573
      2.872250      0.440759      0.001774    -10.314783
      2.872375      0.416443     -0.002155    -10.286663
      2.872500      0.381106     -0.002874    -10.250732
      2.872625      0.365803      0.000608    -10.239036
      2.872750      0.319023      0.001618    -10.193391
      2.872875      0.000565     -0.063073     -9.810367
      2.873000      0.299479     -0.003821    -10.168657
      2.873125      0.329277      0.000008    -10.202410
      2.873250      0.308649     -0.000189    -10.181709
      2.873375      0.282555     -0.000960    -10.154971
      2.873500     -0.000222     -0.347882     -9.525396
      2.873625      0.279721     -0.000012    -10.153334
      2.873750      0.266125     -0.005417    -10.134458
      2.873875      0.237106      0.002224    -10.113205
      2.874000      0.185643     -0.002454    -10.057189
      2.874125      0.000509     -0.053607     -9.821027
      2.874250      0.139113      0.000244    -10.013607
      2.874375      0.085067     -0.000816     -9.958626
      2.874500      0.000525     -0.138800     -9.736226
      2.874625      0.000167     -0.053843     -9.820949
      2.874750     -0.000112     -0.276625     -9.598013
      2.874875     -0.000437     -0.242433     -9.632005
      2.875000     -0.000304     -0.049539     -9.825157
      2.875125      0.000008     -0.023858     -9.851275
      2.875250      0.000068     -0.075705     -9.799613
      2.875375      0.000008     -0.137639     -9.737745
      2.875500     -0.000007     -0.208860     -9.666633
      2.875625     -0.000410     -0.296956     -9.578260
      2.875750     -0.000290     -0.408991     -9.466469
      2.875875      0.000498     -0.574726     -9.301647
      2.876000      0.000206     -0.880079     -8.996127
      2.876125     -0.000440     -1.439534     -8.436151
      2.876250     -0.000275     -0.739898     -9.136078
      2.876375      0.000657     -0.508129     -9.368903
      2.876500     -0.000721     -0.363453     -9.512327
      2.876625     -0.000283     -0.260973     -9.615370
      2.876750      0.000554     -0.179948     -9.697356
      2.876875     -0.000418     -0.115085     -9.761371
      2.877000      0.000235     -0.057884     -9.819351
      2.877125      0.000134     -0.009312     -9.867947
      2.877250      0.000050     -0.017901     -9.859399
      2.877375      0.000217     -0.041822     -9.835770
      2.877500     -0.000519     -0.068661     -9.808320
      2.877625      0.000168     -0.093698     -9.784094
      2.877750     -0.000179     -0.120936     -9.756635
      2.877875      0.000525     -0.149693     -9.728706
      2.878000      0.000641     -0.180257     -9.698384
      2.878125     -0.000113     -0.216423     -9.661589
      2.878250     -0.000892     -0.249219     -9.628139
      2.878375      0.000619     -0.286167     -9.592827
      2.878500      0.000403     -0.327332     -9.551571
      2.878625      0.000578     -0.370563     -9.508640
      2.878750      0.000562     -0.417832     -9.461481
      2.878875     -0.000324     -0.469585     -9.408967
      2.879000     -0.000632     -0.526453     -9.351915
      2.879125     -0.000238     -0.589890     -9.288997
      2.879250     -0.000427     -0.661233     -9.217590
      2.879375     -0.000169     -0.742416     -9.136790
      2.879500     -0.000053     -0.836593     -9.042854
      2.879625      0.000014     -0.947972     -8.931667
      2.879750     -0.000354     -1.083848     -8.795548
      2.879875     -0.000400     -1.256913     -8.622561
      2.880000      0.000355     -1.493515     -8.386841
      2.880125     -0.000278     -1.860104     -8.019743
      2.880250     -0.000363     -2.669716     -7.210171
      2.880375      0.000115     -2.650656     -7.229834
      2.880500      0.000613     -1.791462     -8.089650
      2.880625      0.000014     -1.380701     -8.499939
      2.880750     -0.000797     -1.094317     -8.785637
      2.880875      0.000532     -0.869891     -9.011515
      2.881000     -0.000513     -0.672023     -9.208464
      2.881125      0.000409     -0.495930     -9.385604
      2.881250     -0.000496     -0.306121     -9.574632
      2.881375      0.740510      0.002127    -10.624012
      2.881500      1.259539     -0.000225    -11.140814
      2.881625      1.234717      0.001312    -11.117654
      2.881750      1.323060      0.001493    -11.206303
      2.881875      1.296956     -0.000486    -11.178345
      2.882000      1.316091      0.002340    -11.200431
      2.882125      1.372669     -0.002520    -11.252274
      2.882250      1.360890      0.000165    -11.243305
      2.882375      1.313146     -0.006101    -11.189420
      2.882500      1.360865      0.000604    -11.243969
      2.882625      1.317297     -0.001353    -11.198569
      2.882750      1.362753      0.001363    -11.246866
      2.882875      1.369293      0.001759    -11.253927
      2.883000      1.371186      0.000076    -11.254262
      2.883125      1.403836     -0.000462    -11.286500
      2.883250      1.356523     -0.000335    -11.239438
      2.883375      1.418679     -0.001675    -11.300379
      2.883500      1.416187      0.001069    -11.300756
      2.883625      1.409378     -0.002552    -11.290451
      2.883750      1.401748     -0.000973    -11.284525
      2.883875      1.383142      0.001344    -11.268361
      2.884000      1.356452      0.002489    -11.242941
      2.884125      1.373627     -0.000369    -11.257384
      2.884250      1.394972     -0.000869    -11.278353
      2.884375      1.398380      0.000064    -11.282820
      2.884500      1.386306      0.001125    -11.271931
      2.884625      1.372236     -0.000119    -11.256742
      2.884750      1.393284      0.000526    -11.278560
      2.884875      1.400560      0.001208    -11.286644
      2.885000      1.358675     -0.001091    -11.242584
      2.885125      1.407669      0.002308    -11.295102
      2.885250      1.377793      0.000963    -11.264007
      2.885375      1.426107      0.001085    -11.312566
      2.885500      1.383849     -0.000576    -11.268773
      2.885625      1.397204     -0.000833    -11.281996
      2.885750      1.420311      0.001036    -11.307097
      2.885875      1.360850     -0.001750    -11.244975
      2.886000      1.415558      0.000378    -11.301936
      2.886125      1.403922      0.002424    -11.292471
      2.886250      1.410040      0.000581    -11.296871
      2.886375      1.413412      0.001773    -11.301560
      2.886500      1.386133     -0.000288    -11.272345
      2.886625      1.419702     -0.000109    -11.306218
      2.886750      1.431491      0.001198    -11.319439
      2.886875      1.368890     -0.000512    -11.255254
      2.887000      1.415186      0.000686    -11.302872
      2.887125      1.411969      0.000544    -11.299639
      2.887250      1.409284     -0.001035    -11.295499
      2.887375      1.417730     -0.001168    -11.303937
      2.887500      1.395146     -0.000674    -11.281972
      2.887625      1.436602      0.000301    -11.324528
      2.887750      1.377219      0.000749    -11.265718
      2.887875      1.391341      0.000736    -11.279952
      2.888000      1.411223     -0.000743    -11.298480
      2.888125      1.428784     -0.002559    -11.314351
      2.888250      1.403108      0.000376    -11.291734
      2.888375      1.389022      0.000589    -11.277987
      2.888500      1.389083     -0.001154    -11.276429
      2.888625      1.409785      0.001112    -11.299522
      2.888750      1.395230     -0.002132    -11.281848
      2.888875      1.414081      0.001243    -11.304199
      2.889000      1.436390     -0.000388    -11.325002
      2.889125      1.410488     -0.000743    -11.298870
      2.889250      1.445859      0.000216    -11.335325
      2.889375      1.444602      0.000163    -11.334141
      2.889500      1.408103      0.001235    -11.298837
      2.889625      1.428171      0.000151    -11.317947
      2.889750      1.419934      0.001341    -11.311025
      2.889875      1.406669      0.000567    -11.297112
      2.890000      1.401327     -0.001692    -11.289635
      2.890125      1.422025      0.000247    -11.312397
      2.890250      1.424766      0.000253    -11.315270
      2.890375      1.447064      0.001511    -11.338950
      2.890500      1.440459      0.001790    -11.332749
      2.890625      1.414447      0.000390    -11.305462
      2.890750      1.440001      0.001299    -11.332050
      2.890875      1.429718      0.000555    -11.321148
      2.891000      1.413799      0.001378    -11.306177
      2.891125      1.434369      0.001015    -11.326509
      2.891250      1.396946      0.001299    -11.289495
      2.891375      1.444249      0.002157    -11.337781
      2.891500      1.425505     -0.000303    -11.316702
      2.891625      1.388006     -0.000732    -11.278899
      2.891750      1.404312      0.001393    -11.297455
      2.891875      1.411698      0.000294    -11.303867
      2.892000      1.392535      0.000479    -11.285014
      2.892125      1.406088     -0.002312    -11.295901
      2.892250      1.415049      0.000266    -11.307565
      2.892375      1.410369     -0.000702    -11.302042
      2.892500      1.413672      0.000178    -11.306350
      2.892625      1.419053     -0.000655    -11.311023
      2.892750      1.398624     -0.000375    -11.290998
      2.892875      1.395853     -0.000056    -11.288672
      2.893000      1.426747     -0.003290    -11.316457
      2.893125      1.414639      0.001871    -11.309636
      2.893250      1.402262      0.001458    -11.296971
      2.893375      1.384457     -0.001031    -11.276801
      2.893500      1.411506     -0.000610    -11.304396
      2.893625      1.418412     -0.000043    -11.311994
      2.893750      1.402588      0.000390    -11.296728
      2.893875      1.433234     -0.000424    -11.326685
      2.894000      1.432456      0.001617    -11.328074
      2.894125      1.421736     -0.001092    -11.314769
      2.894250      1.417722     -0.001040    -11.310932
      2.894375      1.439849     -0.000068    -11.334156
      2.894500      1.399246     -0.000854    -11.292892
      2.894625      1.411263     -0.000947    -11.304941
      2.894750      1.389223      0.000811    -11.284784
      2.894875      1.385206      0.003593    -11.283673
      2.895000      1.423433     -0.000005    -11.318428
      2.895125      1.420207     -0.003068    -11.312265
      2.895250      1.441552      0.000596    -11.337398
      2.895375      1.404491      0.000647    -11.300513
      2.895500      1.418363      0.000787    -11.314650
      2.895625      1.385128     -0.001027    -11.279726
      2.895750      1.390257      0.000856    -11.286863
      2.895875      1.405815      0.001736    -11.303425
      2.896000      1.387774     -0.000542    -11.283232
      2.896125      1.423685      0.001041    -11.320851
      2.896250      1.388236      0.000405    -11.284891
      2.896375      1.413367      0.000624    -11.310366
      2.896500      1.382760     -0.001247    -11.278013
      2.896625      1.363076      0.000196    -11.259897
      2.896750      1.383140     -0.000487    -11.279404
      2.896875      1.403160      0.000275    -11.300310
      2.897000      1.400929     -0.001382    -11.296547
      2.897125      1.400027      0.001075    -11.298227
      2.897250      1.377378      0.001080    -11.275708
      2.897375      1.395194      0.001243    -11.293812
      2.897500      1.403845     -0.001970    -11.299375
      2.897625      1.402461      0.003903    -11.303989
      2.897750      1.408025      0.000459    -11.306234
      2.897875      1.359041     -0.000976    -11.255939
      2.898000      1.411487      0.000339    -11.309826
      2.898125      1.371040     -0.000863    -11.268302
      2.898250      1.463470     -0.001358    -11.360362
      2.898375      1.370412     -0.000837    -11.267950
      2.898500      1.395531      0.001784    -11.295815
      2.898625      1.407021     -0.000335    -11.305310
      2.898750      1.402808      0.000381    -11.301939
      2.898875      1.409154     -0.002165    -11.305864
      2.899000      1.395917     -0.000747    -11.294170
      2.899125      1.378380      0.002226    -11.279731
      2.899250      1.382567     -0.000359    -11.281458
      2.899375      1.407723      0.002090    -11.309188
      2.899500      1.382623      0.000814    -11.282937
      2.899625      1.382008     -0.000789    -11.280844
      2.899750      1.388309     -0.000635    -11.287424
      2.899875      1.370150      0.002908    -11.272933
      2.900000      1.377175      0.000210    -11.277386
      2.900125      1.391058      0.000126    -11.291309
      2.900250      1.394548      0.000834    -11.295632
      2.900375      1.400891      0.001460    -11.302727
      2.900500      1.366597     -0.000366    -11.266731
      2.900625      1.365426     -0.001129    -11.264922
      2.900750      1.341028     -0.000413    -11.241365
      2.900875      1.379927      0.000684    -11.281486
      2.901000      1.366255      0.001127    -11.268383
      2.901125      1.306863      0.000036    -11.208024
      2.901250      1.335427      0.000630    -11.237307
      2.901375      1.321678     -0.000077    -11.222976
      2.901500      1.317480      0.000487    -11.219466
      2.901625      1.330717     -0.000974    -11.231368
      2.901750      1.381990     -0.003637    -11.280102
      2.901875      1.352922     -0.000084    -11.254712
      2.902000      1.380266      0.000154    -11.282420
      2.902125      1.378116      0.002502    -11.282743
      2.902250      1.371738     -0.001732    -11.272255
      2.902375      1.383920      0.000578    -11.286874
      2.902500      1.362355     -0.000348    -11.264506
      2.902625      1.405398     -0.001031    -11.306992
      2.902750      1.398255     -0.001543    -11.299462
      2.902875      1.345215     -0.001065    -11.247025
      2.903000      1.360905     -0.000119    -11.263786
      2.903125      1.414900     -0.000643    -11.317382
      2.903250      1.351680      0.000137    -11.255068
      2.903375      1.404684     -0.001593    -11.306466
      2.903500      1.391070      0.000063    -11.294633
      2.903625      1.380328      0.000455    -11.284408
      2.903750      1.396274      0.000068    -11.300092
      2.903875      1.363803      0.000390    -11.268068
      2.904000      1.399249     -0.001496    -11.301754
      2.904125      1.325512      0.000314    -11.229951
      2.904250      1.411449      0.000500    -11.316199
      2.904375      1.386978     -0.001368    -11.289985
      2.904500      1.355561      0.005307    -11.265369
      2.904625      1.369275     -0.002822    -11.271078
      2.904750      1.350890      0.001256    -11.256897
      2.904875      1.379127      0.000587    -11.284590
      2.905000      1.340442     -0.001156    -11.244287
      2.905125      1.335216      0.002824    -11.243165
      2.905250      1.375855      0.001168    -11.282274
      2.905375      1.356208     -0.000168    -11.261415
      2.905500      1.319133     -0.000077    -11.224556
      2.905625      1.368545      0.001714    -11.275885
      2.905750      1.285827     -0.000240    -11.191337
      2.905875      1.319766     -0.001708    -11.223933
      2.906000      1.357505     -0.001040    -11.262465
      2.906125      1.321837     -0.003525    -11.224437
      2.906250      1.310566      0.000934    -11.217750
      2.906375      1.271248     -0.001243    -11.176380
      2.906500      1.276489      0.000199    -11.183188
      2.906625      1.287503      0.000464    -11.194591
      2.906750      1.270260      0.000690    -11.177699
      2.906875      0.204795     -0.003162    -10.108508
      2.907000     -0.000272     -0.511550     -9.395178
      2.907125      0.000069     -0.415493     -9.491701
      2.907250      1.322922      0.001158    -11.231330
      2.907375      1.353885      0.000030    -11.261291
      2.907500      1.336385     -0.000122    -11.243764
      2.907625      1.341073      0.002289    -11.250987
      2.907750      1.347483     -0.001474    -11.253760
      2.907875      1.382077      0.000129    -11.290081
      2.908000      1.364163     -0.000449    -11.271714
      2.908125      1.361138     -0.001629    -11.267634
      2.908250      1.361281      0.001331    -11.270862
      2.908375      1.383831      0.000781    -11.292987
      2.908500      1.361189     -0.001169    -11.268520
      2.908625      1.352990      0.000375    -11.261990
      2.908750      1.386349      0.000115    -11.295214
      2.908875      1.353121     -0.002144    -11.259853
      2.909000      1.370636     -0.002418    -11.277218
      2.909125      1.378886      0.000648    -11.288659
      2.909250      1.371451      0.001116    -11.281817
      2.909375      1.397270     -0.000604    -11.306041
      2.909500      1.381182     -0.000448    -11.290234
      2.909625      1.389463      0.001915    -11.301003
      2.909750      1.382403     -0.000709    -11.291444
      2.909875      1.373020     -0.000822    -11.282073
      2.910000      1.329636      0.000059    -11.239695
      2.910125      1.351621      0.000139    -11.261885
      2.910250      1.345802     -0.000038    -11.256014
      2.910375      1.335566     -0.000590    -11.245351
      2.910500      1.308458     -0.000349    -11.218609
      2.910625      1.328904     -0.000094    -11.239435
      2.910750      1.314667      0.000683    -11.226100
      2.910875      1.339725      0.002202    -11.252802
      2.911000      1.381374      0.002808    -11.295182
      2.911125      1.324879      0.000130    -11.236134
      2.911250      1.335867      0.001696    -11.248813
      2.911375      1.352571      0.000509    -11.264455
      2.911500      1.359356     -0.001322    -11.269534
      2.911625      1.348572     -0.001670    -11.258527
      2.911750      1.365693     -0.000941    -11.276502
      2.911875      1.351474     -0.000172    -11.263177
      2.912000      1.351989     -0.001196    -11.262793
      2.912125      1.323414      0.000214    -11.235753
      2.912250      1.326836     -0.000196    -11.238890
      2.912375      1.302147      0.000630    -11.215152
      2.912500      1.345523      0.001174    -11.259197
      2.912625      1.334758      0.001582    -11.248965
      2.912750      1.329109      0.001812    -11.243671
      2.912875      1.304964      0.000850    -11.218689
      2.913000      1.321449     -0.000675    -11.233774
      2.913125      1.320861      0.000415    -11.234401
      2.913250      1.373109     -0.000613    -11.285746
      2.913375      1.319583     -0.000178    -11.232780
      2.913500      1.352667      0.001576    -11.267744
      2.913625      1.380885     -0.000411    -11.294099
      2.913750      1.349056     -0.000245    -11.262561
      2.913875      1.363489     -0.000338    -11.277026
      2.914000      1.325601     -0.000387    -11.239214
      2.914125      1.385294     -0.002421    -11.296998
      2.914250      1.375516     -0.001457    -11.288309
      2.914375      1.344514      0.001160    -11.260049
      2.914500      1.349118     -0.002739    -11.260879
      2.914625      1.352888      0.001111    -11.268624
      2.914750      1.347215      0.000738    -11.262704
      2.914875      1.363485      0.001105    -11.279465
      2.915000      1.358797      0.000520    -11.274316
      2.915125      1.358974      0.000262    -11.274360
      2.915250      1.356860      0.000510    -11.272621
      2.915375      1.368205      0.000008    -11.283588
      2.915500      1.330228     -0.000972    -11.244757
      2.915625      1.340756     -0.000462    -11.255919
      2.915750      1.333588     -0.000571    -11.248767
      2.915875      1.368175      0.000578    -11.284628
      2.916000      1.344953      0.000430    -11.261384
      2.916125      1.337025      0.001131    -11.254281
      2.916250      1.362679      0.001407    -11.280336
      2.916375      1.352795      0.002669    -11.271839
      2.916500      1.371544      0.001918    -11.289963
      2.916625      1.353317     -0.000744    -11.269198
      2.916750      1.362906      0.000371    -11.280027
      2.916875      1.347037     -0.000487    -11.263425
      2.917000      1.340584     -0.000904    -11.256680
      2.917125      1.314672      0.000893    -11.232690
      2.917250      1.348615      0.001305    -11.267171
      2.917375      1.330444     -0.002168    -11.245650
      2.917500      1.352965     -0.000075    -11.270390
      2.917625      1.334995     -0.000032    -11.252587
      2.917750      1.369565     -0.000488    -11.286827
      2.917875      1.288341      0.000621    -11.206837
      2.918000      1.353075     -0.000237    -11.270838
      2.918125      1.371261      0.000032    -11.289419
      2.918250      1.347621     -0.002501    -11.263370
      2.918375      1.336114     -0.000107    -11.254383
      2.918500      1.331734     -0.000520    -11.249714
      2.918625      1.332593     -0.000673    -11.250546
      2.918750      1.322193      0.001170    -11.242114
      2.918875      1.310235      0.001286    -11.230396
      2.919000      1.313073      0.000690    -11.232763
      2.919125      1.311365      0.002143    -11.232633
      2.919250      1.264417      0.001268    -11.184936
      2.919375      1.346379      0.000183    -11.265937
      2.919500      1.338147      0.002392    -11.260039
      2.919625      1.339311     -0.000724    -11.258213
      2.919750      1.333809     -0.000331    -11.253228
      2.919875      1.313941     -0.000106    -11.233710
      2.920000      1.350584      0.000122    -11.270706
      2.920125      1.371593     -0.001804    -11.289914
      2.920250      1.345949     -0.003704    -11.262495
      2.920375      1.355001      0.001269    -11.276645
      2.920500      1.336785     -0.000618    -11.256667
      2.920625      1.348637      0.000668    -11.269930
      2.920750      1.360370     -0.000251    -11.280869
      2.920875      1.341841      0.000342    -11.263058
      2.921000      1.378435     -0.000701    -11.298735
      2.921125      1.336124      0.000373    -11.257622
      2.921250      1.330659      0.000257    -11.252166
      2.921375      1.346538      0.000054    -11.267967
      2.921500      1.321924     -0.000278    -11.243147
      2.921625      1.314886      0.000358    -11.236869
      2.921750      1.369730     -0.000307    -11.291174
      2.921875      1.373313     -0.000501    -11.294687
      2.922000      1.309128      0.002253    -11.233381
      2.922125      1.348171     -0.000186    -11.270109
      2.922250      1.329124     -0.000365    -11.251010
      2.922375      1.339030      0.000167    -11.261572
      2.922500      1.330389     -0.002607    -11.250282
      2.922625      1.337198      0.000748    -11.260572
      2.922750      1.340570     -0.000201    -11.263119
      2.922875      1.330941      0.000137    -11.253953
      2.923000      1.358273     -0.001225    -11.280047
      2.923125      1.330883     -0.001829    -11.252179
      2.923250      1.313093      0.001393    -11.237736
      2.923375      1.343909     -0.000221    -11.267063
      2.923500      1.335468      0.000393    -11.259362
      2.923625      1.318197      0.001205    -11.243027
      2.923750      1.324509      0.001018    -11.249277
      2.923875      1.323419     -0.000647    -11.246647
      2.924000      1.339751      0.000659    -11.264410
      2.924125      1.338764     -0.001819    -11.261070
      2.924250      1.255419     -0.003034    -11.176635
      2.924375      1.249000     -0.001904    -11.171471
      2.924500      1.292554      0.000177    -11.217231
      2.924625      1.270740     -0.001497    -11.193868
      2.924750      1.318080      0.000511    -11.243341
      2.924875      1.345149      0.001502    -11.271526
      2.925000      1.336860     -0.000621    -11.261239
      2.925125      1.348854     -0.000631    -11.273347
      2.925250      1.351669     -0.000585    -11.276334
      2.925375      0.000696     -0.022253     -9.903818
      2.925500      1.336680     -0.001201    -11.260979
      2.925625      1.364309      0.000972    -11.290906
      2.925750      1.347518      0.000176    -11.273445
      2.925875      1.348625     -0.000803    -11.273697
      2.926000      1.344270     -0.001259    -11.269011
      2.926125      1.358145     -0.000155    -11.284115
      2.926250      1.327720      0.000002    -11.253972
      2.926375      1.315841      0.001032    -11.243248
      2.926500      1.342497     -0.000366    -11.268632
      2.926625      1.317693     -0.000128    -11.244190
      2.926750      1.354858      0.001645    -11.283253
      2.926875      1.342813      0.000803    -11.270491
      2.927000      1.356208      0.001109    -11.284317
      2.927125      1.342122      0.001081    -11.270328
      2.927250      1.310966     -0.001603    -11.236613
      2.927375      1.331292      0.001860    -11.260526
      2.927500      1.358498      0.000175    -11.286173
      2.927625      1.318415      0.002995    -11.249035
      2.927750      1.304812     -0.000438    -11.232124
      2.927875      1.317975     -0.000275    -11.245575
      2.928000      1.331134      0.000282    -11.259415
      2.928125      1.291716      0.002471    -11.222311
      2.928250      1.280849      0.000732    -11.209831
      2.928375      1.330971     -0.000766    -11.258580
      2.928500      1.337384     -0.000702    -11.265182
      2.928625      1.300376      0.000500    -11.229502
      2.928750      1.299734     -0.000676    -11.227808
      2.928875      1.310005      0.000594    -11.239474
      2.929000      1.274264     -0.003167    -11.200097
      2.929125      1.304915      0.000459    -11.234499
      2.929250      1.301969     -0.002442    -11.228778
      2.929375      1.319079     -0.000495    -11.247958
      2.929500      1.326420      0.004563    -11.260483
      2.929625      1.304762      0.001715    -11.236102
      2.929750      1.293188     -0.000921    -11.222017
      2.929875      1.270663      0.001037    -11.201575
      2.930000      1.272102      0.001272    -11.203374
      2.930125      1.244852      0.000930    -11.175907
      2.930250      0.157508      0.001730    -10.089488
      2.930375      1.313128      0.000360    -11.243863
      2.930500      1.288664     -0.000540    -11.218624
      2.930625      1.326755     -0.002235    -11.255145
      2.930750      1.314859      0.001262    -11.246871
      2.930875      1.313277     -0.000793    -11.243359
      2.931000      1.299912     -0.000641    -11.230271
      2.931125      1.291749      0.001140    -11.224015
      2.931250      1.331777     -0.000634    -11.262393
      2.931375      1.317689      0.000317    -11.249381
      2.931500      1.295859      0.000150    -11.227509
      2.931625      1.303941      0.000608    -11.236173
      2.931750      1.336617     -0.000386    -11.267980
      2.931875      1.302378      0.002207    -11.236461
      2.932000      1.294406     -0.001402    -11.225004
      2.932125      1.326400      0.000271    -11.258795
      2.932250      1.274175      0.000345    -11.206771
      2.932375      1.237454     -0.000382    -11.169447
      2.932500      1.265037      0.000396    -11.197933
      2.932625      1.331887      0.000556    -11.265068
      2.932750      1.306951      0.000459    -11.240159
      2.932875      1.337487     -0.001159    -11.269203
      2.933000      1.308425      0.000626    -11.242052
      2.933125      1.296788      0.000382    -11.230295
      2.933250      1.293577      0.003182    -11.230009
      2.933375      1.332173     -0.000010    -11.265539
      2.933500      1.319657      0.001244    -11.254401
      2.933625      1.298626     -0.000336    -11.231915
      2.933750      1.283534     -0.000597    -11.216687
      2.933875      1.270790      0.001179    -11.205844
      2.934000      1.308943      0.000236    -11.243179
      2.934125      1.275428      0.000651    -11.210204
      2.934250      1.325416      0.001253    -11.260919
      2.934375      1.304671     -0.000559    -11.238487
      2.934500      1.284952     -0.001606    -11.217846
      2.934625      1.309988      0.001589    -11.246202
      2.934750      1.304933     -0.002498    -11.237185
      2.934875      1.296113     -0.002293    -11.228696
      2.935000      1.308424      0.000720    -11.244145
      2.935125      1.264389     -0.000415    -11.199099
      2.935250      1.318947     -0.000273    -11.253924
      2.935375      1.299803     -0.001191    -11.233987
      2.935500      1.326648      0.000470    -11.262618
      2.935625      1.331758      0.001146    -11.268528
      2.935750      1.269386      0.000857    -11.205994
      2.935875      1.238789      0.002464    -11.177128
      2.936000      1.267845      0.000199    -11.204044
      2.936125      1.338051     -0.000125    -11.274052
      2.936250      1.271916     -0.000292    -11.207874
      2.936375      1.313647     -0.002243    -11.247779
      2.936500      1.272527      0.002376    -11.211404
      2.936625      1.197284      0.001319    -11.135228
      2.936750      1.129136     -0.004638    -11.061248
      2.936875      0.302114     -0.000916    -10.238073
      2.937000      0.242924     -0.001349    -10.178575
      2.937125      0.019889     -0.053180     -9.903834
      2.937250     -0.000193     -0.279056     -9.658001
      2.937375      0.000208     -0.231590     -9.705992
      2.937500      0.000835     -0.262752     -9.675583
      2.937625     -0.000317     -0.022534     -9.914774
      2.937750     -0.000180     -0.157165     -9.780405
      2.937875     -0.000289     -0.370443     -9.567143
      2.938000      0.000221     -0.846519     -9.091702
      2.938125     -0.000356     -0.880688     -9.057081
      2.938250      1.157248      0.002039    -11.097537
      2.938375      1.282619      0.000759    -11.221753
      2.938500      1.338620      0.000065    -11.277185
      2.938625      1.323927     -0.002300    -11.260251
      2.938750      1.276079      0.001079    -11.215908
      2.938875      1.314672      0.000431    -11.253978
      2.939000      1.329844     -0.003523    -11.265321
      2.939125      1.320459     -0.002035    -11.257550
      2.939250      1.316998     -0.000987    -11.255262
      2.939375      1.345376     -0.001022    -11.283729
      2.939500      1.358166      0.000237    -11.297902
      2.939625      1.339533      0.000335    -11.279493
      2.939750      1.315255      0.001490    -11.256496
      2.939875      1.311493      0.000318    -11.251686
      2.940000      1.325048      0.001232    -11.266279
      2.940125      1.348104      0.000660    -11.288889
      2.940250      1.353342      0.000160    -11.293751
      2.940375      1.330307     -0.001833    -11.268849
      2.940500      1.339482      0.001419    -11.281401
      2.940625      1.307737     -0.002536    -11.245826
      2.940750      1.334140     -0.000920    -11.273970
      2.940875      1.320335      0.001005    -11.262214
      2.941000      1.365785     -0.002340    -11.304444
      2.941125      1.339935      0.000081    -11.281141
      2.941250      1.323257      0.001196    -11.265703
      2.941375      1.356437     -0.001660    -11.296152
      2.941500      1.338870     -0.001432    -11.278939
      2.941625      1.360885     -0.000526    -11.301984
      2.941750      1.315352     -0.000503    -11.256599
      2.941875      1.346373     -0.000897    -11.287351
      2.942000      1.347397     -0.001066    -11.288331
      2.942125      1.318400     -0.001107    -11.259418
      2.942250      1.326750      0.000073    -11.269073
      2.942375      1.325864     -0.000021    -11.268218
      2.942500      1.330650     -0.000794    -11.272356
      2.942625      1.336386      0.001317    -11.280328
      2.942750      1.330346      0.000083    -11.273179
      2.942875      1.328775     -0.001110    -11.270540
      2.943000      1.350143     -0.000906    -11.292237
      2.943125      1.315052     -0.001014    -11.257163
      2.943250      1.336853     -0.000505    -11.279598
      2.943375      1.315334      0.000001    -11.258710
      2.943500      1.288358      0.001808    -11.233666
      2.943625      1.317267     -0.001908    -11.258984
      2.943750      0.120207     -0.009604    -10.054353
      2.943875      1.316695     -0.000704    -11.259867
      2.944000      1.336969     -0.000332    -11.280637
      2.944125      1.327705      0.000264    -11.272093
      2.944250      1.306934      0.000391    -11.251575
      2.944375      1.339165      0.000126    -11.283667
      2.944500      1.352548     -0.000040    -11.297008
      2.944625      1.310782      0.001903    -11.257310
      2.944750      1.348834      0.001075    -11.294660
      2.944875      1.349182      0.002001    -11.296058
      2.945000      1.314831      0.001778    -11.261609
      2.945125      1.331805     -0.001936    -11.274994
      2.945250      1.337596      0.001062    -11.283908
      2.945375      1.320484      0.000097    -11.265956
      2.945500      1.331532      0.002407    -11.279440
      2.945625      1.333782      0.001064    -11.280471
      2.945750      1.318072      0.001118    -11.264939
      2.945875      1.331719     -0.002005    -11.275589
      2.946000      1.338306     -0.001668    -11.282637
      2.946125      1.324692      0.001829    -11.272647
      2.946250      1.307292     -0.000636    -11.252906
      2.946375      1.321774     -0.000748    -11.267402
      2.946500      1.323512      0.001889    -11.271901
      2.946625      1.316227     -0.000878    -11.261974
      2.946750      1.351732      0.000014    -11.298496
      2.946875      1.343893     -0.002012    -11.288756
      2.947000      1.295351      0.000711    -11.243061
      2.947125      1.274414      0.000090    -11.221628
      2.947250      1.330406     -0.000215    -11.277441
      2.947375      1.334654      0.000316    -11.282345
      2.947500      1.353364      0.000986    -11.301850
      2.947625      1.298365     -0.000260    -11.245730
      2.947750      1.311560      0.000159    -11.259469
      2.947875      1.317678     -0.000979    -11.264574
      2.948000      1.275342     -0.001183    -11.222158
      2.948125      1.317664     -0.003108    -11.262681
      2.948250      1.266909      0.000996    -11.216155
      2.948375      1.325303      0.000769    -11.274447
      2.948500      1.321809      0.000256    -11.270565
      2.948625      1.325541      0.001029    -11.275196
      2.948750      1.319833      0.000975    -11.269558
      2.948875      1.317881      0.000754    -11.267510
      2.949000      1.296375      0.000319    -11.245694
      2.949125      1.299562     -0.001907    -11.246780
      2.949250      1.280119     -0.001334    -11.228035
      2.949375      1.283970     -0.000393    -11.232952
      2.949500      1.316337      0.001366    -11.267203
      2.949625      1.334813     -0.000446    -11.283992
      2.949750      1.305493     -0.001003    -11.254239
      2.949875      1.345162     -0.000947    -11.294090
      2.950000      1.331013      0.001043    -11.282057
      2.950125      1.308414     -0.000345    -11.258194
      2.950250      1.331237     -0.000863    -11.280624
      2.950375      1.347583     -0.002118    -11.295839
      2.950500      1.317884     -0.000482    -11.267902
      2.950625      1.327105     -0.001691    -11.276039
      2.950750      1.310791      0.001294    -11.262836
      2.950875      1.335006     -0.001275    -11.284607
      2.951000      1.326176      0.003545    -11.280721
      2.951125      1.287067      0.001351    -11.239543
      2.951250      1.291520     -0.000574    -11.242196
      2.951375      1.311447     -0.000671    -11.262151
      2.951500      1.308452      0.000999    -11.260951
      2.951625      1.298184     -0.002697    -11.247112
      2.951750      1.290530      0.001751    -11.244032
      2.951875      1.307166     -0.000936    -11.258105
      2.952000      1.279262     -0.002809    -11.228453
      2.952125      1.267728     -0.000363    -11.219490
      2.952250      1.307171     -0.000048    -11.259373
      2.952375      1.332836     -0.001842    -11.283369
      2.952500      1.297651      0.000485    -11.250636
      2.952625      1.338298      0.000322    -11.291245
      2.952750      1.300490     -0.001722    -11.251518
      2.952875      1.294984     -0.000809    -11.247050
      2.953000      1.315808      0.001904    -11.270712
      2.953125      1.320552     -0.000894    -11.272783
      2.953250      1.298252     -0.001758    -11.249744
      2.953375      1.325357     -0.000489    -11.278243
      2.953500      1.319082      0.000478    -11.273061
      2.953625      1.337286     -0.001500    -11.289411
      2.953750      1.320367     -0.000103    -11.274014
      2.953875      1.305478      0.000613    -11.259966
      2.954000      1.335846     -0.000108    -11.289738
      2.954125      1.324254     -0.000127    -11.278252
      2.954250      1.298466     -0.002081    -11.250635
      2.954375      1.308293      0.000109    -11.262777
      2.954500      1.312383      0.000513    -11.267396
      2.954625      1.334034      0.002383    -11.291042
      2.954750      1.303288      0.001609    -11.259647
      2.954875      1.282991     -0.000561    -11.237304
      2.955000      1.304386      0.001303    -11.260690
      2.955125      1.335566     -0.001258    -11.289433
      2.955250      1.320192      0.000777    -11.276218
      2.955375      1.284258     -0.000764    -11.238869
      2.955500      1.329727      0.001139    -11.286367
      2.955625      1.321933      0.000254    -11.277812
      2.955750      1.313626      0.001691    -11.271067
      2.955875      1.322242      0.000214    -11.278332
      2.956000      1.305289     -0.000164    -11.261125
      2.956125      1.290212      0.000407    -11.246744
      2.956250      1.309050      0.000518    -11.265818
      2.956375      1.325955     -0.003781    -11.278549
      2.956500      1.327470     -0.002241    -11.281729
      2.956625      1.319940     -0.001195    -11.275371
      2.956750      1.304218     -0.000350    -11.260618
      2.956875      1.293201      0.000329    -11.250406
      2.957000      1.292151      0.000771    -11.249922
      2.957125      1.291960      0.001619    -11.250704
      2.957250      1.304953      0.000609    -11.262812
      2.957375      1.303720      0.000062    -11.261157
      2.957500      1.288729     -0.000893    -11.245337
      2.957625      1.285286     -0.000104    -11.242807
      2.957750      1.292736     -0.000522    -11.249963
      2.957875      1.265672     -0.000146    -11.223401
      2.958000      1.286138     -0.001473    -11.242665
      2.958125      1.247083      0.001880    -11.207089
      2.958250      0.029306     -0.152495     -9.835061
      2.958375      1.232609      0.001482    -11.192466
      2.958500      1.291229     -0.000041    -11.249688
      2.958625      1.326048     -0.000457    -11.284216
      2.958750      1.287530      0.000111    -11.246391
      2.958875      1.310914     -0.000318    -11.269471
      2.959000      1.320141     -0.000561    -11.278580
      2.959125      1.318269      0.000724    -11.278117
      2.959250      1.317343      0.001418    -11.278011
      2.959375      1.302381     -0.000410    -11.261346
      2.959500      1.324734      0.000755    -11.284989
      2.959625      1.313237      0.001603    -11.274465
      2.959750      1.308080     -0.001035    -11.266795
      2.959875      1.284722      0.002915    -11.247512
      2.960000      1.306776      0.000548    -11.267325
      2.960125      1.315192      0.000908    -11.276225
      2.960250      1.309301      0.001026    -11.270577
      2.960375      1.298808     -0.000565    -11.258619
      2.960500      1.294927      0.000194    -11.255621
      2.960625      1.306067     -0.000066    -11.266627
      2.960750      1.312005      0.002755    -11.275510
      2.960875      1.307136     -0.001219    -11.266792
      2.961000      1.322938     -0.001413    -11.282525
      2.961125      1.301231     -0.000464    -11.261892
      2.961250      1.310265      0.001237    -11.272752
      2.961375      1.284143     -0.000012    -11.245506
      2.961500      1.311361      0.000169    -11.273030
      2.961625      1.313754     -0.001108    -11.274271
      2.961750      1.278191     -0.000827    -11.239115
      2.961875      1.289573      0.000485    -11.251934
      2.962000      1.284607      0.000677    -11.247283
      2.962125      1.290623     -0.000230    -11.252519
      2.962250      1.277998      0.000130    -11.240378
      2.962375      1.299187     -0.001178    -11.260384
      2.962500      1.287694      0.000097    -11.250291
      2.962625      1.286825     -0.000422    -11.249028
      2.962750      1.299376     -0.000428    -11.261698
      2.962875      1.291397     -0.000611    -11.253661
      2.963000      1.265190     -0.001730    -11.226460
      2.963125      1.279743      0.000434    -11.243302
      2.963250      1.275218      0.000996    -11.239464
      2.963375      1.298428      0.000488    -11.262291
      2.963500      1.266385      0.000548    -11.230433
      2.963625      1.264518     -0.001408    -11.226735
      2.963750      1.276460     -0.000378    -11.239831
      2.963875      1.269127      0.001381    -11.234383
      2.964000      1.286128     -0.000869    -11.249259
      2.964125      1.268024      0.000832    -11.232981
      2.964250      1.267295     -0.001035    -11.230510
      2.964375      1.268047     -0.000054    -11.232368
      2.964500      1.268936     -0.000606    -11.232830
      2.964625      1.266311     -0.000115    -11.230821
      2.964750      1.267053     -0.000272    -11.231531
      2.964875      1.253394     -0.000707    -11.217562
      2.965000      1.262577      0.000394    -11.227971
      2.965125      1.270386      0.000849    -11.236361
      2.965250      1.263734     -0.001267    -11.227717
      2.965375      1.255508      0.000561    -11.221445
      2.965500      1.261709      0.001333    -11.228542
      2.965625      1.280785     -0.000468    -11.245942
      2.965750      1.262423     -0.000149    -11.228024
      2.965875      1.262646      0.000093    -11.228615
      2.966000      1.277824      0.000973    -11.244797
      2.966125      1.259569      0.000725    -11.226419
      2.966250      1.271371     -0.001549    -11.236072
      2.966375      1.256083      0.000064    -11.222522
      2.966500      1.249929      0.000865    -11.217294
      2.966625      1.260851      0.000930    -11.228407
      2.966750      1.266783     -0.000157    -11.233376
      2.966875      1.239314     -0.000015    -11.206174
      2.967000      1.271904     -0.000515    -11.238389
      2.967125      1.236611      0.000522    -11.204258
      2.967250      1.250886     -0.002614    -11.215522
      2.967375      1.242467      0.001236    -11.211079
      2.967500      1.262981      0.000063    -11.230545
      2.967625      1.259990     -0.001814    -11.225801
      2.967750      1.233235      0.000103    -11.201088
      2.967875      1.249761     -0.000804    -11.216832
      2.968000      1.242264     -0.000262    -11.210002
      2.968125      1.242249      0.000023    -11.210397
      2.968250      1.239852     -0.000855    -11.207248
      2.968375      1.230257      0.000349    -11.198980
      2.968500      1.228008      0.000290    -11.196798
      2.968625      1.226861      0.000233    -11.195720
      2.968750      1.220055     -0.000260    -11.188545
      2.968875      1.213558      0.000805    -11.183239
      2.969000      1.211811     -0.000801    -11.180010
      2.969125      1.214231      0.000309    -11.183666
      2.969250      1.198440      0.000371    -11.168061
      2.969375      1.210001     -0.000329    -11.179047
      2.969500      1.224677      0.000621    -11.194798
      2.969625      1.225872     -0.001808    -11.193688
      2.969750      1.224020      0.001381    -11.195151
      2.969875      1.208470     -0.000345    -11.178001
      2.970000      1.214239      0.000027    -11.184267
      2.970125      1.216425     -0.000829    -11.185721
      2.970250      1.220134      0.001480    -11.191863
      2.970375      1.200263      0.000184    -11.170821
      2.970500      1.221233      0.001097    -11.192830
      2.970625      1.210175     -0.002708    -11.178092
      2.970750      1.196933     -0.000677    -11.167006
      2.970875      1.188436     -0.001920    -11.157391
      2.971000      1.205256     -0.000759    -11.175497
      2.971125      1.180496      0.001535    -11.153156
      2.971250      1.204157     -0.003177    -11.172229
      2.971375      1.199882     -0.000968    -11.170289
      2.971500      1.180733     -0.002543    -11.149690
      2.971625      1.193911     -0.000301    -11.165235
      2.971750      1.170913      0.000502    -11.143166
      2.971875      1.170896      0.000363    -11.143134
      2.972000      1.169608      0.001958    -11.143566
      2.972125      1.197074      0.002941    -11.172140
      2.972250      1.158393     -0.000262    -11.130381
      2.972375      1.172805      0.000181    -11.145361
      2.972500      1.182408      0.000802    -11.155710
      2.972625      1.139856     -0.002345    -11.110136
      2.972750      1.157055      0.001558    -11.131363
      2.972875      1.130451      0.000691    -11.104017
      2.973000      0.011068     -0.225770     -9.758298
      2.973125      1.173918      0.000924    -11.147967
      2.973250      1.184000      0.000115    -11.157365
      2.973375      1.185694      0.000563    -11.159632
      2.973500      1.165822     -0.000495    -11.138827
      2.973625      1.185545     -0.000076    -11.159094
      2.973750      1.162087      0.002229    -11.138066
      2.973875      1.181223      0.002529    -11.157627
      2.974000      1.176204     -0.001012    -11.149192
      2.974125      1.157037     -0.000048    -11.131114
      2.974250      1.156263     -0.000723    -11.129790
      2.974375      1.185993     -0.000358    -11.160010
      2.974500      1.156823      0.000379    -11.131702
      2.974625      1.186667      0.000566    -11.161858
      2.974750      1.184106     -0.002098    -11.156758
      2.974875      1.165826     -0.000871    -11.139830
      2.975000      1.161776      0.002337    -11.139113
      2.975125      1.157052     -0.000772    -11.131405
      2.975250      1.138217     -0.000205    -11.113261
      2.975375      1.150385     -0.000826    -11.124934
      2.975500      1.142053      0.000480    -11.118033
      2.975625      1.177300     -0.000114    -11.152810
      2.975750      1.135504      0.000571    -11.111825
      2.975875      1.156305      0.000101    -11.132281
      2.976000      1.150548      0.002086    -11.128634
      2.976125      1.138037      0.002025    -11.116187
      2.976250      1.158962      0.001477    -11.136690
      2.976375      1.121361      0.003825    -11.101561
      2.976500      1.152182      0.000013    -11.128695
      2.976625      1.148200      0.000393    -11.125218
      2.976750      1.137637      0.000767    -11.115154
      2.976875      1.150666     -0.000583    -11.126958
      2.977000      1.114077      0.000467    -11.091544
      2.977125      1.127846      0.003915    -11.108887
      2.977250      1.140802     -0.000034    -11.118018
      2.977375      1.162346      0.001738    -11.141459
      2.977500      1.124345     -0.000225    -11.101620
      2.977625      1.132367     -0.001330    -11.108662
      2.977750      1.130377     -0.000359    -11.107768
      2.977875      1.137489      0.000867    -11.116231
      2.978000      1.109172     -0.002546    -11.084626
      2.978125      1.127034     -0.000054    -11.105105
      2.978250      1.128089      0.000206    -11.106545
      2.978375      1.110350     -0.000033    -11.088692
      2.978500      1.092720     -0.000803    -11.070417
      2.978625      1.070509     -0.003340    -11.045795
      2.978750      1.039105     -0.003480    -11.014376
      2.978875      1.055414     -0.005541    -11.028748
      2.979000      1.123919     -0.000435    -11.102484
      2.979125      1.135887      0.001129    -11.116142
      2.979250      1.108669     -0.001443    -11.086475
      2.979375      1.110859      0.000164    -11.090398
      2.979500      1.139544     -0.000132    -11.118912
      2.979625      1.100730     -0.001633    -11.078722
      2.979750      1.112230      0.001227    -11.093207
      2.979875      1.109580      0.001332    -11.090788
      2.980000      1.098612     -0.001743    -11.076870
      2.980125      1.091533     -0.000756    -11.070901
      2.980250      1.080827     -0.000794    -11.060283
      2.980375      1.074778     -0.000998    -11.054156
      2.980500      1.086774      0.000778    -11.068051
      2.980625      1.084803     -0.001753    -11.063675
      2.980750      1.112199      0.003285    -11.096234
      2.980875      1.130077     -0.000789    -11.110164
      2.981000      1.125918      0.001642    -11.108560
      2.981125      1.103966     -0.000539    -11.084552
      2.981250      1.122090     -0.001836    -11.101504
      2.981375      1.109369     -0.000173    -11.090571
      2.981500      1.130844     -0.001737    -11.110607
      2.981625      1.101359     -0.000132    -11.082852
      2.981750      1.111004      0.001873    -11.094626
      2.981875      1.106237     -0.000818    -11.087294
      2.982000      1.089571     -0.001449    -11.070122
      2.982125      1.105971     -0.000141    -11.087956
      2.982250      1.110347      0.002930    -11.095528
      2.982375      1.103079     -0.000264    -11.085191
      2.982500      1.096873      0.000359    -11.079732
      2.982625      1.100373      0.000052    -11.083051
      2.982750      1.092115     -0.000286    -11.074579
      2.982875      1.104443     -0.000395    -11.086924
      2.983000      1.098996      0.001942    -11.083938
      2.983125      1.114745      0.001006    -11.098876
      2.983250      1.101054      0.001599    -11.085903
      2.983375      1.083327      0.001152    -11.067855
      2.983500      1.102733      0.000216    -11.086449
      2.983625      1.101056     -0.001536    -11.083145
      2.983750      1.103597      0.000041    -11.087388
      2.983875      1.115453      0.001437    -11.100765
      2.984000      1.085937      0.000168    -11.070105
      2.984125      1.076641     -0.000479    -11.060287
      2.984250      1.053327     -0.000425    -11.037153
      2.984375      1.105488     -0.000483    -11.089380
      2.984500      1.066956     -0.001756    -11.049700
      2.984625      1.092317     -0.000681    -11.076261
      2.984750      1.088059      0.001361    -11.074170
      2.984875      1.094536     -0.001444    -11.077968
      2.985000      1.074486     -0.000589    -11.058896
      2.985125      1.092313     -0.000257    -11.077180
      2.985250      1.072880     -0.001248    -11.056882
      2.985375      1.064106      0.000778    -11.050259
      2.985500      1.082065     -0.002237    -11.065328
      2.985625      1.029488      0.000341    -11.015454
      2.985750      1.045271      0.001145    -11.032166
      2.985875      0.614787      0.003487    -10.604149
      2.986000      0.094479     -0.001472    -10.079008
      2.986125     -0.000858     -0.021051     -9.964217
      2.986250     -0.000091     -0.094588     -9.891571
      2.986375      0.000042     -0.192403     -9.794014
      2.986500     -0.000299     -1.089523     -8.896678
      2.986625      1.031501      0.000164    -11.018290
      2.986750      1.067862     -0.001175    -11.053437
      2.986875      1.103978      0.000378    -11.091231
      2.987000      1.070951      0.000721    -11.058672
      2.987125      1.051395      0.003120    -11.041640
      2.987250      1.097275     -0.000267    -11.084258
      2.987375      1.075055      0.000780    -11.063210
      2.987500      1.086915     -0.000488    -11.073927
      2.987625      1.090722     -0.000238    -11.078109
      2.987750      1.082833      0.001975    -11.072558
      2.987875      1.071538      0.001327    -11.060741
      2.988000      1.072208     -0.000165    -11.060043
      2.988125      1.076149      0.000266    -11.064540
      2.988250      1.075739      0.000733    -11.064722
      2.988375      1.063445     -0.000408    -11.051412
      2.988500      1.099560     -0.001145    -11.086915
      2.988625      1.079869     -0.000551    -11.067943
      2.988750      1.078373      0.000865    -11.067988
      2.988875      1.090867      0.000012    -11.079754
      2.989000      1.081046     -0.000138    -11.069908
      2.989125      1.046509      0.003834    -11.039467
      2.989250      1.075509      0.000434    -11.065193
      2.989375      1.059533     -0.000141    -11.048766
      2.989500      1.043396     -0.000298    -11.032597
      2.989625      1.027923      0.003358    -11.020905
      2.989750      0.097968     -0.002102    -10.085617
      2.989875      1.050152      0.000843    -11.040870
      2.990000      1.078789     -0.001957    -11.066832
      2.990125      1.058361     -0.000626    -11.047860
      2.990250      1.065706     -0.002577    -11.053379
      2.990375      1.055708      0.002450    -11.048533
      2.990500      1.055811      0.001078    -11.047389
      2.990625      1.070458      0.000684    -11.061766
      2.990750      1.077805      0.000204    -11.068759
      2.990875      1.067165     -0.000140    -11.057901
      2.991000      1.071083     -0.002549    -11.059534
      2.991125      1.067903     -0.001202    -11.057826
      2.991250      1.085842     -0.000275    -11.076817
      2.991375      1.083600     -0.002180    -11.072795
      2.991500      1.081219     -0.000450    -11.072268
      2.991625      1.064805      0.001013    -11.057443
      2.991750      1.059755     -0.000560    -11.050945
      2.991875      1.073245     -0.000562    -11.064558
      2.992000      1.057513      0.001812    -11.051324
      2.992125      1.073804      0.002439    -11.068368
      2.992250      1.045988     -0.000791    -11.037446
      2.992375      1.058823      0.000815    -11.052013
      2.992500      1.069753     -0.001463    -11.060790
      2.992625      1.046918     -0.000963    -11.038581
      2.992750      1.056188     -0.000925    -11.048013
      2.992875      1.029620     -0.001532    -11.020963
      2.993000      1.072448     -0.000914    -11.064534
      2.993125      1.068611      0.000869    -11.062606
      2.993250      1.050390      0.000730    -11.044369
      2.993375      1.070709     -0.000282    -11.063802
      2.993500      1.050795      0.001728    -11.046023
      2.993625      1.062055      0.002906    -11.058585
      2.993750      1.049216      0.000038    -11.043005
      2.993875      1.052777      0.000397    -11.047049
      2.994000      1.034654     -0.001782    -11.026872
      2.994125      1.047680     -0.000230    -11.041575
      2.994250      1.043499      0.001872    -11.039621
      2.994375      1.037968     -0.003468    -11.028875
      2.994500      1.047333      0.001246    -11.043079
      2.994625      1.008586      0.000425    -11.003636
      2.994750      1.020778      0.001901    -11.017429
      2.994875      1.045919     -0.000413    -11.040381
      2.995000      1.041967     -0.000478    -11.036489
      2.995125      1.039611      0.001250    -11.035987
      2.995250      1.042546     -0.000018    -11.037778
      2.995375      1.032121     -0.000867    -11.026629
      2.995500      1.060037      0.000539    -11.056076
      2.995625      1.010452     -0.001881    -11.004196
      2.995750      1.005639     -0.000329    -11.001060
      2.995875      1.042890      0.000573    -11.039338
      2.996000      0.951134     -0.000306    -10.946828
      2.996125      1.012250      0.002471    -11.010846
      2.996250      1.042692     -0.001446    -11.037496
      2.996375      1.031750     -0.001237    -11.026888
      2.996500      1.018658     -0.001747    -11.013411
      2.996625      1.036607      0.001033    -11.034265
      2.996750      1.017339      0.001950    -11.016039
      2.996875      1.055663      0.000137    -11.052676
      2.997000      1.036214     -0.000000    -11.033214
      2.997125      1.015428      0.001003    -11.013556
      2.997250      1.025905      0.000620    -11.023775
      2.997375      1.027366     -0.001246    -11.023494
      2.997500      1.045878     -0.000277    -11.043101
      2.997625      1.023221      0.000426    -11.021272
      2.997750      1.022179      0.001123    -11.021053
      2.997875      1.034574     -0.001521    -11.030928
      2.998000      1.023282     -0.000293    -11.020989
      2.998125      1.024849      0.000236    -11.023210
      2.998250      1.007028      0.001517    -11.006795
      2.998375      1.017285     -0.001814    -11.013847
      2.998500      1.030402      0.000808    -11.029710
      2.998625      0.997539     -0.000226    -10.995938
      2.998750      0.997957      0.000199    -10.996906
      2.998875      1.016376      0.000852    -11.016103
      2.999000      1.004821      0.002247    -11.006068
      2.999125      1.021095     -0.002163    -11.018057
      2.999250      1.000969      0.001396    -11.001615
      2.999375      1.013367      0.000121    -11.012862
      2.999500      0.995509     -0.000405    -10.994603
      2.999625      1.015374     -0.001858    -11.013142
      2.999750      0.979671     -0.001005    -10.978415
      2.999875      0.979658      0.000347    -10.979880
      3.000000      0.974794     -0.000454    -10.974340
      3.000125      0.997188     -0.001163    -10.996151
      3.000250      0.993797      0.000182    -10.994229
      3.000375      0.970679     -0.000944    -10.970110
      3.000500      0.971336     -0.001298    -10.970538
      3.000625      0.951647     -0.000250    -10.952022
      3.000750      0.951940      0.000683    -10.953373
      3.000875      0.952164     -0.000584    -10.952455
      3.001000      0.966185     -0.000938    -10.966247
      3.001125      0.950874     -0.000511    -10.951488
      3.001250      0.958761      0.000189    -10.960200
      3.001375      0.981399     -0.000751    -10.982023
      3.001500      0.975014     -0.000033    -10.976481
      3.001625      0.911440      0.000406    -10.913471
      3.001750      0.959856     -0.002330    -10.959276
      3.001875      0.890124     -0.003702    -10.888297
      3.002000      0.862546     -0.001539    -10.863007
      3.002125      0.228738      0.002836    -10.233698
      3.002250     -0.001934     -0.007557     -9.992758
      3.002375     -0.000075     -0.017718     -9.984582
      3.002500      0.001121     -0.446879     -9.556742
      3.002625      0.962903     -0.000390    -10.965138
      3.002750      0.942509     -0.000541    -10.944718
      3.002875      0.975477     -0.002678    -10.975674
      3.003000      0.955736      0.000358    -10.959095
      3.003125      0.996628     -0.002013    -10.997741
      3.003250      0.998258      0.002425    -11.003932
      3.003375      1.000191      0.001268    -11.004834
      3.003500      0.997831     -0.002031    -10.999300
      3.003625      0.987762     -0.001672    -10.989715
      3.003750      0.994628      0.000903    -10.999280
      3.003875      0.987434     -0.000469    -10.990839
      3.004000      0.989506     -0.000905    -10.992601
      3.004125      0.972536     -0.001129    -10.975532
      3.004250      0.969390     -0.000924    -10.972716
      3.004375      0.933647     -0.000799    -10.937222
      3.004500      0.970862      0.001877    -10.977239
      3.004625      0.980962     -0.000549    -10.985038
      3.004750      0.972259      0.000196    -10.977205
      3.004875      0.967327      0.001288    -10.973490
      3.005000      0.969868     -0.001958    -10.972910
      3.005125      0.976152      0.000550    -10.981827
      3.005250      0.990173      0.001917    -10.997339
      3.005375      0.973007      0.001554    -10.979936
      3.005500      0.970193      0.000339    -10.976032
      3.005625      0.974653     -0.000113    -10.980166
      3.005750      1.000820     -0.004248    -11.002322
      3.005875      0.987349      0.001615    -10.994839
      3.006000      0.948697      0.000319    -10.955016
      3.006125      0.979408     -0.001021    -10.984513
      3.006250      0.967777      0.000908    -10.974935
      3.006375      0.944754      0.000370    -10.951499
      3.006500      0.957782     -0.001489    -10.962793
      3.006625      0.953621     -0.000108    -10.960138
      3.006750      0.952147     -0.000222    -10.958676
      3.006875      0.945130      0.001413    -10.953417
      3.007000      0.908054     -0.001671    -10.913383
      3.007125      0.928650     -0.000222    -10.935553
      3.007250      0.947559      0.000016    -10.954824
      3.007375      0.933954      0.000610    -10.941939
      3.007500      0.914777     -0.002181    -10.920097
      3.007625      0.947634     -0.000524    -10.954735
      3.007750      0.941324      0.001286    -10.950360
      3.007875      0.968993      0.001008    -10.977876
      3.008000      0.911192     -0.001000    -10.918191
      3.008125      0.948702      0.002226    -10.959054
      3.008250      0.942050     -0.000907    -10.949392
      3.008375      0.923507     -0.002343    -10.929539
      3.008500      0.946713      0.000087    -10.955300
      3.008625      0.953695      0.000121    -10.962442
      3.008750      0.922248      0.000024    -10.931022
      3.008875      0.913957      0.002080    -10.924912
      3.009000      0.893472     -0.000863    -10.901609
      3.009125      0.911654     -0.000218    -10.920561
      3.009250      0.829132     -0.001209    -10.837173
      3.009375      0.891168      0.001461    -10.902004
      3.009500      0.925423      0.000379    -10.935302
      3.009625      0.943445      0.000573    -10.953643
      3.009750      0.929096     -0.000469    -10.938377
      3.009875      0.896148     -0.003071    -10.902952
      3.010000      0.270298     -0.020997    -10.259300
      3.010125      0.945466     -0.000802    -10.954789
      3.010250      0.923381     -0.000398    -10.933232
      3.010375      0.943019      0.000402    -10.953797
      3.010500      0.914516      0.000238    -10.925254
      3.010625      0.887274      0.001468    -10.899367
      3.010750      0.920771     -0.001525    -10.929997
      3.010875      0.944591     -0.001269    -10.954197
      3.011000      0.965113     -0.001293    -10.974820
      3.011125      0.907664     -0.002035    -10.916755
      3.011250      0.944174     -0.001927    -10.953497
      3.011375      0.934471     -0.000598    -10.945248
      3.011500      0.976458      0.001286    -10.989244
      3.011625      0.942814      0.001388    -10.955828
      3.011750      0.933024      0.000945    -10.945718
      3.011875      0.921856     -0.001235    -10.932496
      3.012000      0.960643      0.002593    -10.975235
      3.012125      0.964828      0.001544    -10.978497
      3.012250      0.962047      0.000547    -10.974844
      3.012375      0.947127     -0.000789    -10.958714
      3.012500      0.928009     -0.001078    -10.939431
      3.012625      0.926800     -0.000301    -10.939123
      3.012750      0.936416      0.000346    -10.949513
      3.012875      0.921279      0.001893    -10.936048
      3.013000      0.957356     -0.001335    -10.969021
      3.013125      0.938465     -0.000044    -10.951546
      3.013250      0.913226     -0.001876    -10.924601
      3.013375      0.951144     -0.000342    -10.964177
      3.013500      0.952810     -0.001559    -10.964752
      3.013625      0.924280     -0.000159    -10.937746
      3.013750      0.918628     -0.000178    -10.932200
      3.013875      0.918267     -0.001802    -10.930341
      3.014000      0.923457      0.002836    -10.940294
      3.014125      0.864719     -0.003184    -10.875660
      3.014250      0.895632      0.000860    -10.910742
      3.014375      0.923897     -0.000902    -10.937370
      3.014500      0.909671      0.000386    -10.924557
      3.014625      0.907578     -0.000650    -10.921553
      3.014750      0.876231     -0.000789    -10.890192
      3.014875      0.883284     -0.000922    -10.897237
      3.015000      0.920534      0.000748    -10.936282
      3.015125      0.885167      0.001608    -10.901900
      3.015250      0.901131      0.000908    -10.917289
      3.015375      0.922699     -0.002514    -10.935560
      3.015500      0.866957      0.000821    -10.883278
      3.015625      0.882956      0.000088    -10.898669
      3.015750      0.877657     -0.001169    -10.892238
      3.015875      0.889509     -0.000478    -10.904906
      3.016000      0.868483      0.000045    -10.884528
      3.016125      0.843844     -0.001411    -10.858558
      3.016250      0.868588     -0.002632    -10.882206
      3.016375      0.863666      0.000265    -10.880306
      3.016500      0.896053      0.001254    -10.913807
      3.016625      0.870098      0.002079    -10.888802
      3.016750      0.874340      0.000368    -10.891458
      3.016875      0.890587      0.001364    -10.908826
      3.017000      0.874517      0.000126    -10.891643
      3.017125      0.864476      0.001625    -10.883226
      3.017250      0.853769      0.000820    -10.871839
      3.017375      0.842136     -0.002063    -10.857448
      3.017500      0.864310      0.001077    -10.882887
      3.017625      0.843740      0.003144    -10.864509
      3.017750      0.879031      0.000982    -10.897763
      3.017875      0.892567     -0.001507    -10.908935
      3.018000      0.880502     -0.000461    -10.898041
      3.018125      0.901242      0.001614    -10.920982
      3.018250      0.870806     -0.001634    -10.887422
      3.018375      0.873433     -0.001406    -10.890402
      3.018500      0.839779     -0.000605    -10.857675
      3.018625      0.871084     -0.000024    -10.889685
      3.018750      0.843435     -0.001341    -10.860844
      3.018875      0.846037     -0.001996    -10.862916
      3.019000      0.859327     -0.000090    -10.878237
      3.019125      0.874507      0.001710    -10.895342
      3.019250      0.863428      0.003050    -10.885728
      3.019375      0.841599     -0.001343    -10.859631
      3.019500      0.822990      0.000736    -10.843226
      3.019625      0.866133     -0.000092    -10.885666
      3.019750      0.837873      0.000193    -10.857816
      3.019875      0.834511      0.001177    -10.855563
      3.020000      0.861046     -0.003859    -10.877187
      3.020125      0.846879      0.001257    -10.868261
      3.020250      0.833182     -0.001413    -10.852019
      3.020375      0.842034      0.000969    -10.863378
      3.020500      0.801903     -0.001471    -10.820932
      3.020625      0.856541      0.000168    -10.877335
      3.020750      0.827655     -0.001336    -10.847068
      3.020875      0.851661      0.000250    -10.872786
      3.021000      0.785169      0.000265    -10.806434
      3.021125      0.830413      0.001039    -10.852577
      3.021250      0.782332      0.000748    -10.804329
      3.021375      0.790084     -0.000039    -10.811420
      3.021500      0.816275      0.002623    -10.840398
      3.021625      0.821510      0.002651    -10.845787
      3.021750      0.815739     -0.000718    -10.836772
      3.021875      0.820265     -0.000970    -10.841170
      3.022000      0.779533      0.002120    -10.803653
      3.022125      0.794685      0.000879    -10.817690
      3.022250      0.784906     -0.000743    -10.806413
      3.022375      0.751335      0.001084    -10.774794
      3.022500      0.786934      0.000874    -10.810308
      3.022625      0.691682      0.000670    -10.714978
      3.022750      0.737273     -0.001998    -10.758025
      3.022875      0.739678     -0.002123    -10.760430
      3.023000      0.627299     -0.003374    -10.646925
      3.023125      0.230442     -0.014318    -10.239249
      3.023250     -0.000102     -0.101549     -9.921599
      3.023375      0.780592     -0.000636    -10.803331
      3.023500      0.787496      0.000289    -10.811285
      3.023625      0.782023     -0.003832    -10.801815
      3.023750      0.761899     -0.000330    -10.785319
      3.023875      0.815426      0.002134    -10.841436
      3.024000      0.801144      0.002698    -10.827843
      3.024125      0.790069      0.000371    -10.814564
      3.024250      0.747806     -0.000676    -10.771380
      3.024375      0.769177     -0.001222    -10.792331
      3.024500      0.772166      0.000737    -10.797403
      3.024625      0.753395     -0.000669    -10.777351
      3.024750      0.774992      0.001383    -10.801125
      3.024875      0.771468     -0.000344    -10.795999
      3.025000      0.732771      0.000137    -10.757907
      3.025125      0.683992      0.002464    -10.711581
      3.025250      0.759457     -0.001076    -10.783631
      3.025375      0.772339     -0.000510    -10.797205
      3.025500      0.775155     -0.000678    -10.799977
      3.025625      0.766206      0.000056    -10.791887
      3.025750      0.756223     -0.002055    -10.779918
      3.025875      0.754501     -0.001957    -10.778420
      3.026000      0.730175      0.001816    -10.757991
      3.026125      0.765283     -0.000211    -10.791197
      3.026250      0.725907      0.001097    -10.753254
      3.026375      0.718599      0.002825    -10.747799
      3.026500      0.715260      0.002199    -10.743958
      3.026625      0.680730     -0.001501    -10.705854
      3.026750      0.708931      0.001693    -10.737374
      3.026875      0.754359      0.003392    -10.784626
      3.027000      0.707976     -0.001393    -10.733583
      3.027125      0.673686     -0.000271    -10.700540
      3.027250      0.738048      0.000476    -10.765775
      3.027375      0.704583     -0.000590    -10.731368
      3.027500      0.656511     -0.000110    -10.683901
      3.027625      0.679972      0.000918    -10.708515
      3.027750      0.698606      0.000191    -10.726546
      3.027875      0.685842      0.000475    -10.714192
      3.028000      0.664451     -0.004144    -10.688307
      3.028125      0.659578      0.000874    -10.688577
      3.028250      0.644522      0.003462    -10.676234
      3.028375      0.592136      0.000030    -10.620541
      3.028500      0.551979      0.003106    -10.583585
      3.028625      0.543156      0.001786    -10.573567
      3.028750      0.411308      0.001391    -10.441450
      3.028875      0.381470      0.003145    -10.413490
      3.029000      0.333479     -0.006053    -10.356426
      3.029125      0.366367      0.000553    -10.396045
      3.029250      0.359481     -0.002165    -10.386566
      3.029375      0.307710     -0.001681    -10.335405
      3.029500      0.323453      0.000525    -10.353479
      3.029625      0.311264      0.001013    -10.341902
      3.029750      0.243949     -0.000372    -10.273327
      3.029875      0.000573     -0.197815     -9.832633
      3.030000      0.241054     -0.000347    -10.270707
      3.030125      0.263523      0.001522    -10.295170
      3.030250      0.276975     -0.001674    -10.305551
      3.030375      0.266990     -0.001802    -10.295563
      3.030500      0.260367      0.001131    -10.291998
      3.030625      0.230522     -0.000454    -10.260693
      3.030750      0.218806      0.001340    -10.250896
      3.030875      0.235876      0.000314    -10.267065
      3.031000      0.215917     -0.001615    -10.245302
      3.031125      0.177402      0.001365    -10.209892
      3.031250      0.154534      0.002500    -10.188283
      3.031375      0.139264      0.000465    -10.171104
      3.031500      0.106605     -0.001032    -10.137073
      3.031625      0.066462      0.001359    -10.099446
      3.031750     -0.000086     -0.022767    -10.008897
      3.031875      0.000336     -0.007984    -10.024228
      3.032000     -0.000140     -0.107128     -9.924732
      3.032125     -0.000002     -0.435061     -9.597062
      3.032250     -0.000317     -0.164842     -9.867091
      3.032375      0.000741     -0.043044     -9.990072
      3.032500     -0.000296     -0.014617    -10.017587
      3.032625     -0.000318     -0.048012     -9.984296
      3.032750      0.000217     -0.087664     -9.945303
      3.032875      0.000094     -0.135493     -9.897476
      3.033000     -0.000214     -0.190480     -9.842306
      3.033125     -0.000005     -0.251206     -9.781914
      3.033250     -0.000453     -0.330101     -9.702696
      3.033375     -0.000421     -0.434906     -9.598047
      3.033500     -0.000173     -0.595237     -9.438090
      3.033625      0.000001     -0.940083     -9.093543
      3.033750     -0.000469     -0.966163     -9.067118
      3.033875      0.000218     -0.607852     -9.426242
      3.034000      0.000297     -0.446003     -9.588294
      3.034125      0.000471     -0.337465     -9.697131
      3.034250      0.000053     -0.255923     -9.778380
      3.034375      0.000399     -0.191652     -9.843122
      3.034500      0.000671     -0.141011     -9.894161
      3.034625      0.000828     -0.095532     -9.939921
      3.034750      0.000125     -0.055235     -9.979640
      3.034875     -0.000360     -0.020572    -10.013942
      3.035000     -0.000319     -0.008234    -10.026447
      3.035125     -0.000534     -0.021194    -10.013398
      3.035250     -0.000396     -0.040916     -9.993938
      3.035375      0.000079     -0.058448     -9.977006
      3.035500     -0.000310     -0.072893     -9.962297
      3.035625     -0.000129     -0.095221     -9.940275
      3.035750      0.000590     -0.114900     -9.921441
      3.035875     -0.000198     -0.135488     -9.900189
      3.036000     -0.000225     -0.157114     -9.878661
      3.036125     -0.000337     -0.179118     -9.856670
      3.036250     -0.000539     -0.202676     -9.833035
      3.036375      0.000914     -0.227699     -9.809590
      3.036500     -0.000243     -0.253859     -9.782398
      3.036625     -0.000434     -0.282495     -9.753697
      3.036750     -0.000940     -0.311871     -9.723939
      3.036875     -0.000727     -0.343593     -9.692555
      3.037000      0.000594     -0.377171     -9.660423
      3.037125     -0.000071     -0.413763     -9.623291
      3.037250     -0.000797     -0.452783     -9.583670
      3.037375      0.000098     -0.495734     -9.541738
      3.037500     -0.000060     -0.542472     -9.494967
      3.037625     -0.000209     -0.593886     -9.443530
      3.037750      0.000493     -0.651621     -9.386622
      3.037875     -0.000244     -0.717604     -9.320027
      3.038000      0.000400     -0.789354     -9.249046
      3.038125      0.000569     -0.875395     -9.163299
      3.038250     -0.000989     -0.977351     -9.059910
      3.038375      0.839946     -0.000642    -10.877679
      3.038500      0.835201      0.001830    -10.875531
      3.038625      0.803616      0.000251    -10.842492
      3.038750      0.855874     -0.001082    -10.893542
      3.038875      0.849979      0.002077    -10.890931
      3.039000      0.860640      0.002155    -10.901795
      3.039125      0.853109      0.001029    -10.893263
      3.039250      0.851838      0.001002    -10.892090
      3.039375      0.000024     -1.067657     -8.971742
      3.039500      0.861250     -0.000361    -10.900389
      3.039625      0.860062      0.000699    -10.900386
      3.039750      0.857402      0.000575    -10.897727
      3.039875      0.000232     -0.511888     -9.528219
      3.040000      0.817549      0.001884    -10.859433
      3.040125      0.874161     -0.002051    -10.912235
      3.040250      0.835643     -0.001423    -10.874471
      3.040375      0.843024     -0.000562    -10.882837
      3.040500      0.862056      0.000897    -10.903453
      3.040625      0.863949     -0.000041    -10.904533
      3.040750      0.816290      0.001519    -10.858559
      3.040875      0.883925      0.000184    -10.924983
      3.041000      0.883843      0.000549    -10.925392
      3.041125      0.861378     -0.000350    -10.902153
      3.041250      0.874157      0.001824    -10.917231
      3.041375      0.859952     -0.000225    -10.901102
      3.041500      0.866085      0.001431    -10.909016
      3.041625      0.855327      0.001072    -10.898025
      3.041750      0.831154     -0.000913    -10.871991
      3.041875      0.848099      0.001076    -10.891050
      3.042000      0.856521      0.000283    -10.898805
      3.042125      0.787696     -0.000650    -10.829171
      3.042250      0.855965      0.002146    -10.900361
      3.042375      0.836282     -0.000796    -10.877861
      3.042500      0.851888     -0.001861    -10.892527
      3.042625      0.841495      0.000232    -10.884352
      3.042750      0.853212     -0.001551    -10.894410
      3.042875      0.818669      0.001686    -10.863230
      3.043000      0.797381      0.000370    -10.840751
      3.043125      0.840577      0.000789    -10.884491
      3.043250      0.828349     -0.001269    -10.870330
      3.043375      0.837114     -0.001680    -10.878809
      3.043500      0.857512      0.000469    -10.901482
      3.043625      0.854512     -0.000637    -10.897499
      3.043750      0.848868      0.000006    -10.892624
      3.043875      0.853661      0.000535    -10.898071
      3.044000      0.853592      0.000098    -10.897690
      3.044125      0.817453     -0.000427    -10.861151
      3.044250      0.824568      0.001231    -10.870049
      3.044375      0.836242     -0.000257    -10.880360
      3.044500      0.834862      0.000043    -10.879406
      3.044625      0.849338     -0.000827    -10.893137
      3.044750      0.807976      0.000151    -10.852877
      3.044875      0.817436      0.000484    -10.862796
      3.045000      0.841053      0.000178    -10.886231
      3.045125      0.814974      0.000549    -10.860649
      3.045250      0.768298      0.000855    -10.814403
      3.045375      0.797051      0.001452    -10.843878
      3.045500      0.816261      0.001371    -10.863132
      3.045625      0.787168     -0.001450    -10.831343
      3.045750      0.731845      0.001909    -10.779504
      3.045875      0.002436     -0.433112     -9.615199
      3.046000      0.824432      0.000834    -10.871266
      3.046125      0.835711      0.001111    -10.882947
      3.046250      0.835400      0.000681    -10.882331
      3.046375      0.834426      0.001486    -10.882287
      3.046500      0.831383     -0.000998    -10.876885
      3.046625      0.834471     -0.000484    -10.880612
      3.046750      0.864130     -0.000335    -10.910544
      3.046875      0.855259     -0.000458    -10.901676
      3.047000      0.859136      0.001552    -10.907688
      3.047125      0.859725     -0.001437    -10.905413
      3.047250      0.854167     -0.000603    -10.900814
      3.047375      0.831477     -0.000536    -10.878316
      3.047500      0.828687      0.000017    -10.876204
      3.047625      0.858967     -0.000448    -10.906144
      3.047750      0.828871      0.000932    -10.877553
      3.047875      0.849514     -0.001074    -10.896315
      3.048000      0.847403     -0.000249    -10.895154
      3.048125      0.835147     -0.000247    -10.883024
      3.048250      0.833528     -0.001474    -10.880304
      3.048375      0.841945     -0.000072    -10.890248
      3.048500      0.836855      0.000661    -10.886016
      3.048625      0.843153     -0.000932    -10.890847
      3.048750      0.860649     -0.001061    -10.908337
      3.048875      0.856050      0.000919    -10.905844
      3.049000      0.844997     -0.000790    -10.893207
      3.049125      0.844901      0.000117    -10.894143
      3.049250      0.844471     -0.000566    -10.893155
      3.049375      0.833107     -0.000215    -10.882268
      3.049500      0.812149     -0.000278    -10.861371
      3.049625      0.831301      0.000498    -10.881423
      3.049750      0.851403     -0.000328    -10.900825
      3.049875      0.814775      0.000656    -10.865305
      3.050000      0.813384      0.001746    -10.865130
      3.050125      0.823331      0.000092    -10.873548
      3.050250      0.832918     -0.000505    -10.882663
      3.050375      0.832761     -0.000182    -10.882954
      3.050500      0.834135     -0.002603    -10.882033
      3.050625      0.809472     -0.000892    -10.859204
      3.050750      0.824583     -0.000740    -10.874593
      3.050875      0.827065      0.001340    -10.879280
      3.051000      0.803498     -0.000593    -10.853905
      3.051125      0.796241      0.000691    -10.848057
      3.051250      0.766968     -0.001347    -10.816871
      3.051375      0.790717      0.001396    -10.843488
      3.051500     -0.000126     -0.006390    -10.044984
      3.051625      0.787577     -0.000841    -10.838361
      3.051750      0.820305     -0.001337    -10.870718
      3.051875      0.814758      0.001688    -10.868321
      3.052000      0.810058     -0.001777    -10.860281
      3.052125      0.805165      0.002598    -10.859889
      3.052250      0.811520     -0.000030    -10.863740
      3.052375      0.820536     -0.000341    -10.872570
      3.052500      0.824864     -0.000727    -10.876637
      3.052625      0.793849      0.000155    -10.846629
      3.052750      0.815378      0.000100    -10.868228
      3.052875      0.783189     -0.002056    -10.834009
      3.053000      0.755840      0.000455    -10.809295
      3.053125      0.796891      0.000836    -10.850852
      3.053250      0.831406      0.001338    -10.885994
      3.053375      0.804636      0.001698    -10.859709
      3.053500      0.803256      0.000249    -10.857005
      3.053625      0.795692      0.002065    -10.851382
      3.053750      0.811637      0.001015    -10.866402
      3.053875      0.778692      0.000918    -10.833485
      3.054000      0.773056      0.003314    -10.830370
      3.054125      0.773495     -0.000179    -10.827441
      3.054250      0.763960      0.000798    -10.819009
      3.054375      0.778855      0.000148    -10.833377
      3.054500      0.760084     -0.001944    -10.812639
      3.054625      0.718466     -0.001826    -10.771265
      3.054750      0.761667     -0.000541    -10.815876
      3.054875      0.745719     -0.001379    -10.799216
      3.055000      0.745883     -0.001527    -10.799356
      3.055125      0.753931     -0.001253    -10.807804
      3.055250      0.726304     -0.001560    -10.779994
      3.055375      0.721833     -0.000525    -10.776683
      3.055500      0.615153      0.001719    -10.672372
      3.055625      0.555940      0.000234    -10.611800
      3.055750      0.000697     -0.058420     -9.998026
      3.055875      0.000517     -0.446407     -9.609985
      3.056000      0.746719      0.000599    -10.803318
      3.056125      0.764800      0.000367    -10.821292
      3.056250      0.781687     -0.000317    -10.837620
      3.056375      0.759676     -0.000195    -10.815856
      3.056500      0.779119     -0.000773    -10.834846
      3.056625      0.802692      0.002743    -10.862059
      3.056750      0.781582      0.001215    -10.839547
      3.056875      0.784338     -0.000250    -10.840963
      3.057000      0.752416     -0.001085    -10.808331
      3.057125      0.772380      0.000123    -10.829628
      3.057250      0.778612     -0.002581    -10.833281
      3.057375      0.794109      0.000386    -10.851870
      3.057500      0.824513     -0.000047    -10.881967
      3.057625      0.804182     -0.003252    -10.858555
      3.057750      0.812642     -0.001653    -10.868739
      3.057875      0.784336      0.000799    -10.843010
      3.058000      0.797424     -0.001617    -10.853807
      3.058125      0.763653      0.001596    -10.823374
      3.058250      0.788756     -0.001037    -10.845969
      3.058375      0.772473      0.000852    -10.831700
      3.058500      0.780716     -0.001105    -10.838111
      3.058625      0.773785     -0.002048    -10.830363
      3.058750      0.764811      0.000078    -10.823639
      3.058875      0.766346      0.000090    -10.825311
      3.059000      0.798583      0.000342    -10.857925
      3.059125      0.774351      0.000843    -10.834319
      3.059250      0.750688      0.005782    -10.815721
      3.059375      0.780538      0.000207    -10.840119
      3.059500      0.761091      0.001414    -10.822004
      3.059625      0.767044     -0.000859    -10.825809
      3.059750      0.751455      0.000313    -10.811518
      3.059875      0.708448      0.001452    -10.769775
      3.060000      0.746604     -0.001484    -10.805120
      3.060125      0.724794      0.005137    -10.790055
      3.060250      0.757364     -0.003872    -10.813741
      3.060375      0.714291     -0.000140    -10.774527
      3.060500      0.712159     -0.000202    -10.772457
      3.060625      0.726848     -0.000933    -10.786540
      3.060750      0.671471     -0.003221    -10.729000
      3.060875      0.737528      0.001436    -10.799839
      3.061000      0.726173     -0.002840    -10.784332
      3.061125      0.732254     -0.000438    -10.792941
      3.061250      0.768694      0.000353    -10.830297
      3.061375      0.758647     -0.000290    -10.819731
      3.061500      0.748718      0.000620    -10.810838
      3.061625      0.755041     -0.000737    -10.815929
      3.061750      0.732188     -0.000507    -10.793431
      3.061875      0.750186     -0.000831    -10.811231
      3.062000      0.754386      0.000934    -10.817321
      3.062125      0.790644     -0.000727    -10.852043
      3.062250      0.740352      0.001392    -10.803995
      3.062375      0.779880     -0.001393    -10.840862
      3.062500      0.749298     -0.000136    -10.811662
      3.062625      0.722471     -0.001006    -10.784090
      3.062750      0.730390     -0.000361    -10.792778
      3.062875     -0.000331     -0.081525     -9.981019
      3.063000      0.714901      0.002515    -10.780416
      3.063125      0.760875     -0.000761    -10.823239
      3.063250      0.735643      0.001411    -10.800304
      3.063375      0.735100      0.001323    -10.799797
      3.063500      0.772957     -0.000912    -10.835546
      3.063625      0.719644      0.000185    -10.783453
      3.063750      0.749394     -0.001828    -10.811316
      3.063875      0.738629      0.000667    -10.803171
      3.064000      0.738584     -0.001874    -10.800710
      3.064125      0.714494     -0.000335    -10.778285
      3.064250      0.749662      0.001645    -10.815558
      3.064375      0.704039      0.000123    -10.768536
      3.064500      0.707961     -0.001550    -10.770911
      3.064625      0.704902     -0.002694    -10.766833
      3.064750      0.723515     -0.003167    -10.785098
      3.064875      0.667043      0.001255    -10.733173
      3.065000      0.663137     -0.000458    -10.727679
      3.065125      0.704450      0.001480    -10.771054
      3.065250      0.676607      0.000729    -10.742587
      3.065375      0.713229      0.000127    -10.778732
      3.065500      0.719050      0.001663    -10.786213
      3.065625      0.679268     -0.002078    -10.742814
      3.065750      0.627887      0.003815    -10.697452
      3.065875      0.694703     -0.001431    -10.759147
      3.066000      0.649029     -0.000546    -10.714483
      3.066125      0.650659      0.000799    -10.717583
      3.066250      0.648617      0.000971    -10.715838
      3.066375      0.645668      0.000295    -10.712338
      3.066500      0.655519      0.000515    -10.722534
      3.066625      0.597359      0.003736    -10.667721
      3.066750      0.629102      0.000743    -10.696595
      3.066875      0.596286     -0.000320    -10.662841
      3.067000      0.596428     -0.001621    -10.661807
      3.067125      0.459695      0.000283    -10.527103
      3.067250      0.257603     -0.000994    -10.323858
      3.067375      0.196882     -0.001263    -10.262995
      3.067500     -0.000254     -0.010927    -10.056319
      3.067625      0.149407      0.002959    -10.219991
      3.067750      0.129426      0.003353    -10.200529
      3.067875      0.063689     -0.005188    -10.126376
      3.068000      0.000572     -0.242890     -9.825681
      3.068125     -0.000348     -0.040930    -10.026848
      3.068250     -0.000104     -0.196051     -9.872095
      3.068375     -0.000115     -0.491843     -9.576418
      3.068500     -0.000102     -0.126281     -9.942117
      3.068625      0.000206     -0.005271    -10.063560
      3.068750     -0.000503     -0.044162    -10.024086
      3.068875     -0.000609     -0.101201     -9.967065
      3.069000      0.000139     -0.171857     -9.897282
      3.069125     -0.000316     -0.265913     -9.802896
      3.069250      0.000114     -0.405292     -9.664071
      3.069375     -0.000125     -0.665303     -9.403947
      3.069500     -0.000058     -1.501032     -8.568410
      3.069625      0.000262     -0.495787     -9.574100
      3.069750     -0.000156     -0.140100     -9.929494
      3.069875      0.630382     -0.002435    -10.697822
      3.070000      0.673081     -0.001551    -10.741530
      3.070125      0.712144      0.000708    -10.782977
      3.070250      0.692418     -0.000472    -10.762197
      3.070375      0.718687     -0.000771    -10.788291
      3.070500      0.708416      0.001454    -10.780370
      3.070625      0.703496     -0.002283    -10.771839
      3.070750      0.721484     -0.000122    -10.792112
      3.070875      0.734996      0.000387    -10.806258
      3.071000      0.713199     -0.001564    -10.782635
      3.071125      0.730223      0.001406    -10.802754
      3.071250      0.729640     -0.000749    -10.800140
      3.071375      0.720980     -0.001371    -10.790984
      3.071500      0.742910      0.000597    -10.815007
      3.071625      0.729645      0.001523    -10.802794
      3.071750      0.726800      0.001377    -10.799928
      3.071875      0.750772     -0.000283    -10.822364
      3.072000      0.730274     -0.000237    -10.802037
      3.072125      0.726904      0.000213    -10.799242
      3.072250      0.726026     -0.000351    -10.797924
      3.072375      0.744408     -0.002479    -10.814304
      3.072500      0.726256      0.001037    -10.799792
      3.072625      0.749605     -0.000359    -10.821871
      3.072750      0.758857      0.000836    -10.832443
      3.072875      0.711443     -0.001873    -10.782446
      3.073000      0.757898     -0.001396    -10.829502
      3.073125      0.747935      0.000721    -10.821781
      3.073250      0.741860     -0.001723    -10.813387
      3.073375      0.757201      0.000945    -10.831520
      3.073500      0.736992     -0.002122    -10.808370
      3.073625      0.729645      0.000948    -10.804218
      3.073750      0.761894     -0.000236    -10.835408
      3.073875      0.728566     -0.000594    -10.801847
      3.074000      0.766366     -0.000150    -10.840215
      3.074125      0.720208     -0.001291    -10.793041
      3.074250      0.732309      0.000554    -10.807113
      3.074375      0.739382      0.000006    -10.813763
      3.074500      0.732017      0.001097    -10.807614
      3.074625      0.740629      0.001247    -10.816501
      3.074750      0.731420      0.001197    -10.807367
      3.074875      0.758354      0.000882    -10.834112
      3.075000      0.736802      0.001582    -10.813384
      3.075125      0.720618      0.000572    -10.796314
      3.075250      0.719059     -0.001222    -10.793087
      3.075375      0.714743     -0.001760    -10.788359
      3.075500      0.704776      0.000833    -10.781109
      3.075625      0.726616      0.001080    -10.803322
      3.075750      0.723670      0.000160    -10.799580
      3.075875      0.744146     -0.004059    -10.815962
      3.076000      0.739160      0.000707    -10.815867
      3.076125      0.705205     -0.000263    -10.781068
      3.076250      0.739290     -0.000203    -10.815337
      3.076375      0.722998     -0.001159    -10.798214
      3.076500      0.735113     -0.000703    -10.810911
      3.076625      0.701989     -0.000960    -10.777654
      3.076750      0.717626     -0.000572    -10.793804
      3.076875      0.723649      0.001161    -10.801685
      3.077000      0.708570      0.000002    -10.785572
      3.077125      0.703044     -0.001241    -10.778928
      3.077250      0.705640     -0.002681    -10.780208
      3.077375      0.729838     -0.000721    -10.806492
      3.077500      0.680467      0.000223    -10.758190
      3.077625      0.702683      0.000936    -10.781244
      3.077750      0.699736      0.001053    -10.778538
      3.077875      0.685868      0.001979    -10.765722
      3.078000      0.063137      0.000986    -10.142123
      3.078125      0.718849      0.000149    -10.797123
      3.078250      0.712413      0.002275    -10.792938
      3.078375      0.706059     -0.000310    -10.784124
      3.078500      0.702803     -0.000497    -10.780807
      3.078625      0.715718      0.001920    -10.796262
      3.078750      0.716391      0.002292    -10.797433
      3.078875      0.711868      0.000060    -10.790803
      3.079000      0.710359     -0.000516    -10.788843
      3.079125      0.703623     -0.000745    -10.782003
      3.079250      0.719659      0.000441    -10.799350
      3.079375      0.726057      0.000079    -10.805511
      3.079500      0.699406      0.000234    -10.779139
      3.079625      0.717171     -0.000547    -10.796249
      3.079750      0.722478      0.003149    -10.805377
      3.079875      0.709826     -0.000714    -10.788987
      3.080000      0.689342      0.000802    -10.770143
      3.080125      0.707223     -0.001223    -10.786125
      3.080250      0.712908     -0.003727    -10.789431
      3.080375      0.678899     -0.001619    -10.757654
      3.080500      0.692483     -0.000045    -10.772939
      3.080625      0.657408     -0.000908    -10.737126
      3.080750      0.679050      0.001378    -10.761177
      3.080875      0.706138     -0.001788    -10.785224
      3.081000      0.690493      0.000785    -10.772278
      3.081125      0.703188      0.001836    -10.786148
      3.081250      0.694461      0.000201    -10.775911
      3.081375      0.717513      0.000982    -10.799870
      3.081500      0.679511      0.001630    -10.762642
      3.081625      0.667483     -0.000005    -10.749104
      3.081750      0.667965      0.000246    -10.749961
      3.081875      0.706692      0.000403    -10.788969
      3.082000      0.703530     -0.001323    -10.784207
      3.082125      0.704368      0.001131    -10.787624
      3.082250      0.673595      0.000070    -10.755915
      3.082375      0.724167     -0.003634    -10.802908
      3.082500      0.679354     -0.001281    -10.760574
      3.082625      0.675184      0.001720    -10.759529
      3.082750      0.690840     -0.000726    -10.772863
      3.082875      0.645244      0.001007    -10.729126
      3.083000      0.651321     -0.001900    -10.732421
      3.083125      0.650942     -0.001354    -10.732714
      3.083250      0.657162     -0.001962    -10.738450
      3.083375      0.633409     -0.000153    -10.716631
      3.083500      0.620863     -0.000417    -10.703946
      3.083625      0.594125      0.001289    -10.679039
      3.083750      0.093216     -0.004289    -10.172676
      3.083875     -0.000673     -0.042114    -10.041088
      3.084000      0.000612     -0.058813    -10.025799
      3.084125     -0.000158     -0.717292     -9.366675
      3.084250      0.673118     -0.000844    -10.756525
      3.084375      0.674312     -0.000163    -10.758523
      3.084500      0.673275     -0.000792    -10.756984
      3.084625      0.704215     -0.000257    -10.788584
      3.084750      0.688657     -0.001804    -10.771603
      3.084875      0.699692      0.001643    -10.786210
      3.085000      0.684268      0.000897    -10.770164
      3.085125      0.699785     -0.000547    -10.784363
      3.085250      0.715753      0.000072    -10.801075
      3.085375      0.689550     -0.000297    -10.774629
      3.085500      0.702134      0.002251    -10.789885
      3.085625      0.681925      0.000595    -10.768145
      3.085750      0.703565      0.000743    -10.790058
      3.085875      0.719547      0.000747    -10.806169
      3.086000      0.709763     -0.001162    -10.794602
      3.086125      0.682898      0.000169    -10.769192
      3.086250      0.689538      0.000705    -10.776493
      3.086375      0.695726      0.002535    -10.784637
      3.086500      0.714518     -0.001821    -10.799197
      3.086625      0.700556     -0.002025    -10.785157
      3.086750      0.698609      0.001144    -10.786503
      3.086875      0.700524     -0.000389    -10.787009
      3.087000      0.673867      0.002634    -10.763502
      3.087125      0.675153      0.001456    -10.763734
      3.087250      0.675509      0.000523    -10.763282
      3.087375      0.636671     -0.001069    -10.722976
      3.087500      0.711084      0.001305    -10.799890
      3.087625      0.678162      0.000436    -10.766223
      3.087750      0.686616      0.000959    -10.775325
      3.087875      0.694947      0.000939    -10.783762
      3.088000      0.681361     -0.001729    -10.767633
      3.088125      0.688495      0.000626    -10.777246
      3.088250      0.691033      0.000299    -10.779582
      3.088375      0.701720     -0.000543    -10.789552
      3.088500      0.670621      0.002422    -10.761543
      3.088625      0.682806      0.001849    -10.773280
      3.088750      0.685061      0.000368    -10.774179
      3.088875      0.682105     -0.000619    -10.770361
      3.089000      0.697589      0.000218    -10.786808
      3.089125      0.683419      0.001162    -10.773706
      3.089250      0.659133      0.000180    -10.748563
      3.089375      0.679912      0.000878    -10.770165
      3.089500      0.666279     -0.004012    -10.751767
      3.089625      0.678424     -0.000830    -10.767219
      3.089750      0.645237      0.000935    -10.735922
      3.089875      0.085523      0.004038    -10.179436
      3.090000      0.674792     -0.002948    -10.761844
      3.090125      0.682885     -0.000930    -10.772081
      3.090250      0.680705      0.000130    -10.771085
      3.090375      0.669897     -0.000023    -10.760249
      3.090500      0.648918     -0.000316    -10.739102
      3.090625      0.687410      0.000734    -10.778770
      3.090750      0.669307      0.000076    -10.760133
      3.090875      0.685274     -0.000396    -10.775753
      3.091000      0.671039     -0.001139    -10.760900
      3.091125      0.678446      0.000274    -10.769845
      3.091250      0.678861      0.000788    -10.770899
      3.091375      0.661793      0.000602    -10.753770
      3.091500      0.676762     -0.000747    -10.767515
      3.091625      0.671438     -0.002267    -10.760796
      3.091750      0.679066      0.000618    -10.771434
      3.091875      0.681415      0.000727    -10.774016
      3.092000      0.670817      0.000787    -10.763604
      3.092125      0.646465     -0.000986    -10.737604
      3.092250      0.656482      0.001309    -10.750041
      3.092375      0.677317      0.001246    -10.770938
      3.092500      0.678117     -0.004288    -10.766329
      3.092625      0.653089     -0.002811    -10.742903
      3.092750      0.666204      0.002486    -10.761440
      3.092875      0.668987      0.000514    -10.762376
      3.093000      0.676082      0.000400    -10.769482
      3.093125      0.673585     -0.000926    -10.765784
      3.093250      0.656702      0.000613    -10.750565
      3.093375      0.668086      0.000427    -10.761888
      3.093500      0.644806     -0.001061    -10.737245
      3.093625      0.653117      0.005043    -10.751785
      3.093750      0.652235      0.000587    -10.746572
      3.093875      0.654686      0.001405    -10.749966
      3.094000      0.644140      0.000698    -10.738838
      3.094125      0.635230     -0.004958    -10.724397
      3.094250      0.630523      0.000641    -10.725414
      3.094375      0.653554     -0.000279    -10.747650
      3.094500      0.637353     -0.000385    -10.731468
      3.094625      0.626295     -0.001026    -10.719894
      3.094750      0.628214      0.000005    -10.722970
      3.094875      0.608736     -0.000566    -10.703045
      3.095000      0.629126     -0.000648    -10.723478
      3.095125      0.631642      0.000773    -10.727540
      3.095250      0.624756     -0.001801    -10.718206
      3.095375      0.624550      0.000081    -10.720005
      3.095500      0.608020     -0.000128    -10.703392
      3.095625      0.584839      0.000268    -10.680732
      3.095750      0.608916     -0.000864    -10.703802
      3.095875      0.615630      0.000521    -10.712026
      3.096000      0.613458     -0.002216    -10.707242
      3.096125      0.612415     -0.001148    -10.707391
      3.096250      0.617978      0.001272    -10.715500
      3.096375      0.606101     -0.000429    -10.702047
      3.096500      0.606509     -0.000437    -10.702572
      3.096625      0.578835      0.001255    -10.676715
      3.096750      0.604615      0.000532    -10.701896
      3.096875      0.603685      0.000434    -10.700994
      3.097000      0.612650     -0.003063    -10.706586
      3.097125      0.575028     -0.002276    -10.669877
      3.097250      0.579499      0.001559    -10.678308
      3.097375      0.580436     -0.000186    -10.677625
      3.097500      0.564221     -0.000425    -10.661296
      3.097625      0.577597      0.002134    -10.677356
      3.097750      0.580673     -0.000908    -10.677514
      3.097875      0.568469     -0.000765    -10.665579
      3.098000      0.590867      0.001325    -10.690192
      3.098125      0.562323     -0.001017    -10.659431
      3.098250      0.573814      0.001482    -10.673546
      3.098375      0.571735     -0.001846    -10.668264
      3.098500      0.562184     -0.002690    -10.657994
      3.098625      0.583546      0.000128    -10.682298
      3.098750      0.523318      0.002316    -10.624384
      3.098875      0.550450      0.000458    -10.649783
      3.099000      0.551116     -0.001730    -10.648386
      3.099125      0.549690     -0.002259    -10.646556
      3.099250      0.558492      0.000775    -10.658517
      3.099375      0.524131      0.001110    -10.624616
      3.099500      0.525428      0.000553    -10.625481
      3.099625      0.502273      0.001470    -10.603368
      3.099750      0.475216     -0.001311    -10.573656
      3.099875      0.042557     -0.001968    -10.140464
      3.100000      0.000967     -0.056557    -10.044410
      3.100125      0.502449     -0.001838    -10.600736
      3.100250      0.527064     -0.000361    -10.626953
      3.100375      0.556753     -0.003067    -10.654061
      3.100500      0.556216      0.001517    -10.658233
      3.100625      0.556823      0.000941    -10.658389
      3.100750      0.553675      0.001351    -10.655776
      3.100875      0.567402     -0.001803    -10.666474
      3.101000      0.554333      0.000399    -10.655732
      3.101125      0.545985     -0.000629    -10.646481
      3.101250      0.543595     -0.000005    -10.644840
      3.101375      0.484990      0.002079    -10.588444
      3.101500      0.544977      0.000067    -10.646545
      3.101625      0.562024     -0.000887    -10.662763
      3.101750      0.553758     -0.000038    -10.655471
      3.101875      0.570242      0.002044    -10.674160
      3.102000      0.538695      0.001430    -10.642125
      3.102125      0.532429     -0.001540    -10.633014
      3.102250      0.537878      0.000787    -10.640915
      3.102375      0.552287     -0.000622    -10.654040
      3.102500      0.527627     -0.001847    -10.628279
      3.102625      0.549034     -0.000654    -10.651005
      3.102750      0.517656     -0.000263    -10.620143
      3.102875      0.311766      0.000138    -10.414780
      3.103000      0.514560     -0.000524    -10.617037
      3.103125      0.505380      0.000764    -10.609269
      3.103250      0.547555     -0.000779    -10.650026
      3.103375      0.532927     -0.001269    -10.635033
      3.103500      0.536774      0.000311    -10.640585
      3.103625      0.517082      0.000259    -10.620966
      3.103750      0.527642     -0.002807    -10.628585
      3.103875      0.517863      0.000299    -10.622038
      3.104000      0.514234     -0.000358    -10.617876
      3.104125      0.499116      0.000654    -10.603895
      3.104250      0.512525     -0.001823    -10.614952
      3.104375      0.474509     -0.002466    -10.576417
      3.104500      0.521735     -0.001235    -10.625000
      3.104625      0.518689      0.000968    -10.624282
      3.104750      0.509128      0.001358    -10.615237
      3.104875      0.502213     -0.000246    -10.606842
      3.105000      0.514612     -0.000691    -10.618922
      3.105125      0.479052     -0.001940    -10.582237
      3.105250      0.453357      0.001180    -10.559787
      3.105375      0.406336     -0.001780    -10.509931
      3.105500      0.487684      0.000333    -10.593516
      3.105625      0.482355      0.000096    -10.588076
      3.105750      0.458796      0.001928    -10.566474
      3.105875      0.435800     -0.000578    -10.541097
      3.106000      0.098984     -0.002125    -10.202859
      3.106125      0.000115     -0.756143     -9.350098
      3.106250      0.481481     -0.000399    -10.587332
      3.106375      0.485116      0.000027    -10.591518
      3.106500      0.469820      0.002623    -10.578943
      3.106625      0.488905     -0.001049    -10.594481
      3.106750      0.487284     -0.003740    -10.590294
      3.106875      0.489229     -0.000576    -10.595528
      3.107000      0.482511     -0.001556    -10.587954
      3.107125      0.473883     -0.001076    -10.579932
      3.107250      0.483137      0.000218    -10.590605
      3.107375      0.480727     -0.001692    -10.586411
      3.107500      0.488206      0.000665    -10.596371
      3.107625      0.467727      0.001231    -10.576582
      3.107750      0.492107     -0.000216    -10.599641
      3.107875      0.471980      0.000518    -10.580373
      3.108000      0.437394     -0.000116    -10.545278
      3.108125      0.444435     -0.000006    -10.552554
      3.108250      0.442988     -0.002093    -10.549145
      3.108375      0.442592     -0.000828    -10.550140
      3.108500      0.464332      0.001771    -10.574603
      3.108625      0.468013      0.001524    -10.578162
      3.108750      0.452197      0.000829    -10.561776
      3.108875      0.431370      0.000032    -10.540276
      3.109000      0.458970     -0.001579    -10.566391
      3.109125      0.452962      0.001409    -10.563497
      3.109250      0.425612      0.000061    -10.534923
      3.109375      0.424615     -0.000752    -10.533238
      3.109500      0.399662      0.001842    -10.511004
      3.109625      0.365856     -0.001745    -10.473736
      3.109750      0.413910     -0.001245    -10.522415
      3.109875      0.413941      0.001437    -10.525253
      3.110000      0.419328      0.000577    -10.529904
      3.110125      0.392737     -0.001551    -10.501311
      3.110250      0.364305     -0.001664    -10.472891
      3.110375      0.403296     -0.002249    -10.511422
      3.110500      0.374724     -0.000975    -10.484250
      3.110625      0.339827      0.004291    -10.454743
      3.110750      0.346404     -0.000638    -10.456515
      3.110875      0.308401      0.000327    -10.419603
      3.111000      0.250348      0.000786    -10.362134
      3.111125      0.190215     -0.001059    -10.300281
      3.111250      0.158056      0.002048    -10.271355
      3.111375      0.116202     -0.001103    -10.226474
      3.111500      0.130834      0.002376    -10.244710
      3.111625      0.114839     -0.000889    -10.225575
      3.111750     -0.000348     -0.013683    -10.097720
      3.111875      0.000074     -0.001306    -10.110643
      3.112000     -0.000467     -0.194886     -9.916647
      3.112125      0.000160     -0.022851    -10.089434
      3.112250     -0.000936     -0.106812    -10.004502
      3.112375      0.000003     -0.283768     -9.828610
      3.112500      0.000194     -0.291009     -9.821685
      3.112625     -0.000087     -0.107722    -10.004816
      3.112750      0.001018     -0.024709    -10.089059
      3.112875      0.000122     -0.016417    -10.096580
      3.113000      0.000179     -0.049081    -10.064097
      3.113125      0.000941     -0.085278    -10.028788
      3.113250     -0.000789     -0.129867     -9.982594
      3.113375     -0.000885     -0.183465     -9.929025
      3.113500      0.000421     -0.251448     -9.862473
      3.113625     -0.000164     -0.345070     -9.768391
      3.113750      0.000748     -0.492031     -9.622467
      3.113875      0.000594     -0.813777     -9.300692
      3.114000      0.000356     -0.843993     -9.270363
      3.114125      0.000395     -0.434865     -9.679656
      3.114250      0.000189     -0.216113     -9.898326
      3.114375      0.241807     -0.001464    -10.354718
      3.114500      0.303782      0.001212    -10.419494
      3.114625      0.336119     -0.000678    -10.450066
      3.114750      0.392064     -0.002291    -10.504523
      3.114875      0.377658      0.000949    -10.493482
      3.115000      0.425393      0.000407    -10.540800
      3.115125      0.414827      0.001279    -10.531231
      3.115250      0.403091      0.001490    -10.519832
      3.115375      0.421391     -0.000226    -10.536540
      3.115500      0.431059     -0.001082    -10.545477
      3.115625      0.372912     -0.000250    -10.488287
      3.115750      0.434939     -0.000550    -10.550139
      3.115875      0.423519     -0.000581    -10.538813
      3.116000      0.441185     -0.000327    -10.556858
      3.116125      0.405291     -0.002464    -10.518952
      3.116250      0.431426     -0.000823    -10.546853
      3.116375      0.428847     -0.001496    -10.543726
      3.116500      0.434629     -0.002288    -10.548841
      3.116625      0.417787      0.000452    -10.534865
      3.116750      0.430815      0.000681    -10.548246
      3.116875      0.436256     -0.001121    -10.552010
      3.117000      0.381348      0.000439    -10.498787
      3.117125      0.431814     -0.002233    -10.546706
      3.117250      0.432822     -0.000449    -10.549623
      3.117375      0.435290     -0.000349    -10.552315
      3.117500      0.426881      0.000046    -10.544427
      3.117625      0.422898     -0.000336    -10.540187
      3.117750      0.390647     -0.000493    -10.507904
      3.117875      0.414735     -0.000922    -10.531689
      3.118000      0.416234     -0.001175    -10.533059
      3.118125      0.376070      0.000384    -10.494580
      3.118250      0.405185      0.000680    -10.524115
      3.118375      0.394481     -0.001540    -10.511316
      3.118500      0.404897     -0.000520    -10.522877
      3.118625      0.403161      0.000177    -10.521963
      3.118750      0.396231      0.000730    -10.515711
      3.118875      0.392248      0.000730    -10.511853
      3.119000      0.371094      0.000044    -10.490138
      3.119125      0.400737     -0.001292    -10.518570
      3.119250      0.372965      0.000485    -10.492699
      3.119375      0.352108      0.003290    -10.474773
      3.119500      0.000093     -0.022145    -10.097449
      3.119625      0.364751     -0.003213    -10.481163
      3.119750      0.382901      0.000637    -10.503289
      3.119875      0.405251     -0.000486    -10.524640
      3.120000      0.401116      0.000797    -10.521913
      3.120125      0.385965     -0.000573    -10.505516
      3.120250      0.349139      0.000792    -10.470182
      3.120375      0.388195     -0.000580    -10.507990
      3.120500      0.371896      0.001607    -10.494003
      3.120625      0.364548      0.000137    -10.485309
      3.120750     -0.000329     -0.160642     -9.959779
      3.120875      0.371319     -0.001494    -10.490701
      3.121000      0.383069      0.000608    -10.504676
      3.121125      0.374589      0.001336    -10.497050
      3.121250      0.335578     -0.001668    -10.455160
      3.121375      0.391369      0.001375    -10.514119
      3.121500      0.364359      0.001157    -10.487016
      3.121625      0.357817      0.001918    -10.481360
      3.121750      0.346946      0.000692    -10.469387
      3.121875      0.330804      0.000360    -10.453039
      3.122000      0.311390      0.001326    -10.434716
      3.122125      0.331429      0.000504    -10.454058
      3.122250      0.110027      0.001918    -10.234195
      3.122375      0.040936     -0.002094    -10.161217
      3.122500      0.000314     -0.168575     -9.954240
      3.122625     -0.000513     -0.034280    -10.087832
      3.122750     -0.000723     -0.251545     -9.870482
      3.122875      0.252989      0.000500    -10.376364
      3.123000      0.353492     -0.000487    -10.476005
      3.123125      0.357202     -0.000836    -10.479491
      3.123250      0.353759      0.001329    -10.478338
      3.123375      0.369651      0.000187    -10.493213
      3.123500      0.357525      0.001010    -10.482035
      3.123625      0.349226      0.001081    -10.473932
      3.123750      0.362073      0.000962    -10.486786
      3.123875      0.361061     -0.000408    -10.484528
      3.124000      0.368581      0.000884    -10.493465
      3.124125      0.341926     -0.000632    -10.465420
      3.124250      0.361022     -0.000194    -10.485077
      3.124375      0.346354      0.000316    -10.471045
      3.124500      0.371849     -0.002243    -10.494106
      3.124625      0.341443     -0.001567    -10.464501
      3.124750      0.348254     -0.000764    -10.472240
      3.124875      0.356986      0.002564    -10.484425
      3.125000      0.338493     -0.000508    -10.462985
      3.125125      0.354060      0.000745    -10.479930
      3.125250      0.309796     -0.002773    -10.432272
      3.125375      0.343416     -0.000300    -10.468491
      3.125500      0.336353      0.001194    -10.463047
      3.125625      0.329650      0.001298    -10.456573
      3.125750      0.335267     -0.000546    -10.460471
      3.125875      0.310065     -0.001061    -10.434879
      3.126000     -0.000657     -0.210992     -9.914351
      3.126125      0.345987     -0.000444    -10.471669
      3.126250      0.340121     -0.001311    -10.465060
      3.126375      0.340138     -0.000505    -10.466007
      3.126500      0.362553     -0.000744    -10.488309
      3.126625      0.352318     -0.000077    -10.478866
      3.126750      0.333896     -0.001414    -10.459232
      3.126875      0.329279     -0.000703    -10.455451
      3.127000      0.342048     -0.001819    -10.467228
      3.127125      0.336164     -0.000695    -10.462594
      3.127250      0.331554      0.000344    -10.459147
      3.127375      0.342316     -0.000234    -10.469457
      3.127500      0.324046     -0.002824    -10.448722
      3.127625      0.338289      0.002097    -10.468012
      3.127750      0.323167     -0.000165    -10.450753
      3.127875      0.332449     -0.000328    -10.459996
      3.128000      0.328087      0.001045    -10.457132
      3.128125      0.310116     -0.000662    -10.437580
      3.128250      0.309552     -0.000120    -10.437682
      3.128375      0.303114     -0.001094    -10.430395
      3.128500      0.301741     -0.002667    -10.427573
      3.128625      0.292256      0.001138    -10.422019
      3.128750      0.285078      0.000675    -10.414503
      3.128875      0.282751      0.000361    -10.411987
      3.129000      0.263609      0.000883    -10.393492
      3.129125      0.000784     -0.048039    -10.081870
      3.129250      0.286018      0.001206    -10.416474
      3.129375      0.265654      0.001002    -10.396031
      3.129500      0.258906      0.000990    -10.389397
      3.129625      0.264443     -0.000268    -10.393800
      3.129750      0.264546     -0.000888    -10.393408
      3.129875      0.236645      0.002677    -10.369196
      3.130000      0.235130     -0.000116    -10.365014
      3.130125      0.254214     -0.000353    -10.383987
      3.130250      0.227244     -0.000961    -10.356533
      3.130375      0.029700     -0.005586    -10.154489
      3.130500      0.248238     -0.000239    -10.378499
      3.130625      0.235521     -0.000402    -10.365744
      3.130750      0.238550     -0.000040    -10.369260
      3.130875      0.226216      0.000294    -10.357385
      3.131000      0.235275      0.001833    -10.368108
      3.131125      0.221561     -0.000639    -10.352046
      3.131250      0.218268     -0.000900    -10.348618
      3.131375      0.172793      0.001845    -10.306014
      3.131500      0.068469      0.001166    -10.201135
      3.131625      0.000883     -0.010541    -10.121967
      3.131750      0.001787     -0.031943    -10.101595
      3.131875      0.000569     -0.072517    -10.059928
      3.132000      0.000092     -0.498908     -9.633185
      3.132125      0.163730     -0.000255    -10.295600
      3.132250      0.216035     -0.000040    -10.348244
      3.132375      0.222802     -0.000213    -10.354965
      3.132500      0.213432     -0.000917    -10.345015
      3.132625      0.217374      0.001336    -10.351336
      3.132750      0.204409     -0.000048    -10.337111
      3.132875      0.205969      0.000581    -10.339425
      3.133000      0.196623     -0.000309    -10.329315
      3.133125      0.177093      0.001937    -10.312155
      3.133250      0.193103      0.000992    -10.327344
      3.133375      0.201102     -0.000266    -10.334211
      3.133500      0.191479      0.000232    -10.325211
      3.133625      0.175577     -0.001025    -10.308177
      3.133750      0.115949      0.000721    -10.250419
      3.133875      0.035369     -0.313795     -9.855450
      3.134000      0.180017      0.000646    -10.314663
      3.134125      0.180295     -0.000422    -10.313998
      3.134250      0.180428      0.000708    -10.315386
      3.134375      0.173492     -0.001155    -10.306712
      3.134500      0.172504     -0.000294    -10.306710
      3.134625      0.185144      0.000850    -10.320619
      3.134750      0.172965      0.000018    -10.307733
      3.134875      0.174287      0.000080    -10.309241
      3.135000      0.157474     -0.000678    -10.291796
      3.135125      0.143403      0.000948    -10.279476
      3.135250      0.147346      0.000813    -10.283410
      3.135375      0.136404      0.000438    -10.272218
      3.135500      0.127396      0.000920    -10.263816
      3.135625      0.119389      0.000146    -10.255159
      3.135750      0.027724     -0.000977    -10.162497
      3.135875      0.000889     -0.056061    -10.080703
      3.136000      0.095559      0.000330    -10.231889
      3.136125      0.104047      0.000076    -10.240248
      3.136250      0.000203     -0.061673    -10.074779
      3.136375      0.082546      0.000336    -10.219257
      3.136500      0.080410      0.000164    -10.217075
      3.136625      0.060526      0.000347    -10.197498
      3.136750      0.047483      0.000349    -10.184582
      3.136875      0.019812      0.000988    -10.157675
      3.137000      0.002702     -0.005687    -10.134015
      3.137125      0.000999     -0.059168    -10.078957
      3.137250      0.000950     -0.072755    -10.065445
      3.137375      0.000831     -0.003572    -10.134634
      3.137500      0.000611     -0.018720    -10.119391
      3.137625      0.000451     -0.040700    -10.097376
      3.137750      0.000316     -0.071836    -10.066231
      3.137875      0.000287     -0.107912    -10.030250
      3.138000      0.000311     -0.162831     -9.975480
      3.138125      0.000358     -0.263406     -9.875077
      3.138250      0.000358     -0.425330     -9.713278
      3.138375      0.000339     -0.212068     -9.926647
      3.138500      0.000245     -0.141326     -9.997419
      3.138625      0.000317     -0.094032    -10.044910
      3.138750      0.000506     -0.062180    -10.077076
      3.138875      0.000772     -0.036527    -10.103120
      3.139000      0.000792     -0.016579    -10.123212
      3.139125      0.000646     -0.001622    -10.138150
      3.139250      0.000700     -0.007036    -10.132914
      3.139375      0.000094     -0.015110    -10.124359
      3.139500     -0.000158     -0.023902    -10.115439
      3.139625     -0.000355     -0.033355    -10.105915
      3.139750     -0.000601     -0.041869    -10.097280
      3.139875     -0.000901     -0.052104    -10.086870
      3.140000     -0.000672     -0.063764    -10.075564
      3.140125     -0.000236     -0.074686    -10.065203
      3.140250      0.000138     -0.085788    -10.054599
      3.140375      0.000012     -0.097233    -10.043154
      3.140500     -0.000055     -0.109240    -10.031204
      3.140625     -0.000171     -0.121827    -10.018627
      3.140750     -0.000266     -0.135084    -10.005400
      3.140875     -0.000353     -0.150060     -9.990463
      3.141000     -0.000194     -0.165602     -9.975203
      3.141125      0.000868     -0.180644     -9.961350
      3.141250     -0.000473     -0.196628     -9.944149
      3.141375     -0.000982     -0.215084     -9.925309
      3.141500     -0.001211     -0.234922     -9.905367
      3.141625     -0.000145     -0.256650     -9.884830
      3.141750     -0.000482     -0.278722     -9.862546
      3.141875     -0.000014     -0.303328     -9.838533
      3.142000     -0.000590     -0.332205     -9.809205
      3.142125     -0.000768     -0.364504     -9.776853
      3.142250     -0.000758     -0.401084     -9.740408
      3.142375     -0.000320     -0.443873     -9.698181
      3.142500      0.000190     -0.496143     -9.646547
      3.142625      0.000082     -0.562177     -9.580531
      3.142750     -0.000193     -0.649315     -9.493242
      3.142875      0.000090     -0.794268     -9.348697
      3.143000     -0.000198     -1.160505     -8.982297
      3.143125     -0.000822     -0.934199     -9.208104
      3.143250      0.000333     -0.721146     -9.422437
      3.143375      0.000357     -0.608415     -9.535318
      3.143500      0.001278     -0.536513     -9.608266
      3.143625      0.000856     -0.472771     -9.671710
      3.143750      0.000566     -0.426512     -9.717804
      3.143875      0.000327     -0.387097     -9.757105
      3.144000      0.000164     -0.353620     -9.790544
      3.144125     -0.000025     -0.324086     -9.820014
      3.144250     -0.000248     -0.297909     -9.846094
      3.144375     -0.000309     -0.274236     -9.869830
      3.144500     -0.000405     -0.253674     -9.890421
      3.144625      0.000845     -0.234365     -9.911106
      3.144750      0.000646     -0.216435     -9.928961
      3.144875      0.000295     -0.200718     -9.944452
      3.145000     -0.001186     -0.183685     -9.960130
      3.145125      0.000329     -0.167481     -9.977973
      3.145250     -0.001321     -0.156602     -9.987327
      3.145375      0.000312     -0.140203    -10.005484
      3.145500      0.000183     -0.128660    -10.017023
      3.145625     -0.000680     -0.116661    -10.028284
      3.145750     -0.000760     -0.104125    -10.040866
      3.145875     -0.000275     -0.094318    -10.051283
      3.146000     -0.000229     -0.083986    -10.061785
      3.146125      0.000427     -0.073300    -10.073252
      3.146250      0.000778     -0.063873    -10.083156
      3.146375      0.000192     -0.053863    -10.092704
      3.146500      0.000105     -0.044985    -10.101620
      3.146625     -0.000008     -0.036510    -10.110107
      3.146750     -0.000302     -0.028908    -10.117540
      3.146875      0.000369     -0.021826    -10.125419
      3.147000      0.000181     -0.014225    -10.132956
      3.147125     -0.000482     -0.007679    -10.138965
      3.147250     -0.001730      0.000015    -10.145535
      3.147375     -0.000604     -0.003030    -10.143741
      3.147500     -0.000654     -0.007555    -10.139291
      3.147625      0.000281     -0.009639    -10.138267
      3.147750     -0.000286     -0.014651    -10.132813
      3.147875     -0.000081     -0.016475    -10.131319
      3.148000      0.000043     -0.021924    -10.126119
      3.148125     -0.000039     -0.025480    -10.122606
      3.148250     -0.000210     -0.029069    -10.118972
      3.148375     -0.000457     -0.030843    -10.117075
      3.148500     -0.000725     -0.034678    -10.113097
      3.148625     -0.001161     -0.040818    -10.106646
      3.148750     -0.000490     -0.043863    -10.104397
      3.148875     -0.000855     -0.048582    -10.099437
      3.149000     -0.000743     -0.052632    -10.095626
      3.149125     -0.000301     -0.055570    -10.093254
      3.149250     -0.000097     -0.059573    -10.089581
      3.149375     -0.000005     -0.063591    -10.085778
      3.149500     -0.000083     -0.068578    -10.080839
      3.149625     -0.000050     -0.072414    -10.077162
      3.149750     -0.000100     -0.076257    -10.073393
      3.149875     -0.000189     -0.080132    -10.069554
      3.150000     -0.000286     -0.084048    -10.065666
      3.150125     -0.000373     -0.088025    -10.061728
      3.150250     -0.000434     -0.092078    -10.057737
      3.150375     -0.000357     -0.096534    -10.053485
      3.150500     -0.000200     -0.100799    -10.049501
      3.150625     -0.000031     -0.105047    -10.045547
      3.150750      0.000025     -0.109288    -10.041487
      3.150875      0.000178     -0.113205    -10.037849
      3.151000      0.000278     -0.117178    -10.034101
      3.151125      0.000059     -0.118852    -10.032332
      3.151250      0.000047     -0.123296    -10.028001
      3.151375      0.000193     -0.127792    -10.023776
      3.151500      0.000255     -0.134274    -10.017481
      3.151625      0.000268     -0.138736    -10.013157
      3.151750      0.000200     -0.143209    -10.008741
      3.151875      0.000208     -0.145770    -10.006313
      3.152000      0.000094     -0.150296    -10.001798
      3.152125      0.000102     -0.154765     -9.997461
      3.152250      0.000285     -0.162278     -9.990257
      3.152375      0.000212     -0.167110     -9.985477
      3.152500     -0.000022     -0.171925     -9.980553
      3.152625     -0.000766     -0.173805     -9.978054
      3.152750      0.000693     -0.181670     -9.971773
      3.152875      0.000107     -0.183912     -9.969069
      3.153000      0.000364     -0.191772     -9.961593
      3.153125      0.000321     -0.195981     -9.957465
      3.153250      0.000509     -0.198272     -9.955487
      3.153375      0.000799     -0.205875     -9.948300
      3.153500      0.000802     -0.210972     -9.943330
      3.153625      0.000733     -0.213698     -9.940660
      3.153750      0.000294     -0.221167     -9.932877
      3.153875     -0.000583     -0.226871     -9.926421
      3.154000     -0.000023     -0.232565     -9.921412
      3.154125     -0.000223     -0.238293     -9.915609
      3.154250     -0.000600     -0.244241     -9.909409
      3.154375     -0.000544     -0.249720     -9.904111
      3.154500     -0.000328     -0.255260     -9.898912
      3.154625      0.000059     -0.261083     -9.893601
      3.154750      0.000242     -0.266941     -9.888051
      3.154875      0.000284     -0.272809     -9.882349
      3.155000      0.000228     -0.278699     -9.876529
      3.155125      0.000118     -0.284627     -9.870616
      3.155250      0.000092     -0.290642     -9.864699
      3.155375     -0.000144     -0.296782     -9.858449
      3.155500     -0.000259     -0.302995     -9.852246
      3.155625     -0.000288     -0.309310     -9.846027
      3.155750     -0.000206     -0.315727     -9.839817
      3.155875     -0.000266     -0.322053     -9.833557
      3.156000     -0.000599     -0.328039     -9.827362
      3.156125     -0.000398     -0.334565     -9.821161
      3.156250     -0.000296     -0.341342     -9.814612
      3.156375     -0.000134     -0.348078     -9.808163
      3.156500      0.000103     -0.355007     -9.801596
      3.156625      0.000304     -0.362030     -9.794899
      3.156750      0.000396     -0.369085     -9.788061
      3.156875      0.000514     -0.376251     -9.781138
      3.157000      0.000228     -0.383329     -9.773899
      3.157125     -0.000030     -0.390572     -9.766523
      3.157250     -0.000323     -0.397980     -9.758947
      3.157375     -0.000647     -0.405593     -9.751136
      3.157500     -0.001006     -0.413469     -9.743026
      3.157625     -0.001337     -0.421641     -9.734646
      3.157750     -0.001299     -0.429482     -9.726970
      3.157875     -0.000973     -0.437460     -9.719442
      3.158000     -0.000611     -0.445628     -9.711761
      3.158125     -0.000507     -0.453956     -9.703662
      3.158250     -0.000525     -0.462372     -9.695352
      3.158375     -0.000620     -0.470897     -9.686858
      3.158500     -0.000754     -0.479561     -9.678186
      3.158625     -0.000894     -0.488391     -9.669340
      3.158750     -0.001006     -0.497417     -9.660326
      3.158875     -0.001058     -0.506665     -9.651153
      3.159000     -0.001031     -0.516137     -9.641832
      3.159125     -0.000946     -0.525802     -9.632377
      3.159250     -0.000850     -0.535602     -9.622797
      3.159375     -0.000795     -0.545490     -9.613090
      3.159500     -0.000805     -0.555462     -9.603233
      3.159625     -0.000800     -0.565631     -9.593195
      3.159750     -0.000589     -0.576222     -9.582939
      3.159875     -0.000278     -0.587166     -9.572431
      3.160000     -0.000067     -0.598293     -9.561640
      3.160125     -0.000030     -0.609585     -9.550510
      3.160250      0.000117     -0.621169     -9.539198
      3.160375      0.000055     -0.632924     -9.527505
      3.160500     -0.000081     -0.644972     -9.515447
      3.160625     -0.000248     -0.657369     -9.503008
      3.160750     -0.000417     -0.670170     -9.490163
      3.160875     -0.000584     -0.683415     -9.476877
      3.161000     -0.000760     -0.697138     -9.463102
      3.161125     -0.000856     -0.711462     -9.448807
      3.161250     -0.000611     -0.726360     -9.434278
      3.161375     -0.000221     -0.741283     -9.419871
      3.161500      0.000038     -0.756537     -9.405001
      3.161625      0.000299     -0.771405     -9.390519
      3.161750      0.000454     -0.787237     -9.374967
      3.161875      0.000488     -0.803545     -9.358818
      3.162000      0.000461     -0.820409     -9.342053
      3.162125      0.000410     -0.837909     -9.324626
      3.162250      0.000275     -0.856294     -9.306231
      3.162375      0.000382     -0.878658     -9.284099
      3.162500      0.000528     -0.898720     -9.264308
      3.162625      0.000583     -0.915830     -9.247377
      3.162750      0.000631     -0.941242     -9.222140
      3.162875      0.000459     -0.958983     -9.204351
      3.163000      0.000643     -0.985700     -9.177943
      3.163125      0.000771     -1.007726     -9.156170
      3.163250      0.001040     -1.037243     -9.127046
      3.163375      0.001245     -1.064724     -9.099895
      3.163500      0.001292     -1.093962     -9.070831
      3.163625      0.001262     -1.125031     -9.039855
      3.163750      0.001230     -1.158357     -9.006623
      3.163875      0.001078     -1.190390     -8.974563
      3.164000      0.000850     -1.228538     -8.936312
      3.164125      0.000615     -1.269982     -8.894759
      3.164250      0.000384     -1.315328     -8.849307
      3.164375      0.000155     -1.365362     -8.799169
      3.164500     -0.000082     -1.421133     -8.743285
      3.164625     -0.000263     -1.484149     -8.680214
      3.164750     -0.000180     -1.556522     -8.608048
      3.164875      0.000102     -1.640946     -8.524030
      3.165000      0.000311     -1.746230     -8.419080
      3.165125      0.000436     -1.874344     -8.291217
      3.165250      0.000448     -2.047785     -8.117912
      3.165375      0.000374     -2.317998     -7.847752
      3.165500      0.000244     -2.966079     -7.199665
      3.165625      0.000085     -2.695348     -7.470363
      3.165750     -0.000074     -2.229524     -7.936152
      3.165875     -0.000206     -1.994597     -8.171073
      3.166000     -0.000280     -1.836299     -8.329422
      3.166125     -0.000277     -1.716805     -8.449043
      3.166250     -0.000207     -1.620814     -8.545230
      3.166375     -0.000104     -1.540564     -8.625708
      3.166500     -0.000014     -1.471561     -8.694926
      3.166625      0.000022     -1.410972     -8.755675
      3.166750     -0.000012     -1.356921     -8.809817
      3.166875     -0.000030     -1.308198     -8.858646
      3.167000      0.000149     -1.264049     -8.903100
      3.167125      0.000412     -1.223662     -8.943875
      3.167250      0.000573     -1.186313     -8.981510
      3.167375      0.000602     -1.151547     -9.016430
      3.167500      0.000535     -1.119064     -9.048972
      3.167625      0.000370     -1.089710     -9.078285
      3.167750      0.000091     -1.061065     -9.106776
      3.167875     -0.000215     -1.034101     -9.133559
      3.168000     -0.000563     -1.008710     -9.158727
      3.168125     -0.000890     -0.984749     -9.182486
      3.168250     -0.000783     -0.961430     -9.206037
      3.168375     -0.000375     -0.939305     -9.228695
      3.168500     -0.000073     -0.918230     -9.250197
      3.168625      0.000083     -0.898003     -9.270705
      3.168750      0.000122     -0.878537     -9.290335
      3.168875      0.000078     -0.859780     -9.309173
      3.169000     -0.000018     -0.841697     -9.327285
      3.169125     -0.000137     -0.824259     -9.344729
      3.169250     -0.000247     -0.807444     -9.361559
      3.169375     -0.000317     -0.791232     -9.377826
      3.169500     -0.000321     -0.775598     -9.393581
      3.169625     -0.000259     -0.760492     -9.408874
      3.169750     -0.000163     -0.745832     -9.423755
      3.169875     -0.000081     -0.731534     -9.438260
      3.170000     -0.000055     -0.717533     -9.452413
      3.170125     -0.000084     -0.703822     -9.466219
      3.170250     -0.000030     -0.690543     -9.479677
      3.170375      0.000236     -0.677830     -9.492781
      3.170500      0.000522     -0.665496     -9.505526
      3.170625      0.000687     -0.653398     -9.517915
      3.170750      0.000724     -0.641520     -9.529954
      3.170875      0.000660     -0.629882     -9.541653
      3.171000      0.000527     -0.618505     -9.553023
      3.171125      0.000359     -0.607410     -9.564073
      3.171250      0.000182     -0.596618     -9.574813
      3.171375      0.000017     -0.586143     -9.585249
      3.171500     -0.000135     -0.575978     -9.595387
      3.171625     -0.000296     -0.566086     -9.605243
      3.171750     -0.000437     -0.556449     -9.614864
      3.171875     -0.000358     -0.547157     -9.624360
      3.172000     -0.000044     -0.538120     -9.633836
      3.172125      0.000245     -0.529080     -9.643290
      3.172250      0.000418     -0.520001     -9.652667
      3.172375      0.000480     -0.510950     -9.661905
      3.172500      0.000457     -0.501996     -9.670961
      3.172625      0.000376     -0.493179     -9.679822
      3.172750      0.000269     -0.484525     -9.688494
      3.172875      0.000188     -0.476320     -9.696742
      3.173000      0.000019     -0.467780     -9.705239
      3.173125     -0.000033     -0.459597     -9.713495
      3.173250      0.000001     -0.451670     -9.721580
      3.173375      0.000100     -0.443948     -9.729527
      3.173500      0.000219     -0.436353     -9.737366
      3.173625      0.000306     -0.428806     -9.745124
      3.173750      0.000319     -0.421252     -9.752817
      3.173875      0.000264     -0.413697     -9.760441
      3.174000      0.000304     -0.406327     -9.767977
      3.174125      0.000551     -0.399280     -9.775396
      3.174250      0.000770     -0.392349     -9.782671
      3.174375      0.000840     -0.385431     -9.789784
      3.174500      0.000770     -0.378543     -9.796727
      3.174625      0.000597     -0.371731     -9.803491
      3.174750      0.000355     -0.365037     -9.810068
      3.174875      0.000066     -0.358502     -9.816439
      3.175000     -0.000263     -0.352172     -9.822565
      3.175125     -0.000623     -0.346109     -9.828393
      3.175250     -0.000813     -0.340020     -9.834417
      3.175375     -0.000699     -0.333691     -9.840985
      3.175500     -0.000219     -0.327554     -9.847727
      3.175625      0.000028     -0.321607     -9.854046
      3.175750      0.000118     -0.315689     -9.860179
      3.175875      0.000096     -0.309795     -9.866176
      3.176000      0.000002     -0.303942     -9.872060
      3.176125     -0.000127     -0.298152     -9.877847
      3.176250     -0.000259     -0.292445     -9.883546
      3.176375     -0.000358     -0.286841     -9.889176
      3.176500     -0.000399     -0.281343     -9.894758
      3.176625     -0.000382     -0.275938     -9.900305
      3.176750     -0.000275     -0.270694     -9.905781
      3.176875     -0.000203     -0.265380     -9.911292
      3.177000     -0.000218     -0.259968     -9.916814
      3.177125     -0.000275     -0.254528     -9.922321
      3.177250     -0.000227     -0.249281     -9.927743
      3.177375      0.000008     -0.244249     -9.933134
      3.177500      0.000079     -0.239160     -9.938419
      3.177625     -0.000376     -0.233867     -9.943381
      3.177750      0.000189     -0.231457     -9.946482
      3.177875      0.000174     -0.225079     -9.952970
      3.178000      0.000117     -0.221587     -9.956531
      3.178125     -0.000070     -0.216698     -9.961357
      3.178250     -0.000250     -0.211901     -9.966099
      3.178375     -0.000453     -0.205828     -9.972094
      3.178500     -0.000794     -0.201300     -9.976406
      3.178625     -0.001125     -0.196983     -9.980517
      3.178750     -0.001313     -0.192662     -9.984775
      3.178875     -0.001092     -0.187963     -9.989820
      3.179000     -0.000763     -0.183484     -9.994754
      3.179125     -0.000494     -0.180308     -9.998323
      3.179250     -0.000359     -0.175929    -10.002962
      3.179375     -0.000351     -0.171535    -10.007489
      3.179500     -0.000418     -0.167146    -10.011936
      3.179625     -0.000529     -0.162780    -10.016316
      3.179750     -0.000658     -0.158454    -10.020638
      3.179875     -0.000777     -0.154188    -10.024910
      3.180000     -0.000861     -0.149996    -10.029143
      3.180125     -0.000887     -0.145889    -10.033349
      3.180250     -0.000852     -0.141854    -10.037544
      3.180375     -0.000783     -0.137852    -10.041741
      3.180500     -0.000730     -0.133831    -10.045939
      3.180625     -0.000598     -0.128809    -10.051218
      3.180750     -0.000589     -0.124699    -10.055462
      3.180875     -0.000611     -0.120564    -10.059700
      3.181000     -0.000468     -0.116623    -10.063909
      3.181125     -0.000165     -0.112893    -10.068067
      3.181250      0.000078     -0.109172    -10.072157
      3.181375      0.000189     -0.105397    -10.076167
      3.181500      0.000182     -0.101591    -10.080092
      3.181625      0.000090     -0.097786    -10.083929
      3.181750     -0.000057     -0.094018    -10.087675
      3.181875     -0.000229     -0.090317    -10.091329
      3.182000     -0.000403     -0.086713    -10.094884
      3.182125     -0.000568     -0.083227    -10.098331
      3.182250     -0.000734     -0.079858    -10.101658
      3.182375     -0.000902     -0.076613    -10.104860
      3.182500     -0.000939     -0.073582    -10.107979
      3.182625     -0.000693     -0.070741    -10.111191
      3.182750     -0.000395     -0.067755    -10.114600
      3.182875     -0.000171     -0.064947    -10.117757
      3.183000      0.000030     -0.061567    -10.121463
      3.183125      0.000089     -0.058035    -10.125179
      3.183250      0.000064     -0.054466    -10.128848
      3.183375     -0.000008     -0.050916    -10.132450
      3.183500     -0.000098     -0.047411    -10.135990
      3.183625     -0.000174     -0.043972    -10.139479
      3.183750     -0.000208     -0.040615    -10.142927
      3.183875     -0.000189     -0.037346    -10.146340
      3.184000     -0.000033     -0.034147    -10.149820
      3.184125      0.000185     -0.031008    -10.153302
      3.184250      0.000340     -0.027789    -10.156801
      3.184375      0.000437     -0.024501    -10.160312
      3.184500      0.000456     -0.021079    -10.163877
      3.184625      0.000581     -0.017682    -10.167523
      3.184750      0.001031     -0.014645    -10.171135
      3.184875      0.001604     -0.011391    -10.175088
      3.185000      0.001405     -0.006853    -10.179552
      3.185125      0.000989     -0.004460    -10.181655
      3.185250      0.001565     -0.002541    -10.184275
      3.185375      0.000633     -0.001316    -10.184692
      3.185500      0.000465     -0.001737    -10.184228
      3.185625      0.000175     -0.002955    -10.182845
      3.185750      0.000070     -0.004529    -10.181291
      3.185875     -0.000109     -0.006202    -10.179564
      3.186000     -0.000132     -0.008110    -10.177758
      3.186125      0.000197     -0.010227    -10.176096
      3.186250      0.000578     -0.012169    -10.174659
      3.186375      0.000812     -0.013837    -10.173351
      3.186500      0.000890     -0.015229    -10.172161
      3.186625      0.000856     -0.016489    -10.170992
      3.186750      0.000754     -0.017744    -10.169760
      3.186875      0.000625     -0.019044    -10.168456
      3.187000      0.000499     -0.020401    -10.167098
      3.187125      0.000431     -0.021893    -10.165662
      3.187250      0.000442     -0.023492    -10.164200
      3.187375      0.000538     -0.025135    -10.162778
      3.187500      0.000570     -0.026749    -10.161321
      3.187625      0.000483     -0.028146    -10.159962
      3.187750      0.000137     -0.029204    -10.158684
      3.187875      0.000862     -0.029771    -10.158966
      3.188000      0.001117     -0.031639    -10.157479
      3.188125      0.001248     -0.033265    -10.156108
      3.188250      0.001278     -0.034838    -10.154690
      3.188375      0.001179     -0.036261    -10.153294
      3.188500      0.001044     -0.037747    -10.151797
      3.188625      0.000808     -0.039137    -10.150296
      3.188750      0.000450     -0.040465    -10.148736
      3.188875      0.000002     -0.043118    -10.145759
      3.189000      0.000381     -0.044609    -10.144772
      3.189125      0.000253     -0.046241    -10.143136
      3.189250      0.000059     -0.047937    -10.141372
      3.189375     -0.000222     -0.049807    -10.139346
      3.189500      0.000100     -0.051111    -10.138489
      3.189625      0.000094     -0.052392    -10.137327
      3.189750      0.000343     -0.053910    -10.136184
      3.189875      0.000689     -0.055911    -10.134654
      3.190000      0.000520     -0.057377    -10.133143
      3.190125      0.000108     -0.058827    -10.131406
      3.190250     -0.000414     -0.060382    -10.129454
      3.190375     -0.001025     -0.062247    -10.127103
      3.190500     -0.000980     -0.063934    -10.125587
      3.190625     -0.000634     -0.065561    -10.124430
      3.190750     -0.000357     -0.067186    -10.123207
      3.190875     -0.000277     -0.068754    -10.121844
      3.191000     -0.000362     -0.070249    -10.120390
      3.191125     -0.000572     -0.071689    -10.118864
      3.191250     -0.000806     -0.073142    -10.117302
      3.191375     -0.000987     -0.074659    -10.115730
      3.191500     -0.001053     -0.076274    -10.114173
      3.191625     -0.000982     -0.077972    -10.112670
      3.191750     -0.000853     -0.079619    -10.111278
      3.191875     -0.000794     -0.081073    -10.110008
      3.192000     -0.000772     -0.082376    -10.108853
      3.192125     -0.000310     -0.084074    -10.107741
      3.192250      0.000273     -0.085831    -10.106691
      3.192375      0.000780     -0.088977    -10.104178
      3.192500      0.000714     -0.090556    -10.102659
      3.192625      0.000613     -0.092087    -10.101151
      3.192750      0.000429     -0.093609    -10.099571
      3.192875      0.000175     -0.095186    -10.097864
      3.193000     -0.000134     -0.096889    -10.095978
      3.193125     -0.000504     -0.098834    -10.093787
      3.193250     -0.000621     -0.100623    -10.092006
      3.193375     -0.000143     -0.102103    -10.091129
      3.193500      0.000257     -0.103778    -10.089979
      3.193625      0.000450     -0.105408    -10.088667
      3.193750      0.000484     -0.106961    -10.087273
      3.193875      0.000415     -0.108460    -10.085830
      3.194000      0.000297     -0.109944    -10.084353
      3.194125      0.000191     -0.111456    -10.082860
      3.194250      0.000158     -0.113037    -10.081371
      3.194375      0.000235     -0.114691    -10.079918
      3.194500      0.000383     -0.116348    -10.078535
      3.194625      0.000513     -0.117894    -10.077245
      3.194750      0.000547     -0.119259    -10.076038
      3.194875      0.000560     -0.120556    -10.074879
      3.195000      0.000856     -0.122137    -10.073719
      3.195125      0.001200     -0.123811    -10.072514
      3.195250      0.001331     -0.125347    -10.071234
      3.195375      0.001250     -0.126764    -10.069861
      3.195500      0.001018     -0.128135    -10.068383
      3.195625      0.000702     -0.129544    -10.066783
      3.195750      0.000365     -0.131068    -10.065047
      3.195875      0.000036     -0.132758    -10.063153
      3.196000     -0.000303     -0.134611    -10.061086
      3.196125     -0.000465     -0.136746    -10.058913
      3.196250     -0.000176     -0.139127    -10.056947
      3.196375      0.000100     -0.141238    -10.055237
      3.196500      0.000185     -0.143003    -10.053682
      3.196625      0.000113     -0.144429    -10.052308
      3.196750     -0.000055     -0.145764    -10.050931
      3.196875     -0.000253     -0.147154    -10.049469
      3.197000     -0.000418     -0.148653    -10.047929
      3.197125     -0.000470     -0.150315    -10.046340
      3.197250     -0.000365     -0.152140    -10.044745
      3.197375     -0.000159     -0.154026    -10.043190
      3.197500      0.000007     -0.155771    -10.041736
      3.197625      0.000525     -0.157792    -10.040358
      3.197750      0.000266     -0.159366    -10.038650
      3.197875      0.000420     -0.161129    -10.037166
      3.198000      0.000509     -0.162843    -10.035665
      3.198125      0.000478     -0.164497    -10.034107
      3.198250      0.000351     -0.166124    -10.032478
      3.198375      0.000162     -0.167772    -10.030766
      3.198500     -0.000048     -0.169489    -10.028964
      3.198625     -0.000250     -0.171319    -10.027056
      3.198750     -0.000446     -0.173283    -10.025020
      3.198875     -0.000649     -0.175379    -10.022847
      3.199000     -0.000633     -0.177749    -10.020617
      3.199125     -0.000247     -0.180270    -10.018609
      3.199250      0.000102     -0.182534    -10.016818
      3.199375      0.000282     -0.184514    -10.015142
      3.199500      0.000317     -0.186175    -10.013641
      3.199625      0.000252     -0.187689    -10.012188
      3.199750      0.000134     -0.189202    -10.010682
      3.199875      0.000012     -0.190772    -10.009115
      3.200000     -0.000061     -0.192433    -10.007506
      3.200125     -0.000037     -0.194204    -10.005884
      3.200250      0.000089     -0.196062    -10.004277
      3.200375      0.000257     -0.197920    -10.002712
      3.200500      0.000385     -0.199674    -10.001210
      3.200625      0.000405     -0.201261     -9.999769
      3.200750      0.000387     -0.202774     -9.998363
      3.200875      0.000630     -0.204558     -9.996947
      3.201000      0.000939     -0.206461     -9.995478
      3.201125      0.001046     -0.208248     -9.993922
      3.201250      0.000955     -0.209946     -9.992259
      3.201375      0.000729     -0.211631     -9.990473
      3.201500      0.000417     -0.213381     -9.988536
      3.201625      0.000044     -0.215278     -9.986390
      3.201750     -0.000385     -0.217439     -9.983926
      3.201875     -0.000499     -0.219348     -9.982028
      3.202000     -0.000066     -0.221055     -9.980879
      3.202125      0.000257     -0.222934     -9.979449
      3.202250      0.000376     -0.224768     -9.977858
      3.202375      0.000341     -0.226539     -9.976177
      3.202500      0.000210     -0.228272     -9.974438
      3.202625      0.000037     -0.230005     -9.972657
      3.202750     -0.000123     -0.231778     -9.970849
      3.202875     -0.000211     -0.233627     -9.969037
      3.203000     -0.000194     -0.235558     -9.967249
      3.203125     -0.000100     -0.237508     -9.965517
      3.203250     -0.000013     -0.239374     -9.963864
      3.203375     -0.000007     -0.241082     -9.962286
      3.203500     -0.000045     -0.242700     -9.960754
      3.203625      0.000166     -0.244567     -9.959223
      3.203750      0.000514     -0.246612     -9.957652
      3.203875      0.000695     -0.248560     -9.956010
      3.204000      0.000686     -0.250404     -9.954282
      3.204125      0.000539     -0.252203     -9.952461
      3.204250      0.000310     -0.254020     -9.950540
      3.204375      0.000051     -0.255913     -9.948513
      3.204500     -0.000208     -0.257929     -9.946363
      3.204625     -0.000480     -0.260075     -9.944070
      3.204750     -0.000737     -0.262379     -9.941634
      3.204875     -0.000640     -0.265013     -9.939222
      3.205000     -0.000302     -0.267584     -9.937114
      3.205125     -0.000102     -0.269879     -9.935144
      3.205250     -0.000075     -0.271858     -9.933316
      3.205375     -0.000177     -0.273541     -9.931657
      3.205500     -0.000354     -0.275148     -9.929998
      3.205625     -0.000554     -0.276797     -9.928274
      3.205750     -0.000722     -0.278533     -9.926495
      3.205875     -0.000802     -0.280386     -9.924687
      3.206000     -0.000763     -0.282356     -9.922881
      3.206125     -0.000639     -0.284378     -9.921108
      3.206250     -0.000512     -0.286343     -9.919395
      3.206375     -0.000463     -0.288162     -9.917750
      3.206500     -0.000505     -0.289838     -9.916158
      3.206625     -0.000379     -0.291668     -9.914578
      3.206750     -0.000032     -0.293754     -9.912964
      3.206875      0.000171     -0.295770     -9.911276
      3.207000      0.000165     -0.297677     -9.909488
      3.207125      0.000005     -0.299546     -9.907584
      3.207250     -0.000250     -0.301458     -9.905543
      3.207375     -0.000564     -0.303493     -9.903318
      3.207500     -0.000938     -0.305754     -9.900808
      3.207625     -0.001180     -0.308091     -9.898354
      3.207750     -0.000775     -0.309894     -9.897081
      3.207875     -0.000333     -0.311950     -9.895592
      3.208000     -0.000102     -0.313987     -9.893911
      3.208125     -0.000041     -0.315954     -9.892131
      3.208250     -0.000093     -0.317867     -9.890290
      3.208375     -0.000203     -0.319763     -9.888409
      3.208500     -0.000316     -0.321682     -9.886503
      3.208625     -0.000373     -0.323661     -9.884592
      3.208750     -0.000329     -0.325718     -9.882702
      3.208875     -0.000198     -0.327808     -9.880868
      3.209000     -0.000056     -0.329828     -9.879116
      3.209125      0.000014     -0.331689     -9.877450
      3.209250      0.000004     -0.333409     -9.875845
      3.209375      0.000181     -0.335299     -9.874256
      3.209500      0.000571     -0.337431     -9.872640
      3.209625      0.000825     -0.339488     -9.870962
      3.209750      0.000880     -0.341426     -9.869204
      3.209875      0.000788     -0.343306     -9.867357
      3.210000      0.000613     -0.345198     -9.865415
      3.210125      0.000409     -0.347165     -9.863369
      3.210250      0.000216     -0.349262     -9.861204
      3.210375      0.000026     -0.351504     -9.858897
      3.210500     -0.000149     -0.353912     -9.856439
      3.210625      0.000021     -0.356664     -9.853982
      3.210750      0.000471     -0.359375     -9.851846
      3.210875      0.000785     -0.361809     -9.849851
      3.211000      0.000907     -0.363933     -9.847974
      3.211125      0.000876     -0.365700     -9.846302
      3.211250      0.000742     -0.367345     -9.844647
      3.211375      0.000555     -0.369014     -9.842916
      3.211500      0.000378     -0.370764     -9.841114
      3.211625      0.000274     -0.372634     -9.839265
      3.211750      0.000277     -0.374628     -9.837399
      3.211875      0.000346     -0.376670     -9.835552
      3.212000      0.000394     -0.378640     -9.833755
      3.212125      0.000339     -0.380445     -9.832019
      3.212250      0.000228     -0.382152     -9.830327
      3.212375      0.000406     -0.384152     -9.828629
      3.212500      0.000666     -0.386292     -9.826873
      3.212625      0.000699     -0.388306     -9.825018
      3.212750      0.000519     -0.390238     -9.823032
      3.212875      0.000198     -0.392201     -9.820872
      3.213000     -0.000220     -0.394333     -9.818446
      3.213125     -0.000755     -0.396912     -9.815458
      3.213250     -0.000112     -0.399550     -9.813589
      3.213375     -0.000667     -0.403050     -9.809659
      3.213500     -0.000430     -0.405629     -9.807440
      3.213625     -0.000184     -0.408189     -9.805252
      3.213750     -0.000038     -0.410638     -9.803074
      3.213875     -0.000002     -0.412841     -9.801032
      3.214000     -0.000055     -0.414819     -9.799126
      3.214125     -0.000164     -0.416746     -9.797215
      3.214250     -0.000289     -0.418713     -9.795247
      3.214375     -0.000389     -0.420759     -9.793228
      3.214500     -0.000415     -0.422908     -9.791177
      3.214625     -0.000340     -0.425165     -9.789120
      3.214750     -0.000187     -0.427480     -9.787083
      3.214875     -0.000022     -0.429760     -9.785093
      3.215000      0.000082     -0.431919     -9.783163
      3.215125      0.000085     -0.433925     -9.781285
      3.215250      0.000136     -0.435955     -9.779431
      3.215375      0.000457     -0.438275     -9.777557
      3.215500      0.000748     -0.440623     -9.775625
      3.215625      0.000838     -0.442857     -9.773606
      3.215750      0.000754     -0.445021     -9.771483
      3.215875      0.000553     -0.447188     -9.769241
      3.216000      0.000279     -0.449427     -9.766852
      3.216125     -0.000051     -0.451817     -9.764257
      3.216250     -0.000428     -0.454466     -9.761356
      3.216375     -0.000481     -0.456832     -9.759063
      3.216500     -0.000023     -0.459016     -9.757462
      3.216625      0.000330     -0.461364     -9.755591
      3.216750      0.000486     -0.463671     -9.753565
      3.216875      0.000489     -0.465912     -9.751452
      3.217000      0.000392     -0.468110     -9.749282
      3.217125      0.000246     -0.470300     -9.747071
      3.217250      0.000101     -0.472517     -9.744834
      3.217375      0.000011     -0.474798     -9.742588
      3.217500      0.000014     -0.477155     -9.740359
      3.217625      0.000096     -0.479544     -9.738177
      3.217750      0.000185     -0.481869     -9.736066
      3.217875      0.000204     -0.484049     -9.734030
      3.218000      0.000141     -0.486096     -9.732045
      3.218125      0.000228     -0.488282     -9.730072
      3.218250      0.000548     -0.490730     -9.728068
      3.218375      0.000766     -0.493139     -9.726001
      3.218500      0.000792     -0.495439     -9.723853
      3.218625      0.000668     -0.497681     -9.721613
      3.218750      0.000452     -0.499927     -9.719275
      3.218875      0.000196     -0.502239     -9.716833
      3.219000     -0.000057     -0.504670     -9.714273
      3.219125     -0.000300     -0.507249     -9.711576
      3.219250     -0.000551     -0.509979     -9.708720
      3.219375     -0.000621     -0.512998     -9.705757
      3.219500     -0.000282     -0.516208     -9.703010
      3.219625      0.000052     -0.519168     -9.700510
      3.219750      0.000218     -0.521960     -9.698007
      3.219875      0.000235     -0.524449     -9.695661
      3.220000      0.000152     -0.526660     -9.693492
      3.220125      0.000016     -0.528834     -9.691308
      3.220250     -0.000121     -0.531077     -9.689052
      3.220375     -0.000208     -0.533428     -9.686739
      3.220500     -0.000197     -0.535905     -9.684398
      3.220625     -0.000081     -0.538485     -9.682059
      3.220750      0.000083     -0.541081     -9.679752
      3.220875      0.000211     -0.543586     -9.677501
      3.221000      0.000236     -0.545926     -9.675310
      3.221125      0.000205     -0.548173     -9.673157
      3.221250      0.000413     -0.550664     -9.670999
      3.221375      0.000711     -0.553294     -9.668792
      3.221500      0.000810     -0.555810     -9.666501
      3.221625      0.000705     -0.558224     -9.664106
      3.221750      0.000454     -0.560613     -9.661591
      3.221875      0.000113     -0.563053     -9.658935
      3.222000     -0.000287     -0.565625     -9.656088
      3.222125     -0.000745     -0.568436     -9.652944
      3.222250     -0.001011     -0.571212     -9.650028
      3.222375     -0.000668     -0.573556     -9.648151
      3.222500     -0.000339     -0.576138     -9.646023
      3.222625     -0.000209     -0.578701     -9.643715
      3.222750     -0.000236     -0.581203     -9.641311
      3.222875     -0.000365     -0.583663     -9.638846
      3.223000     -0.000546     -0.586116     -9.636339
      3.223125     -0.000724     -0.588597     -9.633804
      3.223250     -0.000846     -0.591145     -9.631259
      3.223375     -0.000867     -0.593778     -9.628729
      3.223500     -0.000796     -0.596459     -9.626246
      3.223625     -0.000699     -0.599092     -9.623834
      3.223750     -0.000659     -0.601590     -9.621502
      3.223875     -0.000701     -0.603946     -9.619227
      3.224000     -0.000620     -0.606409     -9.616972
      3.224125     -0.000276     -0.609158     -9.614691
      3.224250     -0.000008     -0.611889     -9.612353
      3.224375      0.000070     -0.614509     -9.609936
      3.224500     -0.000005     -0.617066     -9.607429
      3.224625     -0.000173     -0.619624     -9.604828
      3.224750     -0.000383     -0.622243     -9.602125
      3.224875     -0.000590     -0.624978     -9.599307
      3.225000     -0.000786     -0.627861     -9.596353
      3.225125     -0.000989     -0.630896     -9.593240
      3.225250     -0.001020     -0.634219     -9.590011
      3.225375     -0.000636     -0.637733     -9.587006
      3.225500     -0.000249     -0.640981     -9.584269
      3.225625     -0.000035     -0.644094     -9.581496
      3.225750      0.000027     -0.646936     -9.578842
      3.225875     -0.000015     -0.649443     -9.576418
      3.226000     -0.000112     -0.651875     -9.574013
      3.226125     -0.000214     -0.654371     -9.571540
      3.226250     -0.000268     -0.656973     -9.569009
      3.226375     -0.000224     -0.659702     -9.566449
      3.226500     -0.000078     -0.662532     -9.563891
      3.226625      0.000116     -0.665375     -9.561366
      3.226750      0.000274     -0.668124     -9.558901
      3.226875      0.000331     -0.670707     -9.556498
      3.227000      0.000344     -0.673207     -9.554137
      3.227125      0.000613     -0.675964     -9.551774
      3.227250      0.000968     -0.678855     -9.549363
      3.227375      0.001132     -0.681637     -9.546870
      3.227500      0.001102     -0.684327     -9.544275
      3.227625      0.000938     -0.687001     -9.541562
      3.227750      0.000692     -0.689734     -9.538708
      3.227875      0.000390     -0.692604     -9.535661
      3.228000      0.000034     -0.695717     -9.532317
      3.228125     -0.000112     -0.698755     -9.529258
      3.228250      0.000335     -0.701389     -9.527196
      3.228375      0.000742     -0.704243     -9.524875
      3.228500      0.000939     -0.707062     -9.522378
      3.228625      0.000965     -0.709806     -9.519784
      3.228750      0.000871     -0.712493     -9.517128
      3.228875      0.000708     -0.715159     -9.514424
      3.229000      0.000527     -0.717844     -9.511683
      3.229125      0.000385     -0.720588     -9.508921
      3.229250      0.000327     -0.723416     -9.506160
      3.229375      0.000346     -0.726292     -9.503429
      3.229500      0.000376     -0.729124     -9.500752
      3.229625      0.000339     -0.731829     -9.498136
      3.229750      0.000219     -0.734408     -9.495560
      3.229875      0.000238     -0.737124     -9.492990
      3.230000      0.000509     -0.740125     -9.490384
      3.230125      0.000689     -0.743102     -9.487712
      3.230250      0.000680     -0.745973     -9.484957
      3.230375      0.000524     -0.748790     -9.482109
      3.230500      0.000279     -0.751615     -9.479164
      3.230625     -0.000000     -0.754510     -9.476115
      3.230750     -0.000273     -0.757530     -9.472947
      3.230875     -0.000533     -0.760704     -9.469638
      3.231000     -0.000796     -0.764043     -9.466161
      3.231125     -0.000848     -0.767704     -9.462572
      3.231250     -0.000497     -0.771500     -9.459253
      3.231375     -0.000173     -0.775033     -9.456170
      3.231500     -0.000019     -0.778484     -9.452997
      3.231625     -0.000011     -0.781713     -9.449901
      3.231750     -0.000100     -0.784593     -9.447057
      3.231875     -0.000236     -0.787395     -9.444245
      3.232000     -0.000369     -0.790281     -9.441350
      3.232125     -0.000446     -0.793298     -9.438381
      3.232250     -0.000419     -0.796464     -9.435368
      3.232375     -0.000288     -0.799743     -9.432344
      3.232500     -0.000117     -0.803039     -9.429344
      3.232625      0.000013     -0.806244     -9.426395
      3.232750      0.000040     -0.809288     -9.423502
      3.232875      0.000050     -0.812284     -9.420641
      3.233000      0.000335     -0.815566     -9.417769
      3.233125      0.000662     -0.818947     -9.414840
      3.233250      0.000788     -0.822217     -9.411821
      3.233375      0.000726     -0.825408     -9.408693
      3.233500      0.000536     -0.828596     -9.405440
      3.233625      0.000267     -0.831856     -9.402036
      3.233750     -0.000056     -0.835267     -9.398427
      3.233875     -0.000430     -0.838942     -9.394503
      3.234000     -0.000524     -0.842425     -9.391051
      3.234125     -0.000068     -0.845632     -9.388424
      3.234250      0.000303     -0.849033     -9.385519
      3.234375      0.000470     -0.852398     -9.382447
      3.234500      0.000480     -0.855700     -9.379280
      3.234625      0.000387     -0.858961     -9.376051
      3.234750      0.000244     -0.862217     -9.372777
      3.234875      0.000102     -0.865506     -9.369471
      3.235000      0.000018     -0.868864     -9.366154
      3.235125      0.000030     -0.872304     -9.362851
      3.235250      0.000118     -0.875775     -9.359594
      3.235375      0.000209     -0.879179     -9.356405
      3.235500      0.000222     -0.882435     -9.353287
      3.235625      0.000157     -0.885569     -9.350213
      3.235750      0.000273     -0.888880     -9.347143
      3.235875      0.000595     -0.892437     -9.344033
      3.236000      0.000787     -0.895936     -9.340851
      3.236125      0.000785     -0.899332     -9.337578
      3.236250      0.000636     -0.902680     -9.334206
      3.236375      0.000399     -0.906047     -9.330727
      3.236500      0.000128     -0.909494     -9.327133
      3.236625     -0.000139     -0.913077     -9.323409
      3.236750     -0.000402     -0.916820     -9.319529
      3.236875     -0.000662     -0.920746     -9.315467
      3.237000     -0.000640     -0.925036     -9.311324
      3.237125     -0.000273     -0.929314     -9.307538
      3.237250      0.000008     -0.933356     -9.303902
      3.237375      0.000115     -0.937358     -9.300132
      3.237500      0.000084     -0.941153     -9.296431
      3.237625     -0.000036     -0.944573     -9.293016
      3.237750     -0.000194     -0.947906     -9.289649
      3.237875     -0.000338     -0.951334     -9.286203
      3.238000     -0.000412     -0.954903     -9.282685
      3.238125     -0.000375     -0.958624     -9.279126
      3.238250     -0.000241     -0.962449     -9.275560
      3.238375     -0.000084     -0.966270     -9.272021
      3.238500      0.000013     -0.969979     -9.268533
      3.238625      0.000003     -0.973530     -9.265098
      3.238750      0.000047     -0.977114     -9.261683
      3.238875      0.000367     -0.981001     -9.258241
      3.239000      0.000623     -0.984896     -9.254727
      3.239125      0.000655     -0.988671     -9.251109
      3.239250      0.000501     -0.992379     -9.247372
      3.239375      0.000220     -0.996098     -9.243497
      3.239500     -0.000140     -0.999906     -9.239453
      3.239625     -0.000565     -1.003892     -9.235168
      3.239750     -0.001012     -1.008165     -9.230573
      3.239875     -0.000983     -1.011930     -9.226962
      3.240000     -0.000590     -1.015761     -9.223649
      3.240125     -0.000365     -1.019691     -9.220069
      3.240250     -0.000328     -1.023575     -9.216347
      3.240375     -0.000424     -1.027411     -9.212540
      3.240500     -0.000597     -1.031230     -9.208673
      3.240625     -0.000792     -1.035070     -9.204763
      3.240750     -0.000954     -1.038971     -9.200825
      3.240875     -0.001026     -1.042966     -9.196883
      3.241000     -0.000987     -1.047045     -9.192967
      3.241125     -0.000886     -1.051130     -9.189109
      3.241250     -0.000811     -1.055114     -9.185325
      3.241375     -0.000825     -1.058946     -9.181604
      3.241500     -0.000819     -1.062770     -9.177911
      3.241625     -0.000513     -1.066913     -9.174199
      3.241750     -0.000180     -1.071142     -9.170428
      3.241875     -0.000040     -1.075265     -9.166570
      3.242000     -0.000073     -1.079315     -9.162612
      3.242125     -0.000219     -1.083360     -9.158546
      3.242250     -0.000417     -1.087470     -9.154364
      3.242375     -0.000616     -1.091709     -9.150050
      3.242500     -0.000803     -1.096121     -9.145576
      3.242625     -0.000994     -1.100724     -9.140906
      3.242750     -0.000949     -1.105704     -9.136098
      3.242875     -0.000465     -1.110742     -9.131668
      3.243000     -0.000046     -1.115493     -9.127462
      3.243125      0.000179     -1.120225     -9.123079
      3.243250      0.000254     -1.124713     -9.118791
      3.243375      0.000257     -1.128621     -9.115012
      3.243500      0.000370     -1.132175     -9.111695
      3.243625      0.000254     -1.136811     -9.107068
      3.243750      0.000205     -1.141322     -9.102633
      3.243875      0.000257     -1.145802     -9.098331
      3.244000      0.000347     -1.150245     -9.094102
      3.244125      0.000412     -1.154596     -9.089941
      3.244250      0.000408     -1.158825     -9.085833
      3.244375      0.000401     -1.163024     -9.081752
      3.244500      0.000631     -1.167469     -9.077662
      3.244625      0.000969     -1.172065     -9.073528
      3.244750      0.001169     -1.176592     -9.069326
      3.244875      0.001202     -1.181037     -9.065040
      3.245000      0.001109     -1.185448     -9.060660
      3.245125      0.000936     -1.189880     -9.056181
      3.245250      0.000729     -1.194386     -9.051593
      3.245375      0.000519     -1.199013     -9.046881
      3.245500      0.000308     -1.203787     -9.042022
      3.245625      0.000082     -1.208723     -9.036984
      3.245750      0.000029     -1.213971     -9.031807
      3.245875      0.000357     -1.219335     -9.026896
      3.246000      0.000673     -1.224410     -9.022263
      3.246125      0.000816     -1.229459     -9.017482
      3.246250      0.000803     -1.234505     -9.012548
      3.246375      0.000680     -1.239312     -9.007743
      3.246500      0.000493     -1.243786     -9.003207
      3.246625      0.000291     -1.248246     -8.998670
      3.246750      0.000124     -1.252842     -8.994032
      3.246875      0.000043     -1.257607     -8.989311
      3.247000      0.000065     -1.262526     -8.984540
      3.247125      0.000153     -1.267524     -8.979754
      3.247250      0.000230     -1.272492     -8.974988
      3.247375      0.000228     -1.277337     -8.970266
      3.247500      0.000144     -1.282062     -8.965582
      3.247625      0.000223     -1.286946     -8.960902
      3.247750      0.000514     -1.292085     -8.956179
      3.247875      0.000682     -1.297185     -8.951372
      3.248000      0.000655     -1.302197     -8.946458
      3.248125      0.000478     -1.307184     -8.941419
      3.248250      0.000208     -1.312219     -8.936239
      3.248375     -0.000118     -1.317371     -8.930886
      3.248500     -0.000492     -1.322723     -8.925286
      3.248625     -0.000868     -1.328365     -8.919392
      3.248750     -0.000771     -1.333503     -8.914477
      3.248875     -0.000331     -1.338733     -8.909811
      3.249000     -0.000047     -1.344076     -8.904877
      3.249125      0.000056     -1.349391     -8.899789
      3.249250      0.000026     -1.354674     -8.894602
      3.249375     -0.000087     -1.359952     -8.889337
      3.249500     -0.000232     -1.365261     -8.884007
      3.249625     -0.000360     -1.370639     -8.878626
      3.249750     -0.000420     -1.376121     -8.873209
      3.249875     -0.000380     -1.381714     -8.867781
      3.250000     -0.000268     -1.387362     -8.862370
      3.250125     -0.000159     -1.392970     -8.856996
      3.250250     -0.000124     -1.398467     -8.851659
      3.250375     -0.000154     -1.403888     -8.846334
      3.250500      0.000008     -1.409526     -8.840982
      3.250625      0.000365     -1.415425     -8.835565
      3.250750      0.000596     -1.421292     -8.830055
      3.250875      0.000642     -1.427083     -8.824434
      3.251000      0.000546     -1.432852     -8.818695
      3.251125      0.000365     -1.438658     -8.812832
      3.251250      0.000149     -1.444561     -8.806838
      3.251375     -0.000067     -1.450612     -8.800697
      3.251500     -0.000278     -1.456839     -8.794383
      3.251625     -0.000495     -1.463267     -8.787864
      3.251750     -0.000479     -1.470065     -8.781207
      3.251875     -0.000088     -1.476880     -8.774907
      3.252000      0.000252     -1.483436     -8.768815
      3.252125      0.000419     -1.490018     -8.762526
      3.252250      0.000440     -1.496638     -8.756053
      3.252375      0.000362     -1.503078     -8.749659
      3.252500      0.000232     -1.509142     -8.743590
      3.252625      0.000097     -1.515165     -8.737557
      3.252750      0.000010     -1.521339     -8.731422
      3.252875      0.000017     -1.527700     -8.725192
      3.253000      0.000120     -1.534220     -8.718900
      3.253125      0.000264     -1.540807     -8.712582
      3.253250      0.000369     -1.547346     -8.706273
      3.253375      0.000372     -1.553754     -8.699994
      3.253500      0.000332     -1.560101     -8.693732
      3.253625      0.000538     -1.566720     -8.687443
      3.253750      0.000835     -1.573508     -8.681077
      3.253875      0.000949     -1.580228     -8.674595
      3.254000      0.000870     -1.586895     -8.667974
      3.254125      0.000655     -1.593582     -8.661199
      3.254250      0.000357     -1.600361     -8.654247
      3.254375      0.000006     -1.607307     -8.647075
      3.254500     -0.000397     -1.614516     -8.639587
      3.254625     -0.000689     -1.621883     -8.632052
      3.254750     -0.000390     -1.628716     -8.625644
      3.254875     -0.000008     -1.635845     -8.619022
      3.255000      0.000181     -1.643026     -8.612155
      3.255125      0.000203     -1.650192     -8.605136
      3.255250      0.000110     -1.657356     -8.598004
      3.255375     -0.000046     -1.664550     -8.590779
      3.255500     -0.000216     -1.671812     -8.583472
      3.255625     -0.000346     -1.679179     -8.576100
      3.255750     -0.000387     -1.686679     -8.568684
      3.255875     -0.000331     -1.694294     -8.561251
      3.256000     -0.000229     -1.701944     -8.553828
      3.256125     -0.000161     -1.709536     -8.546428
      3.256250     -0.000183     -1.717030     -8.539036
      3.256375     -0.000186     -1.724570     -8.531620
      3.256500      0.000092     -1.732457     -8.524135
      3.256625      0.000403     -1.740484     -8.516544
      3.256750      0.000531     -1.748460     -8.508821
      3.256875      0.000485     -1.756406     -8.500953
      3.257000      0.000316     -1.764384     -8.492933
      3.257125      0.000078     -1.772452     -8.484751
      3.257250     -0.000185     -1.780668     -8.476397
      3.257375     -0.000450     -1.789077     -8.467848
      3.257500     -0.000733     -1.797696     -8.459070
      3.257625     -0.000957     -1.806624     -8.450045
      3.257750     -0.000776     -1.815896     -8.441078
      3.257875     -0.000448     -1.824884     -8.432543
      3.258000     -0.000274     -1.833844     -8.423882
      3.258125     -0.000263     -1.842910     -8.414952
      3.258250     -0.000370     -1.852058     -8.405822
      3.258375     -0.000545     -1.861034     -8.396796
      3.258500     -0.000738     -1.869694     -8.388068
      3.258625     -0.000897     -1.878423     -8.379304
      3.258750     -0.000969     -1.887390     -8.370391
      3.258875     -0.000927     -1.896604     -8.361344
      3.259000     -0.000806     -1.905995     -8.352200
      3.259125     -0.000684     -1.915444     -8.342997
      3.259250     -0.000637     -1.924838     -8.333775
      3.259375     -0.000677     -1.934155     -8.324543
      3.259500     -0.000555     -1.943676     -8.315270
      3.259625     -0.000210     -1.953519     -8.305897
      3.259750      0.000005     -1.963382     -8.296373
      3.259875      0.000017     -1.973226     -8.286666
      3.260000     -0.000123     -1.983122     -8.276755
      3.260125     -0.000356     -1.993148     -8.266621
      3.260250     -0.000644     -2.003384     -8.256221
      3.260375     -0.000982     -2.013925     -8.245468
      3.260500     -0.001276     -2.024802     -8.234422
      3.260625     -0.000985     -2.035144     -8.224497
      3.260750     -0.000498     -2.045809     -8.214443
      3.260875     -0.000207     -2.056608     -8.204060
      3.261000     -0.000097     -2.067447     -8.193456
      3.261125     -0.000112     -2.078337     -8.182676
      3.261250     -0.000195     -2.089314     -8.171740
      3.261375     -0.000286     -2.100423     -8.160666
      3.261500     -0.000316     -2.111710     -8.149474
      3.261625     -0.000222     -2.123202     -8.138201
      3.261750     -0.000002     -2.134841     -8.126908
      3.261875      0.000268     -2.146444     -8.115699
      3.262000      0.000549     -2.157535     -8.105014
      3.262125      0.000632     -2.173181     -8.089576
      3.262250      0.000549     -2.185341     -8.077459
      3.262375      0.000657     -2.197656     -8.065375
      3.262500      0.000938     -2.210248     -8.053190
      3.262625      0.001161     -2.222947     -8.040839
      3.262750      0.001231     -2.235701     -8.028280
      3.262875      0.001163     -2.248551     -8.015487
      3.263000      0.000992     -2.261557     -8.002436
      3.263125      0.000757     -2.274780     -7.989102
      3.263250      0.000477     -2.288288     -7.975439
      3.263375      0.000152     -2.302166     -7.961361
      3.263500     -0.000112     -2.316392     -7.946996
      3.263625      0.000146     -2.330202     -7.933569
      3.263750      0.000585     -2.344414     -7.919920
      3.263875      0.000856     -2.358864     -7.905867
      3.264000      0.000957     -2.373460     -7.891498
      3.264125      0.000931     -2.388206     -7.876850
      3.264250      0.000821     -2.403134     -7.861937
      3.264375      0.000669     -2.418282     -7.846762
      3.264500      0.000520     -2.433691     -7.831330
      3.264625      0.000423     -2.449401     -7.815647
      3.264750      0.000408     -2.465434     -7.799724
      3.264875      0.000457     -2.481755     -7.783577
      3.265000      0.000506     -2.498291     -7.767215
      3.265125      0.000487     -2.514982     -7.750631
      3.265250      0.000384     -2.531841     -7.733793
      3.265375      0.000395     -2.549112     -7.716659
      3.265500      0.000653     -2.566971     -7.699182
      3.265625      0.000848     -2.585150     -7.681323
      3.265750      0.000865     -2.603562     -7.663052
      3.265875      0.000732     -2.622257     -7.644350
      3.266000      0.000503     -2.641304     -7.625198
      3.266125      0.000226     -2.660775     -7.605576
      3.266250     -0.000056     -2.680737     -7.585457
      3.266375     -0.000328     -2.701245     -7.564802
      3.266500     -0.000606     -2.722336     -7.543558
      3.266625     -0.000785     -2.744144     -7.521696
      3.266750     -0.000551     -2.766619     -7.499579
      3.266875     -0.000204     -2.789192     -7.477479
      3.267000     -0.000004     -2.812215     -7.454781
      3.267125      0.000043     -2.835803     -7.431365
      3.267250     -0.000023     -2.859992     -7.407235
      3.267375     -0.000155     -2.884786     -7.382433
      3.267500     -0.000309     -2.909967     -7.357224
      3.267625     -0.000434     -2.935470     -7.331721
      3.267750     -0.000481     -2.961712     -7.305558
      3.267875     -0.000419     -2.988871     -7.278585
      3.268000     -0.000278     -3.016952     -7.250770
      3.268125     -0.000131     -3.045899     -7.222095
      3.268250     -0.000056     -3.075632     -7.192561
      3.268375     -0.000077     -3.106117     -7.162181
      3.268500      0.000040     -3.137621     -7.130920
      3.268625      0.000405     -3.170376     -7.098655
      3.268750      0.000645     -3.204167     -7.065228
      3.268875      0.000662     -3.239041     -7.030496
      3.269000      0.000505     -3.275176     -6.994329
      3.269125      0.000223     -3.312789     -6.956558
      3.269250     -0.000265     -3.352411     -6.916575
      3.269375     -0.000410     -3.392524     -6.876441
      3.269500     -0.000574     -3.435705     -6.833220
      3.269625     -0.000604     -3.481257     -6.787764
      3.269750     -0.000340     -3.529152     -6.740258
      3.269875     -0.000014     -3.579315     -6.690546
      3.270000      0.000206     -3.632316     -6.637890
      3.270125      0.000301     -3.688602     -6.581824
      3.270250      0.000294     -3.748655     -6.521889
      3.270375      0.000214     -3.813087     -6.457503
      3.270500      0.000097     -3.882645     -6.387952
      3.270625     -0.000022     -3.958161     -6.312442
      3.270750     -0.000101     -4.040987     -6.229662
      3.270875     -0.000101     -4.133488     -6.137286
      3.271000     -0.000010     -4.239014     -6.031976
      3.271125      0.000138     -4.363098     -5.908166
      3.271250      0.000278     -4.517059     -5.754469
      3.271375      0.000344     -4.734343     -5.537376
      3.271500      0.000322     -5.136947     -5.134874
      3.271625      0.000442     -5.136882     -5.135186
      3.271750      0.000815     -5.138127     -5.134438
      3.271875      0.001027     -5.138791     -5.134111
      3.272000      0.000639     -5.135121     -5.137518
      3.272125      0.000630     -5.133722     -5.139033
      3.272250      0.000479     -5.133244     -5.139485
      3.272375      0.000295     -5.133377     -5.139293
      3.272500      0.000102     -5.133566     -5.139036
      3.272625     -0.000094     -5.133902     -5.138629
      3.272750     -0.000308     -5.134805     -5.137638
      3.272875     -0.000460     -5.134660     -5.137755
      3.273000      0.000343     -5.137251     -5.136092
      3.273125      0.000145     -5.137328     -5.135942
      3.273250      0.000262     -5.139986     -5.133526
      3.273375      0.000501     -5.137571     -5.136305
      3.273500      0.000087     -5.135777     -5.137810
      3.273625     -0.000891     -4.983805     -5.288929
      3.273750      0.000130     -4.637784     -5.636096
      3.273875      0.000295     -4.453520     -5.820650
      3.274000      0.000242     -4.313707     -5.960535
      3.274125     -0.000012     -4.198200     -6.075913
      3.274250     -0.000215     -4.098687     -6.175349
      3.274375     -0.000360     -4.010918     -6.263097
      3.274500      0.000210     -3.932115     -6.342595
      3.274625      0.000901     -3.859425     -6.416102
      3.274750      0.000960     -3.790836     -6.484875
      3.274875      0.000889     -3.728600     -6.547164
      3.275000      0.000725     -3.670426     -6.605299
      3.275125      0.000499     -3.615837     -6.659787
      3.275250      0.000280     -3.564410     -6.711120
      3.275375      0.000150     -3.515789     -6.759737
      3.275500      0.000115     -3.469621     -6.805994
      3.275625      0.000088     -3.425534     -6.850179
      3.275750     -0.000036     -3.383213     -6.892501
      3.275875     -0.000150     -3.342627     -6.933098
      3.276000      0.000145     -3.304089     -6.972056
      3.276125      0.000376     -3.267063     -7.009438
      3.276250      0.000514     -3.233417     -7.043347
      3.276375      0.000501     -3.199146     -7.077730
      3.276500      0.000352     -3.165843     -7.111010
      3.276625      0.000111     -3.133640     -7.143097
      3.276750     -0.000192     -3.102549     -7.174009
      3.276875     -0.000548     -3.072594     -7.203733
      3.277000     -0.000898     -3.043833     -7.232269
      3.277125     -0.000746     -3.015404     -7.260975
      3.277250     -0.000294     -2.987806     -7.289150
      3.277375     -0.000016     -2.961038     -7.316321
      3.277500      0.000077     -2.934924     -7.342653
      3.277625      0.000036     -2.909421     -7.368241
      3.277750     -0.000082     -2.884526     -7.393143
      3.277875     -0.000220     -2.860247     -7.417408
      3.278000     -0.000320     -2.836595     -7.441084
      3.278125     -0.000325     -2.813575     -7.464225
      3.278250     -0.000222     -2.791140     -7.486888
      3.278375     -0.000077     -2.769168     -7.509130
      3.278500      0.000015     -2.747531     -7.530984
      3.278625      0.000006     -2.726178     -7.552453
      3.278750      0.000109     -2.705348     -7.573511
      3.278875      0.000494     -2.685243     -7.594126
      3.279000      0.000771     -2.665500     -7.614271
      3.279125      0.000825     -2.646013     -7.633937
      3.279250      0.000706     -2.626833     -7.653122
      3.279375      0.000482     -2.608031     -7.671826
      3.279500      0.000216     -2.589680     -7.690037
      3.279625     -0.000063     -2.571845     -7.707717
      3.279750     -0.000383     -2.554600     -7.724767
      3.279875     -0.000313     -2.538264     -7.741298
      3.280000      0.000259     -2.524314     -7.755946
      3.280125      0.000365     -2.507651     -7.772839
      3.280250      0.000428     -2.491235     -7.789443
      3.280375      0.000396     -2.475037     -7.805735
      3.280500      0.000287     -2.459060     -7.821727
      3.280625      0.000135     -2.443323     -7.837437
      3.280750     -0.000019     -2.427850     -7.852882
      3.280875     -0.000126     -2.412665     -7.868084
      3.281000     -0.000146     -2.397781     -7.883073
      3.281125     -0.000082     -2.383160     -7.897883
      3.281250      0.000007     -2.368713     -7.912544
      3.281375      0.000044     -2.354347     -7.927072
      3.281500     -0.000008     -2.340037     -7.941455
      3.281625      0.000011     -2.325972     -7.955664
      3.281750      0.000307     -2.312393     -7.969664
      3.281875      0.000576     -2.299026     -7.983425
      3.282000      0.000657     -2.285730     -7.996927
      3.282125      0.000577     -2.272537     -8.010165
      3.282250      0.000394     -2.259507     -8.023137
      3.282375      0.000160     -2.246698     -8.035836
      3.282500     -0.000081     -2.234165     -8.048254
      3.282625     -0.000315     -2.221945     -8.060365
      3.282750     -0.000559     -2.210066     -8.072126
      3.282875     -0.000622     -2.198690     -8.083563
      3.283000     -0.000262     -2.187361     -8.095377
      3.283125      0.000085     -2.175814     -8.107396
      3.283250      0.000244     -2.164402     -8.119091
      3.283375      0.000236     -2.153112     -8.130499
      3.283500      0.000110     -2.141935     -8.141675
      3.283625     -0.000082     -2.130884     -8.152659
      3.283750     -0.000285     -2.119967     -8.163498
      3.283875     -0.000440     -2.109165     -8.174269
      3.284000     -0.000496     -2.098416     -8.185089
      3.284125     -0.000449     -2.087642     -8.196034
      3.284250     -0.000363     -2.076818     -8.207069
      3.284375     -0.000322     -2.065968     -8.218086
      3.284500     -0.000382     -2.055114     -8.229003
      3.284625     -0.000418     -2.044426     -8.239781
      3.284750     -0.000157     -2.034195     -8.250398
      3.284875      0.000095     -2.024136     -8.260834
      3.285000      0.000139     -2.014064     -8.271075
      3.285125      0.000008     -2.004023     -8.281110
      3.285250     -0.000236     -1.994089     -8.290926
      3.285375     -0.000542     -1.984339     -8.300494
      3.285500     -0.000891     -1.974860     -8.309748
      3.285625     -0.001260     -1.965783     -8.318582
      3.285750     -0.001179     -1.956387     -8.328184
      3.285875     -0.000681     -1.946999     -8.338195
      3.286000     -0.000349     -1.937804     -8.347846
      3.286125     -0.000218     -1.928630     -8.357277
      3.286250     -0.000229     -1.919466     -8.366555
      3.286375     -0.000320     -1.910347     -8.375708
      3.286500     -0.000419     -1.901320     -8.384762
      3.286625     -0.000424     -1.892444     -8.393757
      3.286750     -0.000113     -1.883757     -8.402880
      3.286875     -0.000357     -1.875417     -8.411102
      3.287000     -0.000339     -1.866751     -8.419910
      3.287125     -0.000246     -1.858086     -8.428793
      3.287250     -0.000177     -1.849398     -8.437675
      3.287375     -0.000178     -1.840685     -8.446512
      3.287500     -0.000148     -1.832078     -8.455274
      3.287625      0.000134     -1.823821     -8.463937
      3.287750      0.000453     -1.815723     -8.472480
      3.287875      0.000607     -1.807595     -8.480887
      3.288000      0.000592     -1.799447     -8.489145
      3.288125      0.000456     -1.791337     -8.497244
      3.288250      0.000244     -1.783327     -8.505167
      3.288375     -0.000014     -1.775480     -8.512881
      3.288500     -0.000314     -1.767874     -8.520312
      3.288625     -0.000586     -1.760584     -8.527455
      3.288750     -0.000363     -1.752774     -8.535614
      3.288875      0.000119     -1.745107     -8.543886
      3.289000      0.000440     -1.737560     -8.551881
      3.289125      0.000588     -1.730005     -8.559708
      3.289250      0.000609     -1.722436     -8.567422
      3.289375      0.000549     -1.714875     -8.575049
      3.289500      0.000458     -1.707353     -8.582604
      3.289625      0.000383     -1.699906     -8.590102
      3.289750      0.000375     -1.692567     -8.597558
      3.289875      0.000460     -1.685352     -8.604983
      3.290000      0.000596     -1.678222     -8.612374
      3.290125      0.000689     -1.671105     -8.619709
      3.290250      0.000642     -1.663922     -8.626970
      3.290375      0.000514     -1.656727     -8.634162
      3.290500      0.000667     -1.649897     -8.641270
      3.290625      0.000635     -1.643065     -8.648195
      3.290750      0.001120     -1.637710     -8.654160
      3.290875      0.001252     -1.630996     -8.661131
      3.291000      0.001232     -1.624231     -8.668001
      3.291125      0.001098     -1.617459     -8.674764
      3.291250      0.000881     -1.610731     -8.681400
      3.291375      0.000607     -1.604101     -8.687881
      3.291500      0.000287     -1.597630     -8.694157
      3.291625     -0.000078     -1.591409     -8.700138
      3.291750     -0.000289     -1.585245     -8.706217
      3.291875      0.000002     -1.578606     -8.713271
      3.292000      0.000325     -1.572221     -8.720104
      3.292125      0.000425     -1.565854     -8.726696
      3.292250      0.000060     -1.559191     -8.733119
      3.292375      0.000184     -1.553857     -8.738702
      3.292500      0.000259     -1.547743     -8.745017
      3.292625      0.000244     -1.541673     -8.751195
      3.292750      0.000140     -1.535643     -8.757246
      3.292875     -0.000457     -1.529731     -8.762686
      3.293000      0.000387     -1.522569     -8.770818
      3.293125      0.000180     -1.517671     -8.775634
      3.293250      0.000018     -1.511974     -8.781294
      3.293375     -0.000189     -1.505366     -8.787821
      3.293500     -0.000455     -1.500370     -8.792675
      3.293625     -0.000436     -1.492964     -8.800225
      3.293750      0.000029     -1.487671     -8.806107
      3.293875     -0.000557     -1.482522     -8.810796
      3.294000     -0.000382     -1.476779     -8.816839
      3.294125     -0.000604     -1.470903     -8.822618
      3.294250     -0.000815     -1.465106     -8.828328
      3.294375     -0.000881     -1.459467     -8.834027
      3.294500     -0.000769     -1.453945     -8.839786
      3.294625     -0.000600     -1.448313     -8.845712
      3.294750     -0.000576     -1.442598     -8.851576
      3.294875     -0.000645     -1.436851     -8.857379
      3.295000     -0.000569     -1.431159     -8.863272
      3.295125     -0.000229     -1.425772     -8.869124
      3.295250      0.000050     -1.420412     -8.874887
      3.295375      0.000117     -1.414960     -8.880532
      3.295500      0.000009     -1.409474     -8.886035
      3.295625     -0.000207     -1.404044     -8.891373
      3.295750     -0.000483     -1.398773     -8.896494
      3.295875     -0.000814     -1.393801     -8.901260
      3.296000     -0.000917     -1.388935     -8.906149
      3.296125     -0.000195     -1.383536     -8.912394
      3.296250      0.000857     -1.377511     -8.919597
      3.296375      0.000407     -1.374702     -8.922079
      3.296500      0.000395     -1.369684     -8.927211
      3.296625      0.000347     -1.364669     -8.932303
      3.296750      0.000255     -1.359649     -8.937356
      3.296875      0.000147     -1.354626     -8.942395
      3.297000      0.000079     -1.349601     -8.947478
      3.297125      0.000253     -1.344475     -8.952903
      3.297250      0.000119     -1.337132     -8.960237
      3.297375      0.000032     -1.332270     -8.965137
      3.297500      0.000143     -1.327298     -8.970344
      3.297625      0.000059     -1.324980     -8.972704
      3.297750     -0.000186     -1.320095     -8.977470
      3.297875     -0.000297     -1.313276     -8.984302
      3.298000      0.000414     -1.307208     -8.991205
      3.298125     -0.000059     -1.302240     -8.995826
      3.298250     -0.000006     -1.299732     -8.998512
      3.298375     -0.000192     -1.295183     -9.003001
      3.298500     -0.000220     -1.290967     -9.007313
      3.298625     -0.000255     -1.283382     -9.014988
      3.298750      0.000015     -1.281383     -9.017382
      3.298875      0.000055     -1.276135     -9.022795
      3.299000     -0.000003     -1.270055     -9.028942
      3.299125      0.000155     -1.265400     -9.033881
      3.299250     -0.000307     -1.262489     -9.036454
      3.299375     -0.000145     -1.255222     -9.044008
      3.299500     -0.000661     -1.253178     -9.045661
      3.299625      0.000148     -1.245466     -9.054307
      3.299750      0.000515     -1.241191     -9.059074
      3.299875      0.000140     -1.236811     -9.063204
      3.300000      0.000410     -1.233507     -9.066903
      3.300125      0.000193     -1.230141     -9.070177
      3.300250      0.000915     -1.225507     -9.075657
      3.300375     -0.001034     -1.221866     -9.077475
      3.300500      0.000377     -1.214464     -9.086413
      3.300625     -0.000497     -1.212447     -9.087681
      3.300750      0.000370     -1.207549     -9.093571
      3.300875     -0.000404     -1.204189     -9.096282
      3.301000     -0.000623     -1.198018     -9.102359
      3.301125      0.000137     -1.195049     -9.106214
      3.301250      0.000909     -1.189287     -9.112872
      3.301375      0.000399     -1.184400     -9.117375
      3.301500     -0.000536     -1.182700     -9.118264
      3.301625     -0.000333     -1.178137     -9.123156
      3.301750      0.000264     -1.173708     -9.128306
      3.301875      0.001212     -1.169326     -9.133761
      3.302000      0.001290     -1.164779     -9.138511
      3.302125     -0.000508     -1.160989     -9.140629
      3.302250     -0.000208     -1.157278     -9.144764
      3.302375      0.000187     -1.152927     -9.149634
      3.302500      0.000305     -1.148140     -9.154665
      3.302625      0.000020     -1.144525     -9.158121
      3.302750     -0.000091     -1.140398     -9.162261
      3.302875     -0.000118     -1.136350     -9.166408
      3.303000     -0.000498     -1.132135     -9.170368
      3.303125     -0.000391     -1.128474     -9.174260
      3.303250     -0.000902     -1.125402     -9.176946
      3.303375      0.000602     -1.120056     -9.183921
      3.303500      0.000427     -1.118377     -9.185550
      3.303625     -0.000019     -1.112128     -9.191478
      3.303750     -0.000341     -1.108164     -9.195246
      3.303875      0.000337     -1.106707     -9.197505
      3.304000      0.000650     -1.099960     -9.204690
      3.304125      0.000489     -1.096203     -9.208411
      3.304250      0.000162     -1.092502     -9.211911
      3.304375     -0.000638     -1.089187     -9.214550
      3.304500      0.000796     -1.086243     -9.219053
      3.304625     -0.000695     -1.083370     -9.220560
      3.304750      0.000291     -1.076604     -9.228436
      3.304875      0.000234     -1.073020     -9.232088
      3.305000     -0.000272     -1.069192     -9.235537
      3.305125     -0.000369     -1.065240     -9.239515
      3.305250     -0.000560     -1.061623     -9.243067
      3.305375     -0.000787     -1.058282     -9.246306
      3.305500     -0.000666     -1.055535     -9.249299
      3.305625      0.000101     -1.052285     -9.253441
      3.305750      0.000232     -1.048720     -9.257262
      3.305875      0.000203     -1.045059     -9.261020
      3.306000      0.000196     -1.041494     -9.264702
      3.306125      0.000127     -1.037948     -9.268304
      3.306250      0.000009     -1.034394     -9.271865
      3.306375     -0.000007     -1.030891     -9.275476
      3.306500     -0.000009     -1.025087     -9.281404
      3.306625      0.000006     -1.023694     -9.282936
      3.306750     -0.001064     -1.018174     -9.287512
      3.306875     -0.000002     -1.016944     -9.289929
      3.307000      0.000136     -1.010627     -9.296509
      3.307125      0.000092     -1.007751     -9.299465
      3.307250      0.000427     -1.006179     -9.301498
      3.307375     -0.000243     -1.000559     -9.306573
      3.307500     -0.000027     -0.998458     -9.309016
      3.307625     -0.000265     -0.995611     -9.311749
      3.307750      0.000484     -0.991051     -9.317183
      3.307875     -0.000629     -0.988450     -9.318796
      3.308000     -0.000640     -0.984711     -9.322648
      3.308125     -0.000374     -0.980900     -9.326851
      3.308250     -0.000558     -0.978226     -9.329467
      3.308375      0.000535     -0.974342     -9.334568
      3.308500      0.000122     -0.970123     -9.338500
      3.308625     -0.000901     -0.967796     -9.339928
      3.308750     -0.000242     -0.964275     -9.344234
      3.308875     -0.000724     -0.960870     -9.347281
      3.309000     -0.000093     -0.957092     -9.351816
      3.309125     -0.000597     -0.953792     -9.354737
      3.309250     -0.000269     -0.950388     -9.358593
      3.309375      0.000445     -0.947266     -9.362554
      3.309500      0.000021     -0.943805     -9.365717
      3.309625     -0.000373     -0.939765     -9.369488
      3.309750      0.000048     -0.936794     -9.373004
      3.309875      0.000138     -0.933798     -9.376215
      3.310000      0.000101     -0.930584     -9.379518
      3.310125     -0.000519     -0.927905     -9.381701
      3.310250     -0.000355     -0.923678     -9.386217
      3.310375      0.000252     -0.920735     -9.389893
      3.310500     -0.000946     -0.917364     -9.392190
      3.310625     -0.000148     -0.914206     -9.396272
      3.310750     -0.001454     -0.911581     -9.397715
      3.310875      0.000933     -0.907332     -9.404477
      3.311000     -0.001170     -0.905146     -9.404684
      3.311125     -0.000400     -0.901155     -9.409570
      3.311250      0.000159     -0.898943     -9.412467
      3.311375      0.000719     -0.894458     -9.417636
      3.311500     -0.000220     -0.891199     -9.420080
      3.311625     -0.000633     -0.889166     -9.421826
      3.311750     -0.000313     -0.885580     -9.425857
      3.311875      0.000512     -0.882541     -9.429846
      3.312000     -0.000874     -0.879573     -9.431553
      3.312125      0.001103     -0.875699     -9.437529
      3.312250      0.000766     -0.874575     -9.438441
      3.312375     -0.000546     -0.872437     -9.439392
      3.312500     -0.000550     -0.867991     -9.443959
      3.312625     -0.000760     -0.863973     -9.447892
      3.312750      0.000841     -0.860899     -9.452691
      3.312875     -0.000599     -0.857695     -9.454580
      3.313000      0.000332     -0.854857     -9.458475
      3.313125      0.000129     -0.851644     -9.461610
      3.313250      0.000025     -0.848580     -9.464695
      3.313375      0.000000     -0.845602     -9.467773
      3.313500      0.000073     -0.842741     -9.470832
      3.313625     -0.000434     -0.840467     -9.472725
      3.313750      0.000079     -0.838065     -9.475764
      3.313875      0.000230     -0.835429     -9.478676
      3.314000     -0.001019     -0.833384     -9.479597
      3.314125     -0.000945     -0.827708     -9.485471
      3.314250     -0.000268     -0.825027     -9.488956
      3.314375     -0.000018     -0.821755     -9.492603
      3.314500     -0.000118     -0.820769     -9.493613
      3.314625     -0.000260     -0.815656     -9.498710
      3.314750      0.000587     -0.814585     -9.500752
      3.314875      0.000718     -0.811535     -9.504058
      3.315000     -0.000020     -0.806752     -9.508228
      3.315125     -0.000478     -0.805859     -9.508789
      3.315250      0.000277     -0.801076     -9.514451
      3.315375      0.000434     -0.798592     -9.517217
      3.315500     -0.000507     -0.798308     -9.516685
      3.315625     -0.000868     -0.795093     -9.519664
      3.315750     -0.000349     -0.792621     -9.522780
      3.315875     -0.000841     -0.789341     -9.525693
      3.316000     -0.000591     -0.784377     -9.531032
      3.316125     -0.000332     -0.783587     -9.532206
      3.316250     -0.000630     -0.780985     -9.534636
      3.316375      0.000436     -0.778062     -9.538748
      3.316500      0.001004     -0.774311     -9.543193
      3.316625     -0.000042     -0.772622     -9.543960
      3.316750     -0.000165     -0.769409     -9.547176
      3.316875      0.000053     -0.766778     -9.550151
      3.317000      0.000084     -0.763986     -9.553098
      3.317125     -0.000272     -0.761603     -9.555250
      3.317250     -0.000264     -0.758467     -9.558519
      3.317375      0.000057     -0.755152     -9.562280
      3.317500     -0.000619     -0.752756     -9.564125
      3.317625     -0.001011     -0.750407     -9.566207
      3.317750     -0.001415     -0.748247     -9.568088
      3.317875      0.000269     -0.744661     -9.573483
      3.318000      0.000525     -0.741683     -9.576842
      3.318125     -0.000540     -0.740087     -9.577498
      3.318250     -0.000729     -0.737339     -9.580183
      3.318375     -0.000499     -0.734680     -9.583196
      3.318500     -0.000257     -0.731909     -9.586333
      3.318625      0.000643     -0.728430     -9.590838
      3.318750      0.000589     -0.725577     -9.593762
      3.318875     -0.000488     -0.724580     -9.593806
      3.319000      0.000013     -0.722235     -9.596778
      3.319125      0.000264     -0.718463     -9.600927
      3.319250     -0.000297     -0.715473     -9.603480
      3.319375     -0.000490     -0.713340     -9.605546
      3.319500      0.001079     -0.710446     -9.610134
      3.319625      0.000527     -0.707867     -9.612285
      3.319750      0.000381     -0.705390     -9.614742
      3.319875     -0.000522     -0.702999     -9.616354
      3.320000      0.000696     -0.700101     -9.620595
      3.320125     -0.000147     -0.699343     -9.620634
      3.320250     -0.000119     -0.696677     -9.623454
      3.320375     -0.000126     -0.693402     -9.626846
      3.320500     -0.000164     -0.691171     -9.629165
      3.320625     -0.000086     -0.687213     -9.633326
      3.320750      0.979430     -0.000446    -11.299734
      3.320875      0.966242     -0.001898    -11.285219
      3.321000      0.967100     -0.000802    -11.287299
      3.321125      0.977056     -0.001612    -11.296569
      3.321250      0.966342     -0.000125    -11.287467
      3.321375      0.954754      0.001442    -11.277571
      3.321500      0.939413      0.002269    -11.263182
      3.321625      0.946042     -0.000194    -11.267473
      3.321750      0.943971     -0.000358    -11.265363
      3.321875      0.922099     -0.000203    -11.243771
      3.322000      0.941207     -0.000213    -11.262993
      3.322125      0.944871     -0.001175    -11.265821
      3.322250      0.939630     -0.000280    -11.261599
      3.322375      0.924271      0.001994    -11.248640
      3.322500      0.927838      0.003268    -11.253606
      3.322625      0.936092      0.002388    -11.261106
      3.322750      0.911595      0.001700    -11.236045
      3.322875      0.920504      0.003719    -11.247098
      3.323000      0.919942      0.000563    -11.243506
      3.323125      0.918491      0.000158    -11.241774
      3.323250      0.910939     -0.000599    -11.233591
      3.323375      0.890959     -0.000240    -11.214094
      3.323500      0.901149     -0.000564    -11.224085
      3.323625      0.894457      0.003940    -11.222023
      3.323750      0.892626      0.000095    -11.216472
      3.323875      0.898673      0.001685    -11.224233
      3.324000      0.875527      0.000118    -11.199645
      3.324125      0.907121      0.002348    -11.233594
      3.324250      0.890288      0.001108    -11.215646
      3.324375      0.881888      0.000769    -11.207032
      3.324500      0.882641     -0.000318    -11.206823
      3.324625      0.858902     -0.002265    -11.181262
      3.324750      0.872697     -0.002713    -11.194735
      3.324875      0.847999      0.002006    -11.174880
      3.325000      0.860897      0.002733    -11.188630
      3.325125      0.858742      0.000691    -11.184559
      3.325250      0.866465     -0.000659    -11.191056
      3.325375      0.843680      0.000408    -11.169463
      3.325500      0.839114     -0.000488    -11.164126
      3.325625      0.845988     -0.000561    -11.171053
      3.325750      0.861574      0.003301    -11.190625
      3.325875      0.838606      0.001472    -11.165953
      3.326000      0.800162     -0.000878    -11.125284
      3.326125      0.782846      0.001722    -11.110693
      3.326250      0.805917     -0.000838    -11.131329
      3.326375      0.811716      0.002827    -11.140919
      3.326500      0.737205     -0.000188    -11.063517
      3.326625      0.000868     -0.006494    -10.320999
      3.326750     -0.000200     -1.705583     -8.620966
      3.326875      0.837201     -0.000460    -11.163616
      3.327000      0.854917      0.002950    -11.184867
      3.327125      0.854377      0.000311    -11.181813
      3.327250      0.850814     -0.001130    -11.176934
      3.327375      0.857876     -0.000652    -11.184599
      3.327500      0.846950     -0.001233    -11.173216
      3.327625      0.813994     -0.001878    -11.139741
      3.327750      0.861288     -0.000010    -11.189028
      3.327875      0.837062     -0.000522    -11.164414
      3.328000      0.833135      0.001045    -11.162180
      3.328125      0.842290      0.001505    -11.171920
      3.328250      0.815536     -0.002014    -11.141772
      3.328375      0.836701     -0.000512    -11.164564
      3.328500      0.821118      0.001620    -11.151238
      3.328625      0.863660      0.001515    -11.193801
      3.328750      0.822425     -0.000555    -11.150620
      3.328875      0.839842      0.001603    -11.170320
      3.329000      0.850918     -0.000283    -11.179635
      3.329125      0.825214     -0.002868    -11.151470
      3.329250      0.829913      0.002161    -11.161324
      3.329375      0.843850      0.000105    -11.173331
      3.329500      0.818983      0.000251    -11.148733
      3.329625      0.797428      0.000048    -11.127102
      3.329750      0.786123     -0.000205    -11.115668
      3.329875      0.824434      0.000228    -11.154537
      3.330000      0.788205      0.003219    -11.121424
      3.330125      0.789206      0.000549    -11.119881
      3.330250      0.820273     -0.001784    -11.148739
      3.330375      0.817077     -0.003736    -11.143716
      3.330500      0.808891      0.001486    -11.140877
      3.330625      0.822216      0.003061    -11.155901
      3.330750      0.793623     -0.005389    -11.118984
      3.330875      0.807794      0.000783    -11.139452
      3.331000      0.810755     -0.001072    -11.140683
      3.331125      0.801531      0.001194    -11.133851
      3.331250      0.817060      0.000094    -11.148404
      3.331375      0.807198      0.000477    -11.139050
      3.331500      0.800426      0.002055    -11.133981
      3.331625      0.798580     -0.000253    -11.129951
      3.331750      0.785727      0.001368    -11.118845
      3.331875      0.781356     -0.000313    -11.112919
      3.332000      0.763244      0.002086    -11.097330
      3.332125      0.773184     -0.001880    -11.103429
      3.332250      0.796294     -0.001789    -11.126755
      3.332375      0.780608     -0.002584    -11.110399
      3.332500      0.759297      0.000284    -11.092081
      3.332625      0.778305     -0.001471    -11.109459
      3.332750      0.792184      0.000134    -11.125068
      3.332875      0.771824     -0.001322    -11.103377
      3.333000      0.754990      0.000377    -11.088367
      3.333125      0.768429      0.002223    -11.103777
      3.333250      0.764709      0.001096    -11.099055
      3.333375      0.746580     -0.002193    -11.077763
      3.333500      0.730998     -0.000258    -11.064240
      3.333625      0.728147      0.001284    -11.063056
      3.333750      0.733642      0.000211    -11.067603
      3.333875      0.731644      0.000340    -11.065860
      3.334000      0.701947     -0.003941    -11.032006
      3.334125      0.744356     -0.002144    -11.076337
      3.334250      0.685970     -0.003182    -11.017038
      3.334375      0.615908     -0.000403    -10.949880
      3.334500     -0.000869     -0.047407    -10.286223
      3.334625      0.664222      0.004784    -11.003631
      3.334750      0.701775     -0.001628    -11.034897
      3.334875      0.711365      0.001526    -11.047766
      3.335000      0.706709      0.000640    -11.042349
      3.335125      0.743786     -0.001347    -11.077564
      3.335250      0.734654      0.000060    -11.069963
      3.335375      0.713543      0.003316    -11.052234
      3.335500      0.724909      0.000804    -11.061213
      3.335625      0.753715      0.001191    -11.090532
      3.335750      0.742609      0.001035    -11.079394
      3.335875      0.759914      0.000608    -11.096398
      3.336000      0.721676     -0.000256    -11.057420
      3.336125      0.731795     -0.000785    -11.067135
      3.336250      0.724520      0.001717    -11.062486
      3.336375      0.740821     -0.000793    -11.076403
      3.336500      0.721968      0.000031    -11.058500
      3.336625      0.706689      0.002264    -11.045578
      3.336750      0.730239      0.001837    -11.068826
      3.336875      0.710526     -0.002022    -11.045380
      3.337000      0.717717     -0.002538    -11.052178
      3.337125      0.694183     -0.001300    -11.030008
      3.337250      0.723032     -0.000662    -11.059619
      3.337375      0.712429      0.000731    -11.050535
      3.337500      0.676760     -0.001297    -11.012963
      3.337625      0.709956      0.000067    -11.047648
      3.337750      0.709972      0.000574    -11.048297
      3.337875      0.695081      0.000449    -11.033406
      3.338000      0.696900     -0.001174    -11.033726
      3.338125      0.692901     -0.000665    -11.030362
      3.338250      0.697507      0.001616    -11.037373
      3.338375      0.712073     -0.001135    -11.049313
      3.338500      0.702903      0.000289    -11.041692
      3.338625      0.722283      0.000580    -11.061488
      3.338750      0.662645     -0.001069    -11.000326
      3.338875      0.696863      0.000343    -11.036081
      3.339000      0.704517     -0.002264    -11.041254
      3.339125      0.659497     -0.000028    -10.998594
      3.339250      0.679879      0.001103    -11.020232
      3.339375      0.660654     -0.000584    -10.999445
      3.339500      0.648333     -0.002744    -10.985088
      3.339625      0.641719     -0.003259    -10.978085
      3.339750      0.654062      0.000478    -10.994290
      3.339875      0.662145     -0.000447    -11.001573
      3.340000      0.607945     -0.002297    -10.945648
      3.340125      0.647411      0.002510    -10.990047
      3.340250      0.631430      0.001258    -10.972938
      3.340375      0.617238      0.001898    -10.959510
      3.340500      0.650406     -0.000210    -10.990696
      3.340625      0.626154     -0.003044    -10.963735
      3.340750      0.614332     -0.004202    -10.950880
      3.340875      0.609314     -0.003169    -10.947020
      3.341000      0.588354     -0.000197    -10.929157
      3.341125      0.587554      0.001583    -10.930262
      3.341250      0.587974      0.002115    -10.931339
      3.341375      0.594666     -0.000868    -10.935172
      3.341500      0.541280      0.002168    -10.884948
      3.341625      0.556642      0.004581    -10.902847
      3.341750      0.517904      0.003610    -10.863264
      3.341875      0.524098      0.000225    -10.866199
      3.342000      0.476867     -0.000003    -10.818864
      3.342125      0.421200     -0.000942    -10.762383
      3.342250      0.308806      0.000639    -10.651696
      3.342375      0.258167      0.002820    -10.603363
      3.342500      0.239608      0.002904    -10.585012
      3.342625     -0.000204     -0.123933    -10.218488
      3.342750      0.209416     -0.002024    -10.550143
      3.342875      0.050796     -0.001257    -10.392414
      3.343000      0.170043     -0.005022    -10.508021
      3.343125      0.102668      0.000383    -10.446176
      3.343250      0.000264     -0.010475    -10.333039
      3.343375      0.001966     -0.058424    -10.286918
      3.343500      0.000704     -0.065811    -10.278393
      3.343625     -0.001174     -0.049598    -10.292853
      3.343750      0.001300     -0.148421    -10.196629
      3.343875     -0.000503     -0.328971    -10.014401
      3.344000      0.001120     -0.960180     -9.384940
      3.344125     -0.000068     -0.293789    -10.050269
      3.344250      0.001472     -0.134859    -10.210863
      3.344375      0.001491     -0.038733    -10.307134
      3.344500      0.001265     -0.016000    -10.329765
      3.344625      0.000231     -0.052754    -10.292102
      3.344750      0.000185     -0.095316    -10.249620
      3.344875      0.000494     -0.142706    -10.202663
      3.345000     -0.000238     -0.196300    -10.148462
      3.345125      0.001143     -0.260843    -10.085425
      3.345250      0.000451     -0.338170    -10.007531
      3.345375     -0.000061     -0.436797     -9.908517
      3.345500     -0.001249     -0.568553     -9.775698
      3.345625      0.000489     -0.767120     -9.578994
      3.345750     -0.000472     -1.140670     -9.204608
      3.345875      0.000024     -1.753538     -8.592361
      3.346000      0.000248     -0.870881     -9.475367
      3.346125      0.001136     -0.532459     -9.814802
      3.346250      0.000206     -0.284826    -10.061629
      3.346375      0.503128     -0.000169    -10.849334
      3.346500      0.000791     -0.274292    -10.072999
      3.346625     -0.000243     -0.273059    -10.073322
      3.346750      0.000557     -0.271151    -10.076156
      3.346875      0.000255     -0.269897    -10.077232
      3.347000     -0.000132     -0.266506    -10.080362
      3.347125      0.000962     -0.264715    -10.083371
      3.347250      0.000597     -0.262877    -10.084969
      3.347375      0.000421     -0.261226    -10.086570
      3.347500     -0.000095     -0.259704    -10.087701
      3.347625      0.000007     -0.258139    -10.089494
      3.347750     -0.000166     -0.256718    -10.090866
      3.347875     -0.000412     -0.255549    -10.091914
      3.348000     -0.000314     -0.254619    -10.093067
      3.348125     -0.000406     -0.253015    -10.094704
      3.348250      0.000173     -0.251498    -10.096925
      3.348375      0.000044     -0.249192    -10.099227
      3.348500     -0.000711     -0.247779    -10.100009
      3.348625     -0.000013     -0.245992    -10.102620
      3.348750      0.000439     -0.244512    -10.104677
      3.348875      0.000765     -0.243677    -10.105963
      3.349000      0.000625     -0.241969    -10.107655
      3.349125      0.000408     -0.240243    -10.109290
      3.349250      0.000127     -0.238681    -10.110696
      3.349375     -0.000054     -0.236678    -10.112643
      3.349500     -0.000125     -0.235636    -10.113739
      3.349625      0.000213     -0.234118    -10.115720
      3.349750      0.000606     -0.232540    -10.117816
      3.349875      0.000846     -0.230960    -10.119762
      3.350000      0.000918     -0.229313    -10.121606
      3.350125      0.000843     -0.227641    -10.123327
      3.350250      0.000637     -0.226036    -10.124850
      3.350375      0.000300     -0.224507    -10.126168
      3.350500     -0.000093     -0.222371    -10.128036
      3.350625      0.000286     -0.220843    -10.130069
      3.350750      0.000415     -0.219354    -10.131811
      3.350875      0.000521     -0.217846    -10.133550
      3.351000      0.000583     -0.216255    -10.135328
      3.351125      0.000567     -0.214544    -10.137148
      3.351250      0.000501     -0.212758    -10.138993
      3.351375      0.000594     -0.211135    -10.140835
      3.351500      0.000861     -0.209716    -10.142645
      3.351625      0.001033     -0.208260    -10.144398
      3.351750      0.001028     -0.206702    -10.146076
      3.351875      0.000866     -0.205078    -10.147663
      3.352000      0.000581     -0.203440    -10.149141
      3.352125      0.000193     -0.201853    -10.150465
      3.352250     -0.000386     -0.200463    -10.151402
      3.352375     -0.000552     -0.199765    -10.152058
      3.352500     -0.000613     -0.198534    -10.153353
      3.352625     -0.000661     -0.197363    -10.154601
      3.352750     -0.000415     -0.195742    -10.156593
      3.352875     -0.000065     -0.194234    -10.158576
      3.353000      0.000181     -0.192792    -10.160388
      3.353125      0.000281     -0.191319    -10.162087
      3.353250      0.000217     -0.189775    -10.163692
      3.353375     -0.000116     -0.188282    -10.164977
      3.353500      0.000190     -0.186882    -10.166808
      3.353625      0.000252     -0.185385    -10.168492
      3.353750      0.000206     -0.183856    -10.170100
      3.353875     -0.000330     -0.182031    -10.171514
      3.354000      0.000355     -0.180562    -10.173792
      3.354125      0.000484     -0.179939    -10.174670
      3.354250      0.000836     -0.177477    -10.177609
      3.354375     -0.000290     -0.175895    -10.178190
      3.354500     -0.000625     -0.176083    -10.177792
      3.354625     -0.000211     -0.174697    -10.179717
      3.354750      0.000016     -0.173405    -10.181361
      3.354875     -0.000125     -0.171259    -10.183491
      3.355000     -0.000224     -0.169721    -10.185055
      3.355125     -0.000491     -0.168112    -10.186522
      3.355250     -0.000756     -0.166536    -10.187959
      3.355375     -0.000894     -0.165072    -10.189409
      3.355500     -0.000845     -0.163718    -10.190937
      3.355625     -0.000683     -0.162263    -10.192679
      3.355750     -0.000552     -0.161461    -10.193737
      3.355875     -0.000593     -0.159795    -10.195487
      3.356000     -0.000553     -0.158158    -10.197289
      3.356125     -0.000242     -0.156798    -10.199086
      3.356250      0.000060     -0.155476    -10.200834
      3.356375      0.000167     -0.154038    -10.202504
      3.356500      0.000100     -0.152524    -10.204076
      3.356625     -0.000081     -0.151009    -10.205534
      3.356750     -0.000322     -0.149575    -10.206853
      3.356875     -0.000592     -0.148307    -10.207975
      3.357000     -0.000889     -0.147334    -10.208777
      3.357125     -0.000876     -0.146289    -10.209960
      3.357250     -0.000341     -0.144778    -10.212131
      3.357375      0.000078     -0.143432    -10.214021
      3.357500      0.000279     -0.142006    -10.215773
      3.357625      0.000322     -0.140445    -10.217502
      3.357750      0.000373     -0.138474    -10.219648
      3.357875      0.000127     -0.137351    -10.220651
      3.358000      0.000006     -0.135942    -10.222065
      3.358125     -0.000032     -0.134531    -10.223562
      3.358250      0.000026     -0.133157    -10.225119
      3.358375      0.000165     -0.131796    -10.226744
      3.358500      0.000330     -0.130381    -10.228450
      3.358625      0.000450     -0.128841    -10.230235
      3.358750      0.000481     -0.127148    -10.232083
      3.358875      0.000535     -0.125445    -10.233965
      3.359000      0.000856     -0.124014    -10.235842
      3.359125      0.001197     -0.122642    -10.237680
      3.359250      0.001351     -0.121150    -10.239451
      3.359375      0.001324     -0.119567    -10.241133
      3.359500      0.001166     -0.117970    -10.242697
      3.359625      0.000923     -0.116445    -10.244103
      3.359750      0.000626     -0.115081    -10.245296
      3.359875      0.000279     -0.113953    -10.246201
      3.360000     -0.000061     -0.113159    -10.246780
      3.360125      0.000030     -0.111877    -10.248279
      3.360250      0.000377     -0.110515    -10.250112
      3.360375      0.000564     -0.109232    -10.251707
      3.360500      0.000573     -0.107886    -10.253187
      3.360625      0.000451     -0.106467    -10.254609
      3.360750      0.000252     -0.105002    -10.256000
      3.360875      0.000026     -0.103529    -10.257372
      3.361000     -0.000171     -0.102088    -10.258741
      3.361125     -0.000284     -0.100716    -10.260125
      3.361250     -0.000285     -0.099415    -10.261550
      3.361375     -0.000212     -0.098119    -10.263044
      3.361500     -0.000150     -0.096726    -10.264625
      3.361625     -0.000174     -0.095166    -10.266285
      3.361750     -0.000231     -0.093525    -10.267993
      3.361875      0.000002     -0.092173    -10.269704
      3.362000      0.000327     -0.090958    -10.271369
      3.362125      0.000442     -0.089616    -10.272951
      3.362250      0.000338     -0.088173    -10.274415
      3.362375     -0.000049     -0.086882    -10.275444
      3.362500     -0.000031     -0.085423    -10.277046
      3.362625     -0.000239     -0.084121    -10.278265
      3.362750     -0.000489     -0.082940    -10.279321
      3.362875     -0.000766     -0.081966    -10.280143
      3.363000     -0.000895     -0.081107    -10.280998
      3.363125     -0.000593     -0.079667    -10.282866
      3.363250     -0.000220     -0.078377    -10.284653
      3.363375      0.000008     -0.077123    -10.286260
      3.363500      0.000092     -0.075820    -10.287771
      3.363625      0.000066     -0.074464    -10.289227
      3.363750     -0.000029     -0.073074    -10.290647
      3.363875     -0.000155     -0.071676    -10.292044
      3.364000     -0.000269     -0.070303    -10.293428
      3.364125     -0.000326     -0.068984    -10.294815
      3.364250     -0.000293     -0.067733    -10.296225
      3.364375     -0.000180     -0.066514    -10.297680
      3.364500     -0.000047     -0.065253    -10.299200
      3.364625      0.000039     -0.063874    -10.300789
      3.364750      0.000036     -0.062353    -10.302433
      3.364875      0.000057     -0.060832    -10.304100
      3.365000      0.000336     -0.059581    -10.305755
      3.365125      0.000648     -0.058407    -10.307366
      3.365250      0.000791     -0.057133    -10.308909
      3.365375      0.000768     -0.055773    -10.310371
      3.365500      0.000628     -0.054385    -10.311743
      3.365625      0.000419     -0.053028    -10.313016
      3.365750      0.000179     -0.051758    -10.314172
      3.365875     -0.000072     -0.050629    -10.315173
      3.366000     -0.000342     -0.049712    -10.315946
      3.366125     -0.000480     -0.049086    -10.316559
      3.366250     -0.000165     -0.047863    -10.318221
      3.366375      0.000215     -0.046628    -10.319963
      3.366500      0.000431     -0.045430    -10.321501
      3.366625      0.000489     -0.044178    -10.322936
      3.366750      0.000433     -0.042865    -10.324318
      3.366875      0.000307     -0.041513    -10.325669
      3.367000      0.000157     -0.040154    -10.327003
      3.367125      0.000031     -0.038823    -10.328334
      3.367250     -0.000020     -0.037550    -10.329679
      3.367375      0.000025     -0.036339    -10.331062
      3.367500      0.000134     -0.035130    -10.332504
      3.367625      0.000229     -0.033834    -10.334020
      3.367750      0.000237     -0.032385    -10.335601
      3.367875      0.000168     -0.030819    -10.337223
      3.368000      0.000293     -0.029448    -10.338845
      3.368125      0.000652     -0.028352    -10.340425
      3.368250      0.000784     -0.027107    -10.341926
      3.368375      0.000710     -0.025751    -10.343334
      3.368500      0.000659     -0.024237    -10.344921
      3.368625      0.000485     -0.022915    -10.346195
      3.368750     -0.000023     -0.021873    -10.346854
      3.368875     -0.000256     -0.020772    -10.347848
      3.369000     -0.000502     -0.019814    -10.348683
      3.369125     -0.000708     -0.019111    -10.349306
      3.369250     -0.000587     -0.018131    -10.350532
      3.369375     -0.000230     -0.016869    -10.352276
      3.369500      0.000046     -0.015721    -10.353824
      3.369625      0.000181     -0.014567    -10.355239
      3.369750      0.000197     -0.013370    -10.356578
      3.369875      0.000127     -0.012134    -10.357868
      3.370000      0.000005     -0.010882    -10.359123
      3.370125     -0.000133     -0.009645    -10.360348
      3.370250     -0.000249     -0.008453    -10.361548
      3.370375     -0.000305     -0.007340    -10.362729
      3.370500     -0.000279     -0.006326    -10.363895
      3.370625     -0.000184     -0.005398    -10.365043
      3.370750     -0.000072     -0.004525    -10.366154
      3.370875      0.000004     -0.003699    -10.367179
      3.371000      0.000008     -0.002959    -10.368049
      3.371125     -0.000027     -0.002403    -10.368695
      3.371250      0.000051     -0.002213    -10.369088
      3.371375      0.000288     -0.002413    -10.369250
      3.371500      0.000518     -0.002791    -10.369227
      3.371625      0.000649     -0.003213    -10.369062
      3.371750      0.000670     -0.003636    -10.368784
      3.371875      0.000571     -0.004034    -10.368412
      3.372000     -0.000946     -0.003098    -10.367956
      3.372125      0.000640     -0.005342    -10.367423
      3.372250     -0.001911     -0.003510    -10.366829
      3.372375     -0.000121     -0.006098    -10.366157
      3.372500     -0.000221     -0.006787    -10.365492
      3.372625     -0.000347     -0.007474    -10.364804
      3.372750     -0.000494     -0.008225    -10.364031
      3.372875     -0.000645     -0.009084    -10.363146
      3.373000     -0.000731     -0.010034    -10.362235
      3.373125     -0.000646     -0.010725    -10.361754
      3.373250     -0.000421     -0.011247    -10.361582
      3.373375     -0.000180     -0.011851    -10.361343
      3.373500      0.000010     -0.012500    -10.361011
      3.373625      0.000131     -0.013151    -10.360605
      3.373750      0.000133     -0.013745    -10.360138
      3.373875      0.000137     -0.014382    -10.359630
      3.374000      0.000155     -0.014938    -10.359217
      3.374125      0.000165     -0.015479    -10.358811
      3.374250      0.000131     -0.016006    -10.358375
      3.374375      0.000067     -0.016538    -10.357905
      3.374500     -0.000003     -0.017146    -10.357351
      3.374625     -0.000051     -0.017535    -10.357039
      3.374750     -0.000085     -0.017992    -10.356673
      3.374875     -0.000005     -0.018449    -10.356421
      3.375000     -0.000746     -0.019095    -10.355159
      3.375125      0.000884     -0.018553    -10.357456
      3.375250      0.000145     -0.019177    -10.356217
      3.375375     -0.000454     -0.020010    -10.354911
      3.375500     -0.000823     -0.021116    -10.353561
      3.375625     -0.000688     -0.021913    -10.353024
      3.375750     -0.000275     -0.022529    -10.352947
      3.375875     -0.000113     -0.023183    -10.352579
      3.376000     -0.000009     -0.023824    -10.352167
      3.376125      0.000014     -0.024427    -10.351712
      3.376250     -0.000030     -0.024994    -10.351226
      3.376375     -0.000116     -0.025539    -10.350720
      3.376500     -0.000209     -0.026088    -10.350203
      3.376625     -0.000271     -0.026667    -10.349687
      3.376750     -0.000284     -0.027285    -10.349182
      3.376875     -0.000262     -0.027922    -10.348691
      3.377000     -0.000193     -0.028585    -10.348222
      3.377125     -0.000088     -0.029250    -10.347787
      3.377250      0.000026     -0.029883    -10.347393
      3.377375      0.000116     -0.030448    -10.347043
      3.377500      0.000154     -0.030922    -10.346732
      3.377625      0.000146     -0.031322    -10.346449
      3.377750      0.000202     -0.031776    -10.346177
      3.377875      0.000442     -0.032421    -10.345897
      3.378000      0.000721     -0.033131    -10.345590
      3.378125      0.000896     -0.033779    -10.345242
      3.378250      0.000942     -0.034350    -10.344842
      3.378375      0.000881     -0.034873    -10.344382
      3.378500      0.000747     -0.035386    -10.343860
      3.378625      0.000569     -0.035916    -10.343278
      3.378750      0.000382     -0.036494    -10.342638
      3.378875      0.000191     -0.037131    -10.341936
      3.379000     -0.000005     -0.037842    -10.341153
      3.379125     -0.000214     -0.038653    -10.340258
      3.379250     -0.000415     -0.039619    -10.339216
      3.379375     -0.000472     -0.040613    -10.338290
      3.379500     -0.000272     -0.041164    -10.338064
      3.379625      0.000007     -0.041743    -10.337888
      3.379750      0.000222     -0.042389    -10.337582
      3.379875      0.000346     -0.043031    -10.337189
      3.380000      0.000387     -0.043644    -10.336743
      3.380125      0.000360     -0.044223    -10.336262
      3.380250      0.000282     -0.044775    -10.335756
      3.380375      0.000169     -0.045311    -10.335233
      3.380500      0.000041     -0.045844    -10.334697
      3.380625     -0.000085     -0.046389    -10.334152
      3.380750     -0.000187     -0.046959    -10.333605
      3.380875     -0.000244     -0.047568    -10.333063
      3.381000     -0.000243     -0.048221    -10.332536
      3.381125     -0.000191     -0.048900    -10.332035
      3.381250     -0.000111     -0.049571    -10.331569
      3.381375     -0.000037     -0.050195    -10.331144
      3.381500      0.000001     -0.050744    -10.330757
      3.381625     -0.000012     -0.051215    -10.330398
      3.381750     -0.000045     -0.051650    -10.330055
      3.381875     -0.000003     -0.052159    -10.329713
      3.382000      0.000169     -0.052806    -10.329363
      3.382125      0.000385     -0.053514    -10.328996
      3.382250      0.000552     -0.054198    -10.328604
      3.382375      0.000641     -0.054835    -10.328181
      3.382500      0.000654     -0.055431    -10.327723
      3.382625      0.000602     -0.056002    -10.327225
      3.382750      0.000499     -0.056565    -10.326685
      3.382875      0.000360     -0.057139    -10.326096
      3.383000      0.000195     -0.057744    -10.325452
      3.383125      0.000015     -0.058401    -10.324739
      3.383250     -0.000177     -0.059133    -10.323940
      3.383375     -0.000383     -0.059959    -10.323034
      3.383500     -0.000582     -0.060881    -10.322037
      3.383625     -0.000702     -0.061852    -10.321071
      3.383750     -0.000691     -0.062670    -10.320388
      3.383875     -0.000547     -0.063226    -10.320102
      3.384000     -0.000333     -0.063784    -10.319883
      3.384125     -0.000116     -0.064416    -10.319593
      3.384250      0.000067     -0.065095    -10.319222
      3.384375      0.000156     -0.065717    -10.318815
      3.384500      0.000154     -0.066211    -10.318443
      3.384625      0.000173     -0.066763    -10.318035
      3.384750      0.000148     -0.067199    -10.317699
      3.384875      0.000096     -0.067677    -10.317294
      3.385000      0.001056     -0.067460    -10.318596
      3.385125      0.001019     -0.068013    -10.318131
      3.385250      0.000446     -0.068395    -10.317301
      3.385375      0.000115     -0.068897    -10.316593
      3.385500     -0.000239     -0.069507    -10.315754
      3.385625     -0.000611     -0.070356    -10.314657
      3.385750     -0.000879     -0.071449    -10.313422
      3.385875     -0.000903     -0.072488    -10.312484
      3.386000     -0.000583     -0.073044    -10.312373
      3.386125     -0.000196     -0.073722    -10.312207
      3.386250      0.000068     -0.074442    -10.311876
      3.386375      0.000159     -0.075096    -10.311437
      3.386500      0.000146     -0.075697    -10.310949
      3.386625      0.000105     -0.076280    -10.310449
      3.386750      0.000037     -0.076850    -10.309937
      3.386875     -0.000041     -0.077416    -10.309418
      3.387000     -0.000081     -0.078000    -10.308918
      3.387125      0.000169     -0.078680    -10.308614
      3.387250     -0.000435     -0.079122    -10.307693
      3.387375     -0.000676     -0.079976    -10.306723
      3.387500     -0.000877     -0.081002    -10.305621
      3.387625     -0.000119     -0.081016    -10.306490
      3.387750      0.000242     -0.081421    -10.306571
      3.387875      0.000535     -0.075252    -10.313158
      3.388000      0.000512     -0.081665    -10.306847
      3.388125      0.000420     -0.090905    -10.297641
      3.388250     -0.000058     -0.103320    -10.284871
      3.388375      0.000228     -0.113655    -10.274948
      3.388500      0.000365     -0.123415    -10.265450
      3.388625      0.000496     -0.133856    -10.255265
      3.388750      0.000590     -0.144649    -10.244691
      3.388875      0.000528     -0.155663    -10.233739
      3.389000      0.000079     -0.166868    -10.222210
      3.389125      0.000044     -0.180392    -10.208778
      3.389250     -0.000035     -0.191132    -10.198083
      3.389375     -0.000018     -0.205048    -10.184310
      3.389500     -0.000089     -0.217975    -10.171436
      3.389625     -0.000103     -0.231433    -10.158090
      3.389750     -0.000329     -0.244679    -10.144743
      3.389875     -0.000409     -0.259329    -10.130138
      3.390000     -0.000458     -0.274551    -10.114991
      3.390125     -0.000474     -0.290397    -10.099254
      3.390250     -0.000456     -0.306911    -10.082883
      3.390375     -0.000392     -0.323917    -10.066066
      3.390500     -0.000266     -0.341938    -10.048296
      3.390625     -0.000109     -0.360874    -10.029642
      3.390750      0.000131     -0.381144    -10.009737
      3.390875      0.000350     -0.401840     -9.989385
      3.391000      0.000603     -0.421584     -9.970020
      3.391125      0.000525     -0.445462     -9.946188
      3.391250      0.000456     -0.470977     -9.920730
      3.391375      0.000491     -0.497543     -9.894323
      3.391500      0.000495     -0.526305     -9.865690
      3.391625      0.000525     -0.557672     -9.834478
      3.391750      0.000725     -0.592475     -9.800000
      3.391875      0.000926     -0.629676     -9.763125
      3.392000      0.000808     -0.673586     -9.719222
      3.392125      0.000653     -0.720793     -9.671986
      3.392250      0.000640     -0.774912     -9.617978
      3.392375      0.000805     -0.838999     -9.554180
      3.392500      0.000064     -0.105685    -10.286878
      3.392625      0.000299     -0.106410    -10.286514
      3.392750     -0.000251     -0.106826    -10.285673
      3.392875     -0.000422     -0.107374    -10.285079
      3.393000     -0.000464     -0.107983    -10.284553
      3.393125     -0.000485     -0.108598    -10.284042
      3.393250     -0.000408     -0.109241    -10.283601
      3.393375      0.000728     -0.110054    -10.284049
      3.393500      0.000050     -0.110647    -10.282904
      3.393625     -0.000836     -0.111459    -10.281330
      3.393750     -0.001301     -0.112702    -10.279747
      3.393875     -0.001143     -0.113463    -10.279269
      3.394000     -0.000849     -0.114090    -10.279062
      3.394125     -0.000618     -0.114789    -10.278718
      3.394250     -0.000486     -0.115481    -10.278283
      3.394375     -0.000448     -0.116131    -10.277796
      3.394500     -0.000471     -0.116740    -10.277288
      3.394625     -0.000524     -0.117331    -10.276770
      3.394750     -0.000596     -0.117912    -10.276242
      3.394875     -0.000681     -0.118489    -10.275704
      3.395000     -0.000769     -0.119071    -10.275159
      3.395125     -0.000845     -0.119665    -10.274615
      3.395250     -0.000899     -0.120266    -10.274085
      3.395375     -0.000936     -0.120874    -10.273566
      3.395500     -0.000953     -0.121498    -10.273049
      3.395625     -0.000948     -0.122140    -10.272537
      3.395750     -0.000917     -0.122744    -10.272089
      3.395875     -0.000745     -0.123406    -10.271725
      3.396000      0.001296     -0.122793    -10.274503
      3.396125     -0.000593     -0.123427    -10.272104
      3.396250     -0.000752     -0.125045    -10.270453
      3.396375     -0.000198     -0.125664    -10.270514
      3.396500      0.000256     -0.126445    -10.270311
      3.396625      0.000385     -0.127128    -10.269882
      3.396750      0.000410     -0.127755    -10.269405
      3.396875      0.000337     -0.128321    -10.268891
      3.397000      0.000245     -0.128892    -10.268353
      3.397125      0.000157     -0.129472    -10.267810
      3.397250      0.000116     -0.130095    -10.267271
      3.397375      0.000108     -0.130608    -10.266875
      3.397500     -0.000049     -0.131315    -10.266137
      3.397625     -0.000219     -0.132157    -10.265249
      3.397750      0.000082     -0.132434    -10.265398
      3.397875      0.000372     -0.118166    -10.280081
      3.398000     -0.000038     -0.108696    -10.289267
      3.398125     -0.000000     -0.099961    -10.298164
      3.398250      0.000185     -0.091425    -10.307010
      3.398375      0.000370     -0.082615    -10.316130
      3.398500     -0.000497     -0.074661    -10.323342
      3.398625     -0.000073     -0.136860    -10.261692
      3.398750     -0.000475     -0.137404    -10.260871
      3.398875     -0.000383     -0.138121    -10.260371
      3.399000     -0.000384     -0.138745    -10.259871
      3.399125      0.000024     -0.139228    -10.259921
      3.399250     -0.001145     -0.141029    -10.257077
      3.399375      0.000008     -0.140243    -10.259139
      3.399500     -0.000937     -0.013367    -10.385196
      3.399625      0.000584     -0.141513    -10.258696
      3.399750      0.000730     -0.142388    -10.258092
      3.399875      0.000272     -0.143297    -10.256850
      3.400000      0.000246     -0.144707    -10.255539
      3.400125      0.000513     -0.145178    -10.255461
      3.400250      0.000435     -0.144753    -10.255931
      3.400375      0.000386     -0.145327    -10.255434
      3.400500     -0.000116     -0.147569    -10.252816
      3.400625     -0.000138     -0.147608    -10.252879
      3.400750      0.000389     -0.147179    -10.253959
      3.400875      0.000569     -0.147919    -10.253525
      3.401000     -0.000666     -0.149838    -10.250497
      3.401125     -0.000914     -0.150456    -10.249755
      3.401250     -0.000820     -0.151207    -10.249223
      3.401375     -0.000723     -0.151883    -10.248768
      3.401500     -0.000647     -0.152494    -10.248359
      3.401625     -0.000610     -0.153008    -10.248007
      3.401750     -0.000638     -0.153500    -10.247612
      3.401875     -0.000670     -0.154005    -10.247200
      3.402000     -0.000638     -0.154738    -10.246624
      3.402125     -0.000180     -0.155244    -10.246701
      3.402250      0.000287     -0.156100    -10.246437
      3.402375     -0.000251     -0.075470    -10.326654
      3.402500      0.000346     -0.156482    -10.246364
      3.402625      0.000082     -0.157917    -10.244791
      3.402750     -0.000019     -0.158490    -10.244241
      3.402875     -0.000104     -0.159287    -10.243484
      3.403000      0.000371     -0.159708    -10.243663
      3.403125      0.000239     -0.160447    -10.242917
      3.403250     -0.000180     -0.160920    -10.242150
      3.403375     -0.000317     -0.161487    -10.241571
      3.403500     -0.000233     -0.162164    -10.241103
      3.403625     -0.000162     -0.162755    -10.240707
      3.403750     -0.001148     -0.164302    -10.238300
      3.403875      0.000611     -0.163853    -10.240633
      3.404000     -0.000146     -0.164747    -10.239107
      3.404125      0.000457     -0.128377    -10.276204
      3.404250     -0.000071     -0.166116    -10.238063
      3.404375     -0.000857     -0.167764    -10.235754
      3.404500     -0.000098     -0.167226    -10.237176
      3.404625      0.000425     -0.143262    -10.261788
      3.404750      0.000247     -0.148161    -10.256836
      3.404875      0.000785     -0.152616    -10.253044
      3.405000     -0.000211     -0.169501    -10.235288
      3.405125     -0.000727     -0.171332    -10.233066
      3.405250      0.000462     -0.171315    -10.234397
      3.405375      0.000077     -0.171617    -10.233834
      3.405500      0.000002     -0.172044    -10.233458
      3.405625      0.000126     -0.172684    -10.233067
      3.405750      0.000281     -0.173346    -10.232685
      3.405875      0.000489     -0.174023    -10.232341
      3.406000      0.000719     -0.174649    -10.232070
      3.406125      0.000760     -0.175480    -10.231405
      3.406250     -0.000328     -0.177129    -10.228793
      3.406375      0.000191     -0.177766    -10.228800
      3.406500      0.000045     -0.178500    -10.228044
      3.406625     -0.000110     -0.179247    -10.227268
      3.406750     -0.000230     -0.179935    -10.226585
      3.406875     -0.000309     -0.180624    -10.225942
      3.407000     -0.000347     -0.181326    -10.225327
      3.407125     -0.000348     -0.182014    -10.224763
      3.407250     -0.000342     -0.182649    -10.224259
      3.407375     -0.000359     -0.183205    -10.223812
      3.407500     -0.000418     -0.183675    -10.223406
      3.407625     -0.000504     -0.184096    -10.223025
      3.407750     -0.000513     -0.184587    -10.222650
      3.407875     -0.000360     -0.185248    -10.222268
      3.408000     -0.000155     -0.185980    -10.221866
      3.408125     -0.000012     -0.186679    -10.221435
      3.408250      0.000041     -0.187323    -10.220969
      3.408375      0.000016     -0.187925    -10.220465
      3.408500     -0.000070     -0.188507    -10.219923
      3.408625     -0.000197     -0.189087    -10.219341
      3.408750     -0.000347     -0.189684    -10.218720
      3.408875     -0.000504     -0.190309    -10.218062
      3.409000     -0.000658     -0.190972    -10.217370
      3.409125     -0.000804     -0.191677    -10.216644
      3.409250     -0.000946     -0.192426    -10.215878
      3.409375     -0.001090     -0.193230    -10.215054
      3.409500     -0.001237     -0.194112    -10.214151
      3.409625     -0.001316     -0.195005    -10.213304
      3.409750     -0.001258     -0.195738    -10.212753
      3.409875     -0.001053     -0.196373    -10.212449
      3.410000     -0.000025     -0.195935    -10.214040
      3.410125     -0.000189     -0.196863    -10.213073
      3.410250     -0.000127     -0.197123    -10.213000
      3.410375      0.000350     -0.197939    -10.212786
      3.410500      0.000700     -0.198719    -10.212481
      3.410625      0.000752     -0.199345    -10.212033
      3.410750      0.000667     -0.199918    -10.211499
      3.410875      0.000522     -0.200512    -10.210885
      3.411000      0.000404     -0.201135    -10.210270
      3.411125     -0.000410     -0.202396    -10.208319
      3.411250     -0.000253     -0.204120    -10.206876
      3.411375     -0.000324     -0.204159    -10.206892
      3.411500      0.000975     -0.405886    -10.006589
      3.411625      0.001356     -0.411754    -10.001227
      3.411750      0.001447     -0.417576     -9.995621
      3.411875      0.000067     -0.206924    -10.205018
      3.412000      0.000367     -0.206256    -10.206111
      3.412125      0.000146     -0.208091    -10.204180
      3.412250     -0.000470     -0.207592    -10.204188
      3.412375      0.000422     -0.209617    -10.203179
      3.412500      0.000233     -0.210067    -10.202666
      3.412625      0.000451     -0.210940    -10.202135
      3.412750     -0.000082     -0.210386    -10.202282
      3.412875     -0.000121     -0.472415     -9.940340
      3.413000      0.000551     -0.211659    -10.201892
      3.413125     -0.000142     -0.213404    -10.199579
      3.413250      0.000158     -0.214067    -10.199340
      3.413375     -0.000218     -0.214632    -10.198524
      3.413500     -0.000004     -0.215288    -10.198208
      3.413625     -0.000597     -0.510816     -9.902213
      3.413750      0.000127     -0.216606    -10.197271
      3.413875      0.000174     -0.217239    -10.196810
      3.414000     -0.000113     -0.217759    -10.196129
      3.414125      0.000862     -0.218709    -10.196278
      3.414250      0.000425     -0.542063     -9.872612
      3.414375      0.000174     -0.219419    -10.195131
      3.414500     -0.001150     -0.220931    -10.192419
      3.414625     -0.001254     -0.222209    -10.191162
      3.414750     -0.001337     -0.222464    -10.190949
      3.414875     -0.000615     -0.222472    -10.191788
      3.415000     -0.000350     -0.223091    -10.191559
      3.415125     -0.000169     -0.223758    -10.191199
      3.415250     -0.000229     -0.224414    -10.190607
      3.415375     -0.001018     -0.226063    -10.188294
      3.415500     -0.000355     -0.226987    -10.188158
      3.415625     -0.000228     -0.227693    -10.187704
      3.415750      0.000856     -0.226826    -10.189779
      3.415875      0.000070     -0.640644     -9.775301
      3.416000      0.000328     -0.228435    -10.187893
      3.416125      0.000073     -0.228654    -10.187544
      3.416250     -0.000686     -0.230382    -10.185182
      3.416375      0.000217     -0.230008    -10.186584
      3.416500      0.000221     -0.232318    -10.184403
      3.416625      0.000361     -0.232704    -10.184282
      3.416750     -0.000661     -0.233305    -10.182784
      3.416875      0.000911     -0.702245     -9.715541
      3.417000     -0.000936     -0.234625    -10.181439
      3.417125     -0.000891     -0.235239    -10.180995
      3.417250     -0.000781     -0.235935    -10.180533
      3.417375     -0.000386     -0.739297     -9.677692
      3.417500      0.001252     -0.236681    -10.182071
      3.417625      0.000067     -0.237627    -10.180064
      3.417750      0.000401     -0.238465    -10.179686
      3.417875      0.000866     -0.239141    -10.179600
      3.418000      0.001033     -0.239074    -10.179959
      3.418125      0.000868     -0.239331    -10.179662
      3.418250      0.000756     -0.240297    -10.178709
      3.418375     -0.000141     -0.241510    -10.176724
      3.418500      0.000098     -0.241570    -10.177028
      3.418625     -0.000962     -0.834460     -9.583204
      3.418750     -0.001007     -0.844218     -9.573526
      3.418875     -0.001071     -0.854422     -9.563382
      3.419000     -0.000948     -0.864815     -9.553238
      3.419125     -0.000856     -0.875360     -9.542910
      3.419250     -0.000417     -0.886179     -9.532654
      3.419375     -0.000662     -0.247662    -10.171051
      3.419500     -0.000207     -0.247619    -10.171674
      3.419625     -0.000909     -0.249360    -10.169356
      3.419750     -0.001077     -0.249829    -10.168844
      3.419875     -0.000888     -0.249523    -10.169465
      3.420000     -0.000011     -0.250396    -10.169593
      3.420125      0.000195     -0.250888    -10.169432
      3.420250      0.000213     -0.251310    -10.169153
      3.420375      0.000367     -0.251943    -10.168799
      3.420500      0.000597     -0.252694    -10.168403
      3.420625      0.000733     -0.253419    -10.167939
      3.420750      0.000822     -0.254120    -10.167453
      3.420875      0.000881     -0.254796    -10.166959
      3.421000      0.000891     -0.255448    -10.166442
      3.421125      0.000854     -0.256090    -10.165890
      3.421250      0.000801     -0.256723    -10.165328
      3.421375      0.000723     -0.257354    -10.164744
      3.421500      0.000592     -0.257976    -10.164116
      3.421625      0.000047     -0.260243    -10.161428
      3.421750     -0.000773     -0.260624    -10.160353
      3.421875     -0.000738     -0.261376    -10.159761
      3.422000     -0.000522     -0.262190    -10.159287
      3.422125     -0.000263     -0.262956    -10.158906
      3.422250     -0.000082     -0.263602    -10.158566
      3.422375      0.000031     -0.264108    -10.158298
      3.422500      0.000083     -0.264498    -10.158085
      3.422625      0.000235     -0.264986    -10.157874
      3.422750      0.000550     -0.265681    -10.157620
      3.422875      0.000836     -0.266394    -10.157317
      3.423000      0.001015     -0.267039    -10.156977
      3.423125      0.001090     -0.267611    -10.156604
      3.423250      0.001079     -0.268133    -10.156196
      3.423375      0.001004     -0.268634    -10.155745
      3.423500      0.000885     -0.269150    -10.155235
      3.423625      0.000742     -0.269724    -10.154643
      3.423750      0.000590     -0.270379    -10.153960
      3.423875      0.000433     -0.271115    -10.153194
      3.424000      0.000270     -0.271927    -10.152343
      3.424125      0.000102     -0.272840    -10.151388
      3.424250     -0.000026     -0.273884    -10.150340
      3.424375     -0.000090     -0.274930    -10.149356
      3.424500     -0.000120     -0.275840    -10.148540
      3.424625     -0.000269     -0.276746    -10.147610
      3.424750     -0.000658     -0.277303    -10.146788
      3.424875      0.000278     -0.277277    -10.147876
      3.425000      0.000116     -0.277289    -10.147827
      3.425125      0.000470     -0.278119    -10.147477
      3.425250      0.000638     -0.278918    -10.146970
      3.425375      0.000608     -0.279643    -10.146341
      3.425500      0.000495     -0.280301    -10.145694
      3.425625      0.000411     -0.280887    -10.145149
      3.425750      0.000807     -0.281634    -10.144924
      3.425875     -0.000220     -0.282498    -10.143157
      3.426000     -0.000232     -0.283221    -10.142547
      3.426125     -0.000159     -0.283535    -10.142431
      3.426250      0.000246     -2.111609     -8.314887
      3.426375      0.000216     -2.168505     -8.258086
      3.426500      0.000133     -2.230886     -8.195747
      3.426625     -0.000167     -2.298838     -8.127620
      3.426750     -0.000530     -2.373547     -8.052673
      3.426875     -0.000642     -2.460296     -7.965937
      3.427000     -0.000570     -2.554273     -7.872157
      3.427125     -0.000453     -2.661964     -7.764709
      3.427250     -0.000278     -2.788044     -7.638928
      3.427375     -0.000087     -2.940002     -7.487286
      3.427500      0.000067     -3.131242     -7.296325
      3.427625      0.000121     -3.389720     -7.038026
      3.427750      0.000079     -3.792641     -6.635188
      3.427875      0.000433     -4.956352     -5.471956
      3.428000      0.000559     -4.618750     -5.809810
      3.428125      0.000591     -3.728274     -6.700442
      3.428250      0.000532     -3.349871     -7.078911
      3.428375      0.000377     -3.101610     -7.327142
      3.428500      0.000133     -2.916255     -7.512379
      3.428625     -0.000194     -2.768267     -7.660164
      3.428750     -0.000594     -2.645102     -7.783054
      3.428875     -0.000779     -2.539276     -7.888820
      3.429000     -0.000437     -2.446689     -7.981874
      3.429125     -0.000094     -2.364525     -8.064506
      3.429250      0.000081     -2.290552     -8.138779
      3.429375      0.000106     -2.223254     -8.206226
      3.429500      0.000010     -2.161529     -8.267981
      3.429625     -0.000184     -2.104552     -8.324889
      3.429750     -0.000475     -2.051726     -8.377549
      3.429875     -0.001278     -2.006589     -8.422008
      3.430000     -0.000822     -1.960107     -8.469071
      3.430125     -0.001012     -1.916447     -8.512667
      3.430250     -0.001287     -1.875321     -8.553642
      3.430375     -0.001522     -1.836533     -8.592320
      3.430500     -0.001431     -1.799636     -8.629433
      3.430625     -0.001077     -1.764304     -8.665244
      3.430750     -0.000698     -1.730717     -8.699336
      3.430875     -0.000721     -1.695781     -8.734373
      3.431000     -0.000690     -1.664634     -8.765676
      3.431125     -0.000551     -1.635036     -8.795538
      3.431250     -0.000402     -1.608824     -8.822024
      3.431375     -0.000398     -0.314491    -10.116487
      3.431500     -0.000134     -0.313532    -10.117834
      3.431625     -0.000015     -0.314736    -10.116875
      3.431750     -0.000637     -0.316360    -10.114753
      3.431875     -0.000467     -0.317101    -10.114308
      3.432000     -0.000330     -0.317842    -10.113828
      3.432125     -0.000140     -0.318610    -10.113375
      3.432250     -0.000054     -0.319217    -10.112979
      3.432375      0.000731     -0.319002    -10.114104
      3.432500      0.000221     -0.319032    -10.113688
      3.432625      0.000436     -0.319791    -10.113271
      3.432750      0.000442     -0.320427    -10.112765
      3.432875      0.000352     -0.321039    -10.112188
      3.433000      0.000224     -0.321660    -10.111564
      3.433125      0.000068     -0.322301    -10.110892
      3.433250     -0.000092     -0.322979    -10.110179
      3.433375     -0.000239     -0.323697    -10.109439
      3.433500     -0.000378     -0.324451    -10.108671
      3.433625     -0.000518     -0.325251    -10.107856
      3.433750     -0.000668     -0.326112    -10.106971
      3.433875     -0.000817     -0.327057    -10.106000
      3.434000     -0.000921     -0.328083    -10.104996
      3.434125     -0.000928     -0.329028    -10.104170
      3.434250     -0.000847     -0.329769    -10.103633
      3.434375     -0.000706     -0.330432    -10.103237
      3.434500     -0.000559     -0.331118    -10.102823
      3.434625     -0.000465     -0.331841    -10.102319
      3.434750     -0.000357     -0.332592    -10.101801
      3.434875     -0.000084     -0.333270    -10.101521
      3.435000     -0.000004     -0.334012    -10.100985
      3.435125      0.000173     -0.334755    -10.100543
      3.435250      0.000350     -0.335569    -10.100032
      3.435375      0.000260     -0.336179    -10.099456
      3.435500      0.000044     -0.336736    -10.098808
      3.435625     -0.000220     -0.337314    -10.098091
      3.435750     -0.000470     -0.337962    -10.097319
      3.435875     -0.000701     -0.338692    -10.096483
      3.436000     -0.000923     -0.339525    -10.095552
      3.436125     -0.001148     -0.340494    -10.094483
      3.436250     -0.001339     -0.341671    -10.093240
      3.436375     -0.001296     -0.342772    -10.092307
      3.436500     -0.000991     -0.343437    -10.092072
      3.436625     -0.000683     -0.344188    -10.091754
      3.436750     -0.000469     -0.344970    -10.091312
      3.436875     -0.000346     -0.345730    -10.090799
      3.437000     -0.000296     -0.346458    -10.090246
      3.437125     -0.000301     -0.347155    -10.089669
      3.437250     -0.000345     -0.347828    -10.089077
      3.437375     -0.000412     -0.348489    -10.088474
      3.437500     -0.000486     -0.349149    -10.087866
      3.437625     -0.000551     -0.349818    -10.087255
      3.437750     -0.000592     -0.350509    -10.086649
      3.437875     -0.000593     -0.351229    -10.086053
      3.438000     -0.000547     -0.351980    -10.085473
      3.438125     -0.000460     -0.352746    -10.084919
      3.438250     -0.000353     -0.353503    -10.084395
      3.438375     -0.000248     -0.354223    -10.083905
      3.438500     -0.000168     -0.354885    -10.083447
      3.438625     -0.000131     -0.355477    -10.083017
      3.438750     -0.000134     -0.356011    -10.082606
      3.438875     -0.000128     -0.356543    -10.082204
      3.439000     -0.000018     -0.357182    -10.081800
      3.439125      0.000204     -0.357943    -10.081385
      3.439250      0.000428     -0.358727    -10.080951
      3.439375      0.000587     -0.359472    -10.080490
      3.439500      0.000667     -0.360168    -10.079999
      3.439625      0.000676     -0.360826    -10.079475
      3.439750      0.000627     -0.361463    -10.078915
      3.439875      0.000536     -0.362094    -10.078318
      3.440000      0.000416     -0.362735    -10.077680
      3.440125      0.000277     -0.363404    -10.076999
      3.440250      0.000131     -0.364115    -10.076266
      3.440375     -0.000019     -0.364884    -10.075472
      3.440500     -0.000174     -0.365725    -10.074601
      3.440625     -0.000337     -0.366661    -10.073627
      3.440750     -0.000475     -0.367737    -10.072537
      3.440875     -0.000471     -0.368805    -10.071599
      3.441000     -0.000267     -0.369493    -10.071239
      3.441125      0.000000     -0.370174    -10.070951
      3.441250      0.000225     -0.370916    -10.070559
      3.441375      0.000383     -0.371669    -10.070089
      3.441500      0.000477     -0.372409    -10.069568
      3.441625      0.000516     -0.373127    -10.069015
      3.441750      0.000512     -0.373823    -10.068440
      3.441875      0.000475     -0.374501    -10.067849
      3.442000      0.000414     -0.375166    -10.067248
      3.442125      0.000339     -0.375824    -10.066640
      3.442250      0.000258     -0.376484    -10.066025
      3.442375      0.000182     -0.377153    -10.065404
      3.442500      0.000117     -0.377840    -10.064778
      3.442625      0.000070     -0.378553    -10.064142
      3.442750      0.000041     -0.379293    -10.063498
      3.442875      0.000030     -0.380055    -10.062850
      3.443000      0.000035     -0.380828    -10.062207
      3.443125      0.000054     -0.381603    -10.061576
      3.443250      0.000072     -0.382374    -10.060949
      3.443375      0.000050     -0.383143    -10.060282
      3.443500     -0.000020     -0.383904    -10.059576
      3.443625     -0.000131     -0.384647    -10.058847
      3.443750     -0.000430     -0.385329    -10.057991
      3.443875     -0.000010     -0.384099    -10.059766
      3.444000     -0.000349     -0.386273    -10.057378
      3.444125      0.000252     -0.386954    -10.057422
      3.444250      0.000410     -0.387700    -10.056960
      3.444375      0.000354     -0.388377    -10.056353
      3.444500      0.000202     -0.389014    -10.055688
      3.444625      0.000019     -0.389651    -10.054994
      3.444750     -0.000138     -0.390318    -10.054294
      3.444875     -0.000248     -0.391029    -10.053598
      3.445000     -0.000290     -0.391797    -10.052913
      3.445125     -0.000256     -0.392621    -10.052249
      3.445250     -0.000164     -0.393463    -10.051623
      3.445375     -0.000060     -0.394270    -10.051045
      3.445500      0.000013     -0.394997    -10.050516
      3.445625      0.000029     -0.395628    -10.050026
      3.445750      0.000001     -0.396192    -10.049559
      3.445875      0.000038     -0.396815    -10.049098
      3.446000      0.000236     -0.397608    -10.048628
      3.446125      0.000466     -0.398457    -10.048134
      3.446250      0.000598     -0.399245    -10.047603
      3.446375      0.000607     -0.399952    -10.047030
      3.446500      0.000514     -0.400603    -10.046410
      3.446625      0.000352     -0.401231    -10.045746
      3.446750      0.000157     -0.401867    -10.045041
      3.446875     -0.000046     -0.402534    -10.044296
      3.447000     -0.000246     -0.403247    -10.043507
      3.447125     -0.000442     -0.404018    -10.042665
      3.447250     -0.000634     -0.404858    -10.041758
      3.447375     -0.000809     -0.405773    -10.040793
      3.447500     -0.000916     -0.406747    -10.039837
      3.447625     -0.000937     -0.407749    -10.038940
      3.447750     -0.000868     -0.408702    -10.038180
      3.447875     -0.000691     -0.409299    -10.037885
      3.448000      0.000249     -0.408540    -10.039709
      3.448125     -0.000071     -0.409669    -10.038385
      3.448250     -0.000108     -0.409995    -10.038147
      3.448375      0.000353     -0.410896    -10.037832
      3.448500      0.000535     -0.411654    -10.037381
      3.448625      0.000517     -0.412321    -10.036820
      3.448750      0.000419     -0.412985    -10.036184
      3.448875      0.000438     -0.413757    -10.035556
      3.449000     -0.000844     -0.415977    -10.032180
      3.449125     -0.000865     -0.416699    -10.031560
      3.449250     -0.000865     -0.231890    -10.216495
      3.449375      0.001291     -0.227158    -10.223507
      3.449500      0.000739     -0.223939    -10.226300
      3.449625     -0.000028     -0.219551    -10.230046
      3.449750     -0.000967     -0.214352    -10.234431
      3.449875     -0.000752     -0.210001    -10.239122
      3.450000     -0.000275     -0.205872    -10.243853
      3.450125     -0.000012     -0.201767    -10.248346
      3.450250      0.000100     -0.198579    -10.251771
      3.450375     -0.000022     -0.194396    -10.255957
      3.450500     -0.000204     -0.190243    -10.260053
      3.450625     -0.000336     -0.185169    -10.265121
      3.450750     -0.000657     -0.425796    -10.024297
      3.450875      0.000304     -0.425830    -10.025349
      3.451000      0.000142     -0.426802    -10.024341
      3.451125     -0.000000     -0.427993    -10.023132
      3.451250      0.000018     -0.428676    -10.022593
      3.451375     -0.000035     -0.429212    -10.022128
      3.451500     -0.000038     -0.429803    -10.021659
      3.451625      0.000021     -0.430467    -10.021180
      3.451750      0.000056     -0.431127    -10.020678
      3.451875      0.000108     -0.431949    -10.020035
      3.452000      0.000754     -0.433849    -10.018905
      3.452125      0.000605     -0.433949    -10.018780
      3.452250      0.000175     -0.434592    -10.017833
      3.452375      0.000439     -0.435219    -10.017595
      3.452500     -0.001646     -0.126672    -10.324182
      3.452625     -0.002073     -0.124453    -10.326100
      3.452750     -0.000168     -0.438829    -10.013753
      3.452875      0.000292     -0.439486    -10.013681
      3.453000      0.000123     -0.440305    -10.012818
      3.453125      0.000360     -0.439631    -10.013854
      3.453250     -0.000312     -0.441708    -10.011230
      3.453375     -0.000418     -0.442360    -10.010597
      3.453500     -0.000554     -0.443066    -10.009880
      3.453625      0.000472     -0.442277    -10.011820
      3.453750     -0.000666     -0.443590    -10.009494
      3.453875      0.000650     -0.444072    -10.010453
      3.454000      0.000083     -0.444343    -10.009740
      3.454125     -0.000165     -0.080825    -10.373136
      3.454250      0.000690     -0.446340    -10.008600
      3.454375     -0.000259     -0.448386    -10.005731
      3.454500     -0.000441     -0.448447    -10.005612
      3.454625     -0.000278     -0.449281    -10.005065
      3.454750     -0.000390     -0.450077    -10.004282
      3.454875     -0.000493     -0.451257    -10.003125
      3.455000      0.000139     -0.451468    -10.003671
      3.455125     -0.000755     -0.052925    -10.401444
      3.455250     -0.000239     -0.453277    -10.001735
      3.455375     -0.000379     -0.046214    -10.408782
      3.455500     -0.000444     -0.454867    -10.000189
      3.455625     -0.000179     -0.455209    -10.000237
      3.455750     -0.000857     -0.455347     -9.999546
      3.455875     -0.000031     -0.033198    -10.422646
      3.456000      0.000249     -0.457575     -9.998674
      3.456125      0.000203     -0.458166     -9.998163
      3.456250     -0.000161     -0.022970    -10.433119
      3.456375     -0.000280     -0.459475     -9.996620
      3.456500     -0.000005     -0.460323     -9.996172
      3.456625      0.000084     -0.461103     -9.995606
      3.456750     -0.000116     -0.461748     -9.994886
      3.456875      0.000345     -0.462675     -9.994545
      3.457000      0.000306     -0.004512    -10.452794
      3.457125      0.000523     -0.002195    -10.455452
      3.457250      0.000275     -0.464892     -9.992633
      3.457375     -0.000261     -0.002944    -10.454170
      3.457500      0.000104     -0.466411     -9.991193
      3.457625     -0.000808     -0.466832     -9.989985
      3.457750     -0.000494     -0.467557     -9.989699
      3.457875     -0.000063     -0.468536     -9.989276
      3.458000     -0.000065     -0.469235     -9.988700
      3.458125     -0.000608     -0.471149     -9.986369
      3.458250     -0.000328     -0.013588    -10.444334
      3.458375     -0.000172     -0.015189    -10.443013
      3.458500     -0.000483     -0.016815    -10.441203
      3.458625      0.000174     -0.472334     -9.986466
      3.458750      0.000172     -0.474557     -9.984365
      3.458875      0.000511     -0.474650     -9.984736
      3.459000      0.000569     -0.475468     -9.984101
      3.459125      0.000637     -0.476229     -9.983534
      3.459250      0.000702     -0.476816     -9.983136
      3.459375      0.000634     -0.477326     -9.982683
      3.459500      0.000636     -0.477946     -9.982190
      3.459625     -0.000103     -0.479656     -9.979866
      3.459750      0.000019     -0.032740    -10.427029
      3.459875     -0.001391     -0.034716    -10.423768
      3.460000     -0.000297     -0.036080    -10.423622
      3.460125     -0.000454     -0.482657     -9.977014
      3.460250     -0.000575     -0.483943     -9.975732
      3.460375      0.000229     -0.484234     -9.976370
      3.460500      0.000284     -0.485021     -9.975763
      3.460625     -0.000749     -0.486028     -9.973848
      3.460750     -0.000333     -0.486395     -9.974022
      3.460875      0.581541      0.000738    -11.043154
      3.461000      0.580128      0.002322    -11.043450
      3.461125      0.000988     -0.487697     -9.974415
      3.461250     -0.000588     -0.052439    -10.408224
      3.461375     -0.000772     -0.054151    -10.406453
      3.461500      0.000795     -0.056604    -10.405691
      3.461625     -0.000098     -0.491050     -9.970477
      3.461750      0.001239     -0.058655    -10.404333
      3.461875      0.000030     -0.493183     -9.968722
      3.462000      0.000008     -0.493940     -9.968068
      3.462125     -0.000186     -0.063884    -10.398055
      3.462250      0.000167     -0.495338     -9.967079
      3.462375      0.000193     -0.496281     -9.966287
      3.462500      0.000238     -0.497024     -9.965714
      3.462625     -0.000549     -0.498931     -9.963145
      3.462750      0.000905     -0.498618     -9.965037
      3.462875      0.001252     -0.073652    -10.390475
      3.463000     -0.000002     -0.077223    -10.385774
      3.463125     -0.001219     -0.501175     -9.960731
      3.463250      0.000220     -0.501226     -9.962244
      3.463375     -0.000231     -0.080635    -10.382508
      3.463500     -0.000152     -0.504347     -9.959001
      3.463625      0.000314     -0.503373     -9.960565
      3.463750     -0.000235     -0.504459     -9.959057
      3.463875     -0.000162     -0.506641     -9.957072
      3.464000     -0.000025     -0.507389     -9.956586
      3.464125     -0.000078     -0.508087     -9.955959
      3.464250      0.000379     -0.507168     -9.957461
      3.464375      0.000795     -0.507983     -9.957187
      3.464500      0.000781     -0.096832    -10.368449
      3.464625      0.000517     -0.097924    -10.367218
      3.464750      0.000614     -0.510509     -9.954856
      3.464875     -0.000091     -0.512237     -9.952547
      3.465000      0.000325     -0.511674     -9.953651
      3.465125     -0.000728     -0.514020     -9.950377
      3.465250      0.441749      0.000467    -10.907466
      3.465375      0.107962     -0.001890    -10.571447
      3.465500     -0.000265     -0.166840    -10.298395
      3.465625      0.454787     -0.001425    -10.918987
      3.465750      0.458723     -0.001680    -10.922794
      3.465875     -0.000371     -0.114931    -10.350574
      3.466000      0.000019     -0.519013     -9.947007
      3.466125      0.000408     -0.519806     -9.946727
      3.466250      0.000077     -0.121818    -10.344508
      3.466375      0.000409     -0.521356     -9.945428
      3.466500     -0.000745     -0.521879     -9.943876
      3.466625     -0.000483     -0.522683     -9.943460
      3.466750     -0.000515     -0.523404     -9.942831
      3.466875     -0.000594     -0.524185     -9.942097
      3.467000     -0.000158     -0.524980     -9.941862
      3.467125      0.000141     -0.525900     -9.941366
      3.467250      0.000105     -0.526645     -9.940710
      3.467375      0.000022     -0.527368     -9.940029
      3.467500     -0.000051     -0.528105     -9.939344
      3.467625     -0.000117     -0.528849     -9.938660
      3.467750     -0.000215     -0.529548     -9.937987
      3.467875     -0.000482     -0.530313     -9.937080
      3.468000     -0.000692     -0.531480     -9.935828
      3.468125      0.000281     -0.532002     -9.936404
      3.468250      0.000268     -0.148520    -10.319998
      3.468375      0.000656     -0.150326    -10.318705
      3.468500      0.000710     -0.152108    -10.317103
      3.468625      0.000737     -0.153897    -10.315465
      3.468750      0.000710     -0.155718    -10.313742
      3.468875      0.000652     -0.157546    -10.311981
      3.469000      0.000597     -0.159368    -10.310230
      3.469125      0.000495     -0.161187    -10.308433
      3.469250      0.000295     -0.162984    -10.306561
      3.469375     -0.000037     -0.164738    -10.304601
      3.469500     -0.000018     -0.541729     -9.927753
      3.469625     -0.000368     -0.542467     -9.926791
      3.469750     -0.000444     -0.543119     -9.926186
      3.469875      0.000242     -0.542292     -9.927825
      3.470000      0.000560     -0.543172     -9.927389
      3.470125      0.000546     -0.543917     -9.926755
      3.470250      0.000491     -0.544657     -9.926083
      3.470375      0.000433     -0.545422     -9.925387
      3.470500      0.000423     -0.546214     -9.924709
      3.470625     -0.000168     -0.548609     -9.921848
      3.470750     -0.000735     -0.549143     -9.920873
      3.470875     -0.000910     -0.549887     -9.920078
      3.471000     -0.000925     -0.550721     -9.919354
      3.471125     -0.000859     -0.551578     -9.918688
      3.471250     -0.000767     -0.552418     -9.918064
      3.471375     -0.000682     -0.553215     -9.917477
      3.471500     -0.000629     -0.553953     -9.916917
      3.471625     -0.000617     -0.554637     -9.916372
      3.471750     -0.000636     -0.555279     -9.915835
      3.471875     -0.000666     -0.555907     -9.915303
      3.472000     -0.000662     -0.556569     -9.914769
      3.472125     -0.000593     -0.557308     -9.914225
      3.472250     -0.000490     -0.558098     -9.913662
      3.472375     -0.000386     -0.558902     -9.913088
      3.472500     -0.000301     -0.559697     -9.912502
      3.472625     -0.000250     -0.560472     -9.911903
      3.472750     -0.000127     -0.561305     -9.911318
      3.472875      0.000023     -0.562134     -9.910764
      3.473000     -0.000073     -0.562865     -9.910062
      3.473125     -0.000183     -0.563591     -9.909351
      3.473250     -0.000241     -0.564363     -9.908646
      3.473375     -0.000218     -0.565194     -9.907963
      3.473500     -0.000117     -0.566068     -9.907314
      3.473625     -0.000054     -0.566899     -9.906672
      3.473750     -0.000262     -0.567564     -9.905924
      3.473875     -0.001163     -0.569158     -9.903554
      3.474000     -0.001150     -0.569371     -9.903480
      3.474125     -0.001304     -0.236593    -10.236228
      3.474250     -0.001340     -0.239449    -10.233461
      3.474375     -0.000600     -0.240318    -10.233458
      3.474500      0.000367     -0.572213     -9.902654
      3.474625      0.000022     -0.574502     -9.900145
      3.474750     -0.000697     -0.246019    -10.228034
      3.474875     -0.000307     -0.099498    -10.375071
      3.475000     -0.000234     -0.250046    -10.224719
      3.475125     -0.000535     -0.577367     -9.897222
      3.475250     -0.001190     -0.151842    -10.322218
      3.475375      0.000164     -0.578774     -9.896766
      3.475500     -0.000434     -0.579793     -9.895274
      3.475625      0.000566     -0.578926     -9.897265
      3.475750      0.000196     -0.579708     -9.896238
      3.475875      0.000664     -0.581357     -9.895183
      3.476000     -0.002120     -0.263660    -10.210220
      3.476125      0.000521     -0.582131     -9.894516
      3.476250     -0.000353     -0.584074     -9.891823
      3.476375     -0.000039     -0.585380     -9.890956
      3.476500      0.000249     -0.585633     -9.891116
      3.476625      0.000943     -0.275516    -10.202052
      3.476750     -0.001776     -0.404752    -10.070223
      3.476875     -0.000559     -0.586829     -9.889487
      3.477000     -0.000315     -0.589199     -9.887486
      3.477125      0.000180     -0.589547     -9.887758
      3.477250      0.000097     -0.590296     -9.887052
      3.477375     -0.000381     -0.287951    -10.189043
      3.477500      0.000594     -0.290192    -10.187902
      3.477625      0.000174     -0.591636     -9.886164
      3.477750      0.000165     -0.294134    -10.183781
      3.477875     -0.000322     -0.296269    -10.181284
      3.478000      0.000137     -0.595163     -9.882974
      3.478125      0.000594     -0.301880    -10.176839
      3.478250     -0.000041     -0.596695     -9.881513
      3.478375      0.000142     -0.597557     -9.880959
      3.478500     -0.000003     -0.598061     -9.880436
      3.478625     -0.000600     -0.308866    -10.169159
      3.478750     -0.001005     -0.310897    -10.166848
      3.478875     -0.000535     -0.313002    -10.165339
      3.479000      0.000520     -0.601304     -9.878216
      3.479125      0.000625     -0.602373     -9.877377
      3.479250     -0.000126     -0.602885     -9.876240
      3.479375     -0.001206     -0.604537     -9.873632
      3.479500      0.000507     -0.324802    -10.155204
      3.479625      0.000514     -0.605075     -9.875065
      3.479750     -0.000441     -0.327459    -10.151851
      3.479875      0.000644     -0.329164    -10.151355
      3.480000     -0.000301     -0.607821     -9.871879
      3.480125      0.000059     -0.608138     -9.872046
      3.480250      0.000791     -0.609030     -9.872011
      3.480375     -0.000263     -0.611593     -9.868519
      3.480500      0.000457     -0.611297     -9.869660
      3.480625      0.000201     -0.342293    -10.138533
      3.480750      0.000232     -0.613543     -9.867440
      3.480875     -0.000770     -0.953358     -9.526746
      3.481000     -0.000203     -0.615478     -9.865319
      3.481125      0.000140     -0.616296     -9.864969
      3.481250      0.000215     -0.617119     -9.864346
      3.481375      0.000422     -0.616281     -9.865516
      3.481500     -0.000328     -0.696224     -9.784949
      3.481625     -0.000102     -0.617896     -9.863628
      3.481750      0.000047     -0.361825    -10.119971
      3.481875      0.001163     -0.619567     -9.863471
      3.482000      0.000694     -0.367546    -10.115148
      3.482125     -0.000399     -0.620943     -9.860784
      3.482250      0.000339     -0.623080     -9.859510
      3.482375      0.000874     -0.372747    -10.110502
      3.482500     -0.000221     -0.624858     -9.857421
      3.482625     -0.000034     -0.624143     -9.858448
      3.482750     -0.000250     -0.626461     -9.856040
      3.482875      0.000017     -0.627206     -9.855686
      3.483000      0.000411     -0.628042     -9.855369
      3.483125      0.000343     -0.628837     -9.854632
      3.483250     -0.001129     -0.388185    -10.093937
      3.483375     -0.000419     -0.390292    -10.092663
      3.483500     -0.000326     -0.630964     -9.852210
      3.483625     -0.000024     -0.631881     -9.851721
      3.483750      0.000012     -0.632692     -9.851070
      3.483875      0.000161     -0.633569     -9.850467
      3.484000      0.000184     -0.634355     -9.849829
      3.484125      0.000228     -0.635157     -9.849195
      3.484250      0.000284     -0.635970     -9.848564
      3.484375      0.000417     -0.636825     -9.847967
      3.484500      0.000633     -0.637689     -9.847444
      3.484625      0.000528     -0.638050     -9.847104
      3.484750      0.000068     -0.639195     -9.845623
      3.484875     -0.000443     -0.639807     -9.844625
      3.485000     -0.000471     -0.640659     -9.843870
      3.485125     -0.000344     -0.641563     -9.843218
      3.485250     -0.000199     -0.642403     -9.842647
      3.485375     -0.000116     -0.643123     -9.842136
      3.485500     -0.000107     -0.643739     -9.841654
      3.485625     -0.000072     -0.644373     -9.841180
      3.485750      0.000147     -0.645202     -9.840695
      3.485875      0.000437     -0.646133     -9.840179
      3.486000      0.000633     -0.647016     -9.839617
      3.486125      0.000717     -0.647835     -9.839006
      3.486250      0.000718     -0.648614     -9.838353
      3.486375      0.000663     -0.649375     -9.837663
      3.486500      0.000579     -0.650135     -9.836943
      3.486625      0.000488     -0.650902     -9.836211
      3.486750      0.000421     -0.651688     -9.835483
      3.486875      0.000162     -0.654376     -9.832660
      3.487000     -0.000876     -0.654903     -9.831220
      3.487125     -0.000583     -0.655962     -9.830580
      3.487250     -0.000263     -0.656865     -9.830121
      3.487375     -0.000109     -0.657567     -9.829699
      3.487500     -0.000241     -0.658366     -9.828893
      3.487625      0.000127     -0.658738     -9.829015
      3.487750      0.000433     -0.659608     -9.828575
      3.487875     -0.000184     -0.660517     -9.827174
      3.488000     -0.000113     -0.476310    -10.011577
      3.488125     -0.000246     -0.478596    -10.009283
      3.488250     -0.000271     -0.480972    -10.007007
      3.488375     -0.000272     -0.483379    -10.004724
      3.488500     -0.000265     -0.485802    -10.002433
      3.488625     -0.000257     -0.488234    -10.000134
      3.488750     -0.000251     -0.490678     -9.997821
      3.488875     -0.000245     -0.493137     -9.995493
      3.489000     -0.000188     -0.495664     -9.993148
      3.489125      0.000066     -0.668484     -9.820707
      3.489250      0.000004     -0.669289     -9.819965
      3.489375      0.000053     -0.670030     -9.819398
      3.489500     -0.000288     -0.671837     -9.817375
      3.489625      0.000363     -0.671975     -9.818013
      3.489750      0.000156     -0.672736     -9.817169
      3.489875      0.000073     -0.673522     -9.816427
      3.490000      0.000077     -0.674342     -9.815736
      3.490125      0.000235     -0.675209     -9.815151
      3.490250      0.000854     -0.676119     -9.814985
      3.490375      0.000627     -0.676486     -9.814516
      3.490500      0.000241     -0.677513     -9.813228
      3.490625     -0.000232     -0.678368     -9.812025
      3.490750     -0.000317     -0.679185     -9.811249
      3.490875      0.000724     -0.679627     -9.811973
      3.491000     -0.000235     -0.535600     -9.955165
      3.491125      0.000923     -0.681517     -9.810531
      3.491250     -0.000129     -0.683990     -9.807131
      3.491375     -0.000075     -0.543236     -9.948064
      3.491500      0.000844     -0.683932     -9.808412
      3.491625     -0.000952     -0.425978    -10.064695
      3.491750     -0.000790     -0.437082    -10.053878
      3.491875     -0.001065     -0.448118    -10.042692
      3.492000      0.000473     -0.687142     -9.805331
      3.492125      0.000157     -0.689574     -9.802709
      3.492250     -0.000494     -0.689553     -9.802203
      3.492375      0.000168     -0.691043     -9.801500
      3.492500      0.000009     -0.566540     -9.925969
      3.492625      0.000047     -0.569123     -9.923549
      3.492750      0.000093     -0.693269     -9.799574
      3.492875      0.000127     -0.694149     -9.798854
      3.493000     -0.000044     -0.695182     -9.797774
      3.493125      0.000346     -0.695838     -9.797633
      3.493250      0.000258     -0.696746     -9.796762
      3.493375     -0.000394     -0.697596     -9.795385
      3.493500      0.000474     -0.698512     -9.795462
      3.493625      0.000423     -0.699285     -9.794762
      3.493750     -0.000185     -0.592976     -9.900588
      3.493875     -0.000878     -0.700388     -9.792609
      3.494000     -0.001080     -0.664661     -9.828260
      3.494125     -0.000206     -0.702359     -9.791560
      3.494250      0.000249     -0.703460     -9.791040
      3.494375      0.000167     -0.606476     -9.888066
      3.494500      0.000158     -0.705033     -9.789625
      3.494625      0.000636     -0.738516     -9.756745
      3.494750      0.000065     -0.706726     -9.788089
      3.494875     -0.000369     -0.617151     -9.877355
      3.495000     -0.000248     -0.708207     -9.786546
      3.495125      0.000706     -0.622650     -9.873180
      3.495250      0.000656     -0.710211     -9.785695
      3.495375      0.000400     -0.710938     -9.784838
      3.495500     -0.000074     -0.711705     -9.783721
      3.495625     -0.000921     -0.712512     -9.782192
      3.495750     -0.000803     -0.713231     -9.781715
      3.495875      0.001269     -0.913404     -9.583740
      3.496000     -0.000020     -0.715113     -9.780867
      3.496125     -0.000963     -0.716054     -9.779108
      3.496250      0.000817     -0.716514     -9.780553
      3.496375      0.000784     -0.717199     -9.779960
      3.496500     -0.000090     -0.719915     -9.776495
      3.496625     -0.000704     -0.656068     -9.839852
      3.496750     -0.000230     -0.719759     -9.776761
      3.496875     -0.000422     -0.722249     -9.774204
      3.497000     -0.000421     -0.723017     -9.773562
      3.497125     -0.000394     -0.667405     -9.829326
      3.497250      0.000472     -0.723038     -9.774684
      3.497375      0.000481     -0.723902     -9.773954
      3.497500     -0.000391     -0.726533     -9.770575
      3.497625      0.000454     -1.230545     -9.267534
      3.497750      0.000206     -0.728308     -9.769648
      3.497875     -0.000864     -0.728810     -9.768201
      3.498000      0.000131     -0.727980     -9.770152
      3.498125      0.000140     -0.728818     -9.769447
      3.498250     -0.000923     -0.731371     -9.765957
      3.498375      0.001656     -1.406643     -9.093388
      3.498500     -0.000588     -0.733311     -9.764601
      3.498625     -0.000798     -0.702116     -9.795710
      3.498750      0.001126     -0.734335     -9.765542
      3.498875     -0.000451     -1.545700     -8.952724
      3.499000     -0.001248     -1.583293     -8.914459
      3.499125     -0.000879     -0.736867     -9.761379
      3.499250     -0.000553     -0.738161     -9.760535
      3.499375     -0.000689     -0.738666     -9.760020
      3.499500     -0.000724     -0.723477     -9.775300
      3.499625      0.000102     -0.740501     -9.759227
      3.499750     -0.000305     -0.741185     -9.758260
      3.499875      0.000386     -0.732076     -9.768185
      3.500000     -0.000127     -0.742977     -9.756896
      3.500125      0.000184     -2.004564     -8.495745
      3.500250      0.001140     -0.741313     -9.760077
      3.500375      0.000056     -0.745625     -9.754805
      3.500500      0.000210     -0.746458     -9.754251
      3.500625     -0.000305     -0.747168     -9.753153
      3.500750     -0.000798     -0.753352     -9.746600
      3.500875      0.000585     -0.748883     -9.752577
      3.501000      0.000391     -0.749419     -9.751972
      3.501125      0.000867     -0.750904     -9.751088
      3.501250      0.000172     -0.751623     -9.749800
      3.501375     -0.000029     -0.752414     -9.748932
      3.501500      0.000661     -0.752877     -9.749284
      3.501625     -0.000304     -0.754076     -9.747245
      3.501750      0.000350     -0.778316     -9.723785
      3.501875      0.000558     -0.781496     -9.720937
      3.502000     -0.000604     -0.757907     -9.743489
      3.502125     -0.000177     -0.757596     -9.744351
      3.502250     -0.000749     -0.791028     -9.710473
      3.502375      0.001014     -0.792739     -9.710649
      3.502500      0.000210     -5.252509     -5.250201
      3.502625     -0.000390     -5.250819     -5.251416
      3.502750     -0.000239     -0.761509     -9.741002
      3.502875      0.000132     -0.762448     -9.740559
      3.503000      0.000110     -0.763163     -9.739946
      3.503125      0.000227     -0.765861     -9.737491
      3.503250      0.000553     -0.816919     -9.686884
      3.503375      0.000707     -0.765779     -9.738303
      3.503500     -0.000518     -0.768464     -9.734519
      3.503625      0.000224     -0.768933     -9.734916
      3.503750      0.000011     -0.770018     -9.733742
      3.503875     -0.000852     -0.770834     -9.732189
      3.504000      0.000122     -0.771372     -9.732750
      3.504125      0.000437     -0.772311     -9.732251
      3.504250      0.000418     -0.773160     -9.731508
      3.504375      0.000333     -0.773982     -9.730725
      3.504500      0.000302     -0.774838     -9.729964
      3.504625      0.000448     -0.775827     -9.729245
      3.504750      0.000728     -0.776742     -9.728736
      3.504875      0.000817     -0.776941     -9.728751
      3.505000     -0.000178     -0.778119     -9.726702
      3.505125     -0.000166     -0.779175     -9.725785
      3.505250      0.001172     -0.869909     -9.636513
      3.505375      0.001243     -0.873225     -9.633393
      3.505500      0.001285     -0.876639     -9.630147
      3.505625      0.001309     -0.880108     -9.626826
      3.505750      0.001308     -0.883612     -9.623446
      3.505875      0.001273     -0.887131     -9.620017
      3.506000      0.001168     -0.890654     -9.616515
      3.506125      0.000898     -0.894126     -9.612897
      3.506250      0.000114     -0.897391     -9.608974
      3.506375      0.000103     -0.789006     -9.717472
      3.506500     -0.000494     -0.790058     -9.715948
      3.506625     -0.000559     -0.790935     -9.715132
      3.506750     -0.000153     -0.790530     -9.716067
      3.506875      0.000197     -0.791108     -9.715964
      3.507000      0.000243     -0.791840     -9.715402
      3.507125      0.000283     -0.792706     -9.714702
      3.507250      0.000276     -0.793576     -9.713950
      3.507375      0.000166     -0.794414     -9.713127
      3.507500     -0.000101     -0.795248     -9.712150
      3.507625     -0.000900     -0.797695     -9.709031
      3.507750     -0.000394     -0.798791     -9.708565
      3.507875     -0.000316     -0.799748     -9.707811
      3.508000     -0.000347     -0.800610     -9.707044
      3.508125     -0.000399     -0.801454     -9.706273
      3.508250     -0.000437     -0.802310     -9.705503
      3.508375     -0.000443     -0.803194     -9.704738
      3.508500     -0.000408     -0.804109     -9.703984
      3.508625     -0.000335     -0.805042     -9.703249
      3.508750     -0.000240     -0.805973     -9.702537
      3.508875     -0.000148     -0.806878     -9.701849
      3.509000     -0.000076     -0.807741     -9.701183
      3.509125     -0.000036     -0.808553     -9.700536
      3.509250     -0.000033     -0.809312     -9.699904
      3.509375     -0.000056     -0.810035     -9.699284
      3.509500     -0.000061     -0.810771     -9.698668
      3.509625      0.000022     -0.811597     -9.698050
      3.509750      0.000193     -0.812523     -9.697420
      3.509875      0.000378     -0.813480     -9.696773
      3.510000      0.000517     -0.814416     -9.696101
      3.510125      0.000596     -0.815319     -9.695401
      3.510250      0.000618     -0.816193     -9.694675
      3.510375      0.000594     -0.817046     -9.693923
      3.510500      0.000533     -0.817887     -9.693146
      3.510625      0.000444     -0.818725     -9.692344
      3.510750      0.000333     -0.819567     -9.691516
      3.510875      0.000208     -0.820417     -9.690666
      3.511000      0.000077     -0.821273     -9.689804
      3.511125     -0.000057     -0.822131     -9.688937
      3.511250     -0.000183     -0.822976     -9.688092
      3.511375     -0.000257     -0.823787     -9.687331
      3.511500      0.000143     -0.824898     -9.686745
      3.511625     -0.000189     -0.825679     -9.685756
      3.511750      0.000090     -0.826740     -9.685099
      3.511875      0.000254     -0.827604     -9.684525
      3.512000      0.000265     -0.828269     -9.683996
      3.512125      0.000218     -0.828870     -9.683473
      3.512250      0.000361     -0.829688     -9.682923
      3.512375      0.000616     -0.830661     -9.682330
      3.512500      0.000773     -0.831589     -9.681684
      3.512625      0.000795     -0.832443     -9.680977
      3.512750      0.000713     -0.833253     -9.680210
      3.512875      0.000562     -0.834055     -9.679382
      3.513000      0.000372     -0.834878     -9.678494
      3.513125      0.000166     -0.835749     -9.677542
      3.513250     -0.000043     -0.836691     -9.676517
      3.513375     -0.000248     -0.837725     -9.675403
      3.513500     -0.000456     -0.838874     -9.674171
      3.513625     -0.000649     -0.840190     -9.672787
      3.513750     -0.000688     -0.841618     -9.671445
      3.513875     -0.000467     -0.842610     -9.670798
      3.514000     -0.000175     -0.843555     -9.670271
      3.514125      0.000050     -0.844561     -9.669614
      3.514250      0.000186     -0.845566     -9.668871
      3.514375      0.000244     -0.846543     -9.668076
      3.514500      0.000238     -0.847487     -9.667251
      3.514625      0.000185     -0.848404     -9.666406
      3.514750      0.000101     -0.849301     -9.665549
      3.514875     -0.000001     -0.850189     -9.664685
      3.515000     -0.000105     -0.851078     -9.663817
      3.515125     -0.000194     -0.851979     -9.662952
      3.515250     -0.000254     -0.852901     -9.662095
      3.515375     -0.000274     -0.853848     -9.661253
      3.515500     -0.000256     -0.854808     -9.660436
      3.515625     -0.000216     -0.855758     -9.659650
      3.515750     -0.000178     -0.856671     -9.658901
      3.515875     -0.000165     -0.857521     -9.658189
      3.516000     -0.000194     -0.858297     -9.657509
      3.516125     -0.000265     -0.859008     -9.656852
      3.516250     -0.000324     -0.859719     -9.656207
      3.516375     -0.000265     -0.860549     -9.655561
      3.516500     -0.000092     -0.861504     -9.654904
      3.516625      0.000077     -0.862477     -9.654226
      3.516750      0.000175     -0.863406     -9.653519
      3.516875      0.000194     -0.864288     -9.652781
      3.517000      0.000144     -0.865136     -9.652008
      3.517125      0.000042     -0.865968     -9.651200
      3.517250     -0.000097     -0.866800     -9.650353
      3.517375     -0.000259     -0.867649     -9.649467
      3.517500     -0.000431     -0.868530     -9.648538
      3.517625     -0.000605     -0.869458     -9.647562
      3.517750     -0.000776     -0.870445     -9.646529
      3.517875     -0.000946     -0.871500     -9.645428
      3.518000     -0.001118     -0.872640     -9.644243
      3.518125     -0.001266     -0.873897     -9.642962
      3.518250     -0.001306     -0.875224     -9.641720
      3.518375     -0.001172     -0.876259     -9.640944
      3.518500     -0.000951     -0.877151     -9.640398
      3.518625     -0.000742     -0.878091     -9.639792
      3.518750     -0.000582     -0.879055     -9.639113
      3.518875     -0.000472     -0.880016     -9.638387
      3.519000     -0.000401     -0.880965     -9.637634
      3.519125     -0.000353     -0.881903     -9.636869
      3.519250     -0.000311     -0.882835     -9.636105
      3.519375     -0.000239     -0.883776     -9.635359
      3.519500     -0.000073     -0.884758     -9.634669
      3.519625      0.000244     -0.885716     -9.634153
      3.519750      0.000525     -0.884883     -9.635393
      3.519875      0.000412     -0.885686     -9.634600
      3.520000      0.000171     -0.886435     -9.633736
      3.520125     -0.000065     -0.887320     -9.632741
      3.520250     -0.000274     -0.888363     -9.631613
      3.520375     -0.000471     -0.889575     -9.630329
      3.520500     -0.000642     -0.891029     -9.628829
      3.520625     -0.000541     -0.892465     -9.627619
      3.520750     -0.000166     -0.893390     -9.627194
      3.520875      0.000159     -0.894388     -9.626646
      3.521000      0.000357     -0.895395     -9.625961
      3.521125      0.000442     -0.896365     -9.625203
      3.521250      0.000442     -0.897288     -9.624404
      3.521375      0.000383     -0.898178     -9.623580
      3.521500      0.000293     -0.899051     -9.622742
      3.521625      0.000196     -0.899924     -9.621897
      3.521750      0.000109     -0.900809     -9.621050
      3.521875      0.000047     -0.901715     -9.620207
      3.522000      0.000012     -0.902642     -9.619370
      3.522125     -0.000013     -0.903577     -9.618535
      3.522250     -0.000079     -0.904481     -9.617689
      3.522375     -0.000144     -0.905287     -9.616944
      3.522500     -0.000494     -0.906615     -9.615391
      3.522625     -0.000533     -0.908414     -9.613678
      3.522750      0.000088     -0.909296     -9.613542
      3.522875      0.000604     -0.910091     -9.613388
      3.523000      0.000783     -0.910955     -9.612828
      3.523125      0.000625     -0.912151     -9.611599
      3.523250      0.000548     -0.911484     -9.612314
      3.523375      0.000543     -0.912526     -9.611392
      3.523500      0.000567     -0.913330     -9.610737
      3.523625     -0.000401     -0.914647     -9.608577
      3.523750      0.000857     -1.525460     -8.999147
      3.523875      0.000513     -1.529852     -8.994536
      3.524000     -0.000010     -1.535704     -8.988286
      3.524125     -0.000227     -1.541635     -8.982263
      3.524250     -0.000325     -1.547602     -8.976323
      3.524375     -0.000363     -1.553603     -8.970409
      3.524500     -0.000365     -1.559636     -8.964499
      3.524625     -0.000345     -1.565702     -8.958578
      3.524750     -0.000310     -1.571802     -8.952638
      3.524875     -0.000265     -1.577938     -8.946672
      3.525000     -0.000213     -1.584109     -8.940678
      3.525125     -0.000155     -1.590318     -8.934652
      3.525250     -0.000093     -1.596564     -8.928593
      3.525375     -0.000028     -1.602848     -8.922499
      3.525500      0.000039     -1.609171     -8.916368
      3.525625      0.000107     -1.615533     -8.910199
      3.525750      0.000176     -1.621934     -8.903992
      3.525875      0.000246     -1.628375     -8.897746
      3.526000      0.000315     -1.634856     -8.891460
      3.526125      0.000385     -1.641376     -8.885133
      3.526250      0.000452     -1.647937     -8.878766
      3.526375      0.000518     -1.654537     -8.872355
      3.526500      0.000579     -1.661178     -8.865901
      3.526625      0.000635     -1.667858     -8.859402
      3.526750      0.000682     -1.674578     -8.852855
      3.526875      0.000717     -1.681336     -8.846257
      3.527000      0.000734     -1.688130     -8.839603
      3.527125      0.000720     -1.694960     -8.832885
      3.527250      0.000657     -1.701823     -8.826085
      3.527375      0.000508     -1.708731     -8.819152
      3.527500      0.000477     -1.716021     -8.811957
      3.527625      0.001042     -1.724389     -8.804278
      3.527750     -0.000073     -0.946418     -9.581259
      3.527875     -0.000145     -0.947403     -9.580327
      3.528000     -0.000442     -0.948286     -9.579272
      3.528125     -0.000562     -0.949223     -9.578340
      3.528250     -0.000460     -0.950017     -9.577773
      3.528375     -0.000409     -0.951057     -9.576909
      3.528500     -0.000301     -0.952138     -9.576061
      3.528625     -0.000130     -0.953186     -9.575309
      3.528750     -0.000049     -0.954146     -9.574554
      3.528875     -0.000034     -0.955062     -9.573779
      3.529000     -0.000052     -0.955959     -9.572990
      3.529125     -0.000092     -0.956852     -9.572182
      3.529250     -0.000153     -0.957767     -9.571330
      3.529375     -0.000229     -0.958750     -9.570395
      3.529500      0.000441     -0.960043     -9.569898
      3.529625     -0.000898     -0.961829     -9.566898
      3.529750     -0.000526     -0.962885     -9.566339
      3.529875     -0.000409     -0.963951     -9.565516
      3.530000     -0.000412     -0.964938     -9.564651
      3.530125     -0.000468     -0.965883     -9.563775
      3.530250     -0.000542     -0.966812     -9.562896
      3.530375     -0.000611     -0.967745     -9.562019
      3.530500     -0.000657     -0.968695     -9.561148
      3.530625     -0.000665     -0.969673     -9.560287
      3.530750     -0.000630     -0.970677     -9.559443
      3.530875     -0.000560     -0.971695     -9.558621
      3.531000     -0.000473     -0.972704     -9.557823
      3.531125     -0.000389     -0.973685     -9.557051
      3.531250     -0.000324     -0.974622     -9.556304
      3.531375     -0.000290     -0.975506     -9.555580
      3.531500     -0.000292     -0.976336     -9.554872
      3.531625     -0.000316     -0.977135     -9.554173
      3.531750     -0.000315     -0.977960     -9.553475
      3.531875     -0.000229     -0.978877     -9.552769
      3.532000     -0.000074     -0.979879     -9.552046
      3.532125      0.000083     -0.980904     -9.551304
      3.532250      0.000200     -0.981909     -9.550541
      3.532375      0.000265     -0.982886     -9.549754
      3.532500      0.000278     -0.983835     -9.548943
      3.532625      0.000246     -0.984764     -9.548107
      3.532750      0.000183     -0.985680     -9.547253
      3.532875      0.000099     -0.986587     -9.546388
      3.533000      0.000014     -0.987486     -9.545528
      3.533125      0.000048     -0.988427     -9.544747
      3.533250     -0.000108     -0.989339     -9.543803
      3.533375     -0.000147     -0.990311     -9.542917
      3.533500     -0.000063     -0.991364     -9.542073
      3.533625      0.000087     -0.992425     -9.541287
      3.533750      0.000216     -0.993404     -9.540562
      3.533875      0.000272     -0.994256     -9.539890
      3.534000      0.000238     -0.994990     -9.539248
      3.534125      0.000209     -0.995724     -9.538610
      3.534250      0.000356     -0.996647     -9.537959
      3.534375      0.000596     -0.997695     -9.537276
      3.534500      0.000756     -0.998708     -9.536548
      3.534625      0.000807     -0.999660     -9.535772
      3.534750      0.000780     -1.000576     -9.534953
      3.534875      0.000711     -1.001484     -9.534102
      3.535000      0.000643     -1.002408     -9.533235
      3.535125      0.000624     -1.003372     -9.532377
      3.535250      0.000740     -1.004435     -9.531555
      3.535375     -0.000291     -1.007326     -9.527758
      3.535500      0.000104     -1.007977     -9.527627
      3.535625      0.000520     -1.008492     -9.527654
      3.535750      0.000635     -1.008952     -9.527433
      3.535875      0.000575     -1.009751     -9.526699
      3.536000      0.000091     -1.012140     -9.523952
      3.536125      0.000242     -1.013103     -9.523264
      3.536250      0.000456     -1.012361     -9.524345
      3.536375      0.000071     -1.014518     -9.521927
      3.536500     -0.000398     -2.351925     -8.184178
      3.536625     -0.000421     -2.363575     -8.172630
      3.536750     -0.000336     -2.375287     -8.161127
      3.536875     -0.000220     -2.387081     -8.149574
      3.537000     -0.000094     -2.398979     -8.137927
      3.537125      0.000024     -2.410998     -8.126151
      3.537250      0.000098     -2.423159     -8.114189
      3.537375     -0.000091     -1.020934     -9.516350
      3.537500      0.000395     -1.023497     -9.514398
      3.537625     -0.000673     -1.024398     -9.512554
      3.537750     -0.000393     -1.025317     -9.512041
      3.537875     -0.000668     -1.026176     -9.511031
      3.538000     -0.000402     -1.027119     -9.510479
      3.538125      0.000216     -1.028370     -9.509971
      3.538250      0.000220     -1.029365     -9.509105
      3.538375      0.000146     -1.030314     -9.508207
      3.538500      0.000063     -1.031263     -9.507301
      3.538625     -0.000013     -1.032219     -9.506393
      3.538750     -0.000078     -1.033186     -9.505486
      3.538875     -0.000136     -1.034159     -9.504580
      3.539000     -0.000197     -1.035128     -9.503674
      3.539125     -0.000286     -1.036074     -9.502765
      3.539250     -0.000345     -1.037017     -9.501888
      3.539375     -0.000540     -1.037877     -9.500958
      3.539500     -0.000941     -1.039343     -9.499216
      3.539625     -0.001054     -1.041215     -9.497356
      3.539750     -0.000631     -1.042495     -9.496625
      3.539875     -0.000153     -1.043549     -9.496173
      3.540000      0.000125     -1.044621     -9.495504
      3.540125      0.000223     -1.045649     -9.494699
      3.540250      0.000194     -1.046660     -9.493784
      3.540375     -0.000017     -1.047640     -9.492719
      3.540500      0.000466     -1.046723     -9.494243
      3.540625      0.000809     -1.047645     -9.493789
      3.540750      0.000382     -1.048409     -9.492723
      3.540875      0.000273     -1.049393     -9.491755
      3.541000      0.000325     -1.051929     -9.489396
      3.541125      0.000589     -1.052423     -9.489291
      3.541250      0.000265     -1.052604     -9.488910
      3.541375      0.000665     -2.904531     -7.637509
      3.541500      0.000610     -2.922367     -7.619743
      3.541625      0.000622     -2.940587     -7.601660
      3.541750      0.000669     -2.959110     -7.583309
      3.541875      0.000736     -2.977931     -7.564680
      3.542000      0.000812     -2.997055     -7.545757
      3.542125      0.000889     -3.016488     -7.526527
      3.542250      0.000959     -3.036235     -7.506973
      3.542375      0.001009     -3.056302     -7.487081
      3.542500      0.001029     -3.076693     -7.466836
      3.542625      0.001009     -3.097411     -7.446223
      3.542750      0.000940     -3.118465     -7.425225
      3.542875      0.000816     -3.139867     -7.403824
      3.543000      0.000628     -3.161636     -7.381992
      3.543125      0.000377     -3.183809     -7.359693
      3.543250      0.000124     -3.206475     -7.336899
      3.543375      0.000080     -3.229699     -7.313756
      3.543500      0.000311     -3.253160     -7.290651
      3.543625      0.000606     -3.277003     -7.267228
      3.543750      0.000870     -3.301424     -7.243196
      3.543875      0.001081     -3.326460     -7.218496
      3.544000      0.001164     -3.352136     -7.193028
      3.544125      0.000465     -3.378575     -7.166015
      3.544250      0.000024     -1.077985     -9.466289
      3.544375      0.000047     -1.079059     -9.465363
      3.544500     -0.000403     -1.080727     -9.463371
      3.544625      0.000439     -1.080987     -9.464077
      3.544750      0.000475     -1.081916     -9.463309
      3.544875      0.000270     -1.082600     -9.462545
      3.545000     -0.000833     -1.085334     -9.458833
      3.545125      0.000913     -1.085571     -9.460467
      3.545250      0.000718     -1.086254     -9.459714
      3.545375      0.000558     -1.087217     -9.458716
      3.545500      0.000502     -1.088199     -9.457803
      3.545625      0.000521     -1.089213     -9.456934
      3.545750      0.000548     -1.090336     -9.455962
      3.545875      0.000528     -1.091706     -9.454698
      3.546000      0.000375     -1.093232     -9.453144
      3.546125     -0.000075     -1.094768     -9.451282
      3.546250      0.000482     -1.093592     -9.453140
      3.546375     -0.000051     -1.094603     -9.451720
      3.546500     -0.000383     -1.095939     -9.450178
      3.546625     -0.000631     -1.097503     -9.448491
      3.546750     -0.000651     -1.099168     -9.446931
      3.546875     -0.000390     -1.100308     -9.446177
      3.547000     -0.000121     -1.101384     -9.445495
      3.547125      0.000032     -1.102439     -9.444718
      3.547250      0.000065     -1.103385     -9.443930
      3.547375     -0.000112     -1.104141     -9.443122
      3.547500      0.000678     -1.104428     -9.443751
      3.547625      0.000824     -1.105222     -9.443227
      3.547750      0.000878     -1.106237     -9.442391
      3.547875     -0.000343     -1.108791     -9.438742
      3.548000     -0.000530     -1.109971     -9.437500
      3.548125     -0.000267     -5.273992     -5.273867
      3.548250     -0.000373     -5.273723     -5.274154
      3.548375     -0.000423     -5.273708     -5.274244
      3.548500     -0.000392     -5.273685     -5.274423
      3.548625     -0.000250     -5.273497     -5.274878
      3.548750      0.000027     -5.273427     -5.275351
      3.548875      0.000407     -5.276210     -5.273072
      3.549000     -0.000126     -1.117963     -9.430912
      3.549125      0.000570     -1.117732     -9.431963
      3.549250      0.000445     -1.119700     -9.429995
      3.549375     -0.000058     -1.120633     -9.428683
      3.549500     -0.000063     -1.121694     -9.427743
      3.549625     -0.000013     -1.122769     -9.426843
      3.549750      0.000002     -1.123835     -9.425917
      3.549875     -0.000133     -1.124794     -9.424947
      3.550000     -0.000361     -1.125907     -9.423732
      3.550125     -0.000510     -1.127373     -9.422242
      3.550250     -0.000580     -1.129017     -9.420653
      3.550375     -0.000364     -1.130310     -9.419701
      3.550500     -0.000067     -1.131318     -9.419115
      3.550625      0.000156     -1.132389     -9.418392
      3.550750      0.000291     -1.133484     -9.417557
      3.550875      0.000360     -1.134579     -9.416656
      3.551000      0.000383     -1.135664     -9.415719
      3.551125      0.000372     -1.136738     -9.414759
      3.551250      0.000329     -1.137802     -9.413777
      3.551375      0.000260     -1.138860     -9.412775
      3.551500      0.000172     -1.139912     -9.411760
      3.551625      0.000061     -1.140957     -9.410729
      3.551750     -0.000078     -1.141984     -9.409688
      3.551875     -0.000282     -1.142935     -9.408659
      3.552000      0.000219     -1.142030     -9.410189
      3.552125      0.000771     -1.143164     -9.409732
      3.552250      0.000551     -1.144059     -9.408742
      3.552375      0.000271     -1.145058     -9.407588
      3.552500     -0.000001     -1.146199     -9.406300
      3.552625     -0.000267     -1.147498     -9.404860
      3.552750     -0.000490     -1.149011     -9.403249
      3.552875     -0.000467     -1.150521     -9.401887
      3.553000     -0.000201     -1.151568     -9.401231
      3.553125      0.000051     -1.152660     -9.400516
      3.553250      0.000206     -1.153783     -9.399674
      3.553375      0.000272     -1.154889     -9.398758
      3.553500      0.000268     -1.155966     -9.397802
      3.553625      0.000214     -1.157017     -9.396822
      3.553750      0.000127     -1.158048     -9.395828
      3.553875      0.000024     -1.159072     -9.394827
      3.554000     -0.000079     -1.160096     -9.393825
      3.554125     -0.000168     -1.161130     -9.392827
      3.554250     -0.000231     -1.162180     -9.391839
      3.554375     -0.000262     -1.163248     -9.390865
      3.554500     -0.000260     -1.164331     -9.389910
      3.554625     -0.000230     -1.165417     -9.388978
      3.554750     -0.000187     -1.166492     -9.388072
      3.554875     -0.000139     -1.167548     -9.387188
      3.555000     -0.000092     -1.168587     -9.386321
      3.555125     -0.000042     -1.169625     -9.385458
      3.555250      0.000014     -1.170705     -9.384559
      3.555375     -0.000183     -1.171939     -9.383253
      3.555500      0.000133     -1.173412     -9.382222
      3.555625      0.000642     -1.173969     -9.382297
      3.555750      0.000638     -1.175095     -9.381292
      3.555875      0.000469     -1.176183     -9.380161
      3.556000      0.000261     -1.177196     -9.379066
      3.556125      0.000107     -1.178199     -9.378032
      3.556250      0.000080     -1.179244     -9.377086
      3.556375      0.000475     -1.180363     -9.376487
      3.556500      0.000586     -1.180951     -9.376135
      3.556625     -0.000113     -1.182237     -9.374275
      3.556750     -0.000773     -1.183450     -9.372527
      3.556875     -0.000036     -1.184360     -9.372479
      3.557000     -0.000145     -1.185277     -9.371578
      3.557125     -0.000348     -1.188041     -9.368736
      3.557250      0.000418     -1.188113     -9.369555
      3.557375      0.000257     -3.975544     -6.582088
      3.557500      0.000096     -3.924826     -6.632771
      3.557625      0.000019     -3.876179     -6.681465
      3.557750     -0.000050     -3.829466     -6.728234
      3.557875     -0.000155     -3.784517     -6.773203
      3.558000     -0.000327     -3.741175     -6.816498
      3.558125     -0.000583     -3.699277     -6.858265
      3.558250     -0.000863     -3.658534     -6.898853
      3.558375     -0.000903     -3.618909     -6.938563
      3.558500     -0.000637     -3.580699     -6.977164
      3.558625     -0.000319     -3.543716     -7.014590
      3.558750     -0.000017     -3.507822     -7.050910
      3.558875      0.000270     -3.472941     -7.086205
      3.559000      0.000539     -3.438997     -7.120542
      3.559125      0.000768     -3.405913     -7.153980
      3.559250      0.000925     -3.373608     -7.186568
      3.559375      0.000966     -3.342003     -7.218339
      3.559500      0.000829     -3.311027     -7.249303
      3.559625      0.000450     -3.280652     -7.279423
      3.559750      0.000085     -3.251125     -7.308709
      3.559875      0.000489     -3.221954     -7.338410
      3.560000      0.000958     -3.193219     -7.367739
      3.560125      0.001248     -3.165136     -7.396238
      3.560250      0.000853     -3.137882     -7.423221
      3.560375      0.000023     -1.215372     -9.345026
      3.560500      0.000149     -1.216578     -9.344071
      3.560625     -0.000043     -1.217563     -9.343020
      3.560750     -0.000006     -1.218681     -9.342063
      3.560875      0.000120     -1.219803     -9.341192
      3.561000     -0.000022     -1.220605     -9.340373
      3.561125      0.000098     -1.222016     -9.339207
      3.561250     -0.000060     -1.223031     -9.338159
      3.561375     -0.000110     -1.224098     -9.337166
      3.561500     -0.000082     -1.225207     -9.336212
      3.561625      0.000034     -1.226348     -9.335311
      3.561750      0.000358     -1.227523     -9.334585
      3.561875      0.000851     -1.229322     -9.333405
      3.562000      0.000651     -1.229165     -9.333486
      3.562125      0.000443     -1.230364     -9.332204
      3.562250      0.000193     -1.231534     -9.330909
      3.562375     -0.000058     -1.232712     -9.329605
      3.562500     -0.000286     -1.233942     -9.328272
      3.562625     -0.000491     -1.235238     -9.326896
      3.562750     -0.000669     -1.236626     -9.325455
      3.562875     -0.000767     -1.238126     -9.323982
      3.563000     -0.000709     -1.239535     -9.322755
      3.563125     -0.000526     -1.240667     -9.321931
      3.563250     -0.000313     -1.241767     -9.321170
      3.563375     -0.000123     -1.242900     -9.320353
      3.563500      0.000027     -1.244046     -9.319482
      3.563625      0.000137     -1.245187     -9.318576
      3.563750      0.000212     -1.246313     -9.317649
      3.563875      0.000257     -1.247419     -9.316713
      3.564000      0.000276     -1.248502     -9.315774
      3.564125      0.000272     -1.249556     -9.314842
      3.564250      0.000250     -1.250573     -9.313928
      3.564375      0.000218     -1.251552     -9.313042
      3.564500      0.000207     -1.252493     -9.312214
      3.564625      0.000319     -1.253460     -9.311484
      3.564750      0.000915     -1.254446     -9.311219
      3.564875      0.001187     -1.254444     -9.311618
      3.565000      0.000627     -1.255384     -9.310244
      3.565125      0.000157     -1.256411     -9.308871
      3.565250     -0.000206     -1.257560     -9.307485
      3.565375     -0.000507     -1.258852     -9.306017
      3.565500     -0.000769     -1.260323     -9.304408
      3.565625     -0.000865     -1.261983     -9.302777
      3.565750     -0.000661     -1.263226     -9.301864
      3.565875     -0.000376     -1.264342     -9.301158
      3.566000     -0.000163     -1.265516     -9.300321
      3.566125     -0.000042     -1.266688     -9.299395
      3.566250      0.000002     -1.267834     -9.298418
      3.566375     -0.000013     -1.268950     -9.297413
      3.566500     -0.000069     -1.270041     -9.296390
      3.566625     -0.000150     -1.271118     -9.295358
      3.566750     -0.000240     -1.272190     -9.294319
      3.566875     -0.000326     -1.273270     -9.293280
      3.567000     -0.000391     -1.274366     -9.292243
      3.567125     -0.000422     -1.275489     -9.291214
      3.567250     -0.000410     -1.276639     -9.290201
      3.567375     -0.000358     -1.277808     -9.289209
      3.567500     -0.000278     -1.278976     -9.288246
      3.567625     -0.000193     -1.280117     -9.287315
      3.567750     -0.000123     -1.281211     -9.286416
      3.567875     -0.000086     -1.282242     -9.285547
      3.568000     -0.000090     -1.283211     -9.284699
      3.568125     -0.000108     -1.284153     -9.283865
      3.568250     -0.000059     -1.285159     -9.283032
      3.568375      0.000115     -1.286297     -9.282192
      3.568500      0.000337     -1.287501     -9.281336
      3.568625      0.000518     -1.288687     -9.280456
      3.568750      0.000626     -1.289827     -9.279549
      3.568875      0.000661     -1.290926     -9.278610
      3.569000      0.000636     -1.291998     -9.277638
      3.569125      0.000563     -1.293056     -9.276631
      3.569250      0.000456     -1.294117     -9.275589
      3.569375      0.000327     -1.295195     -9.274507
      3.569500      0.000187     -1.296304     -9.273384
      3.569625      0.000045     -1.297457     -9.272213
      3.569750     -0.000096     -1.298668     -9.270985
      3.569875     -0.000240     -1.299947     -9.269688
      3.570000     -0.000389     -1.301310     -9.268302
      3.570125     -0.000519     -1.302797     -9.266810
      3.570250     -0.000534     -1.304379     -9.265337
      3.570375     -0.000363     -1.305671     -9.264340
      3.570500     -0.000110     -1.306807     -9.263583
      3.570625      0.000116     -1.307988     -9.262753
      3.570750      0.000278     -1.309189     -9.261840
      3.570875      0.000376     -1.310379     -9.260872
      3.571000      0.000418     -1.311549     -9.259869
      3.571125      0.000413     -1.312695     -9.258843
      3.571250      0.000372     -1.313820     -9.257802
      3.571375      0.000306     -1.314930     -9.256751
      3.571500      0.000226     -1.316033     -9.255694
      3.571625      0.000142     -1.317135     -9.254632
      3.571750      0.000064     -1.318244     -9.253570
      3.571875      0.000004     -1.319368     -9.252511
      3.572000     -0.000028     -1.320514     -9.251459
      3.572125     -0.000025     -1.321681     -9.250419
      3.572250      0.000011     -1.322865     -9.249396
      3.572375      0.000071     -1.324051     -9.248396
      3.572500      0.000140     -1.325219     -9.247421
      3.572625      0.000202     -1.326353     -9.246474
      3.572750      0.000241     -1.327439     -9.245552
      3.572875      0.000248     -1.328471     -9.244652
      3.573000      0.000224     -1.329458     -9.243766
      3.573125      0.000203     -1.330441     -9.242888
      3.573250      0.000255     -1.331497     -9.242009
      3.573375      0.000408     -1.332662     -9.241122
      3.573500      0.000599     -1.333878     -9.240220
      3.573625      0.000757     -1.335083     -9.239300
      3.573750      0.000858     -1.336252     -9.238356
      3.573875      0.000901     -1.337388     -9.237388
      3.574000      0.000892     -1.338497     -9.236395
      3.574125      0.000842     -1.339593     -9.235375
      3.574250      0.000762     -1.340683     -9.234329
      3.574375      0.000660     -1.341779     -9.233256
      3.574500      0.000545     -1.342887     -9.232158
      3.574625      0.000425     -1.344016     -9.231034
      3.574750      0.000305     -1.345170     -9.229885
      3.574875      0.000188     -1.346352     -9.228711
      3.575000      0.000076     -1.347561     -9.227515
      3.575125     -0.000030     -1.348791     -9.226304
      3.575250     -0.000131     -1.350029     -9.225091
      3.575375     -0.000225     -1.351254     -9.223897
      3.575500     -0.000305     -1.352416     -9.222780
      3.575625     -0.000350     -1.353421     -9.221854
      3.575750      0.000614     -1.354606     -9.221758
      3.575875     -0.000634     -1.357627     -9.217615
      3.576000     -0.000402     -1.358629     -9.216968
      3.576125     -0.000236     -1.359552     -9.216337
      3.576250      0.000199     -1.360793     -9.215656
      3.576375      0.000563     -1.362031     -9.214907
      3.576500      0.000742     -1.363153     -9.214089
      3.576625      0.000780     -1.364195     -9.213210
      3.576750      0.000727     -1.365207     -9.212270
      3.576875      0.000622     -1.366226     -9.211270
      3.577000      0.000494     -1.367283     -9.210211
      3.577125      0.000362     -1.368403     -9.209084
      3.577250      0.000232     -1.369605     -9.207876
      3.577375      0.000094     -1.370908     -9.206560
      3.577500     -0.000035     -1.372362     -9.205103
      3.577625     -0.000014     -1.373931     -9.203680
      3.577750      0.000244     -1.375078     -9.202915
      3.577875      0.000540     -1.376132     -9.202283
      3.578000      0.000746     -1.377246     -9.201500
      3.578125      0.000844     -1.378384     -9.200584
      3.578250      0.000847     -1.379532     -9.199565
      3.578375      0.000776     -1.380683     -9.198468
      3.578500      0.000653     -1.381830     -9.197323
      3.578625      0.000496     -1.382969     -9.196152
      3.578750      0.000328     -1.384105     -9.194973
      3.578875      0.000165     -1.385245     -9.193795
      3.579000      0.000028     -1.386402     -9.192626
      3.579125     -0.000067     -1.387583     -9.191475
      3.579250     -0.000110     -1.388790     -9.190350
      3.579375     -0.000108     -1.390010     -9.189258
      3.579500     -0.000079     -1.391215     -9.188206
      3.579625     -0.000051     -1.392378     -9.187196
      3.579750     -0.000047     -1.393477     -9.186227
      3.579875     -0.000083     -1.394502     -9.185290
      3.580000     -0.000148     -1.395475     -9.184377
      3.580125     -0.000164     -1.396489     -9.183472
      3.580250     -0.000036     -1.397649     -9.182565
      3.580375      0.000170     -1.398903     -9.181642
      3.580500      0.000336     -1.400140     -9.180696
      3.580625      0.000421     -1.401327     -9.179719
      3.580750      0.000425     -1.402468     -9.178707
      3.580875      0.000363     -1.403581     -9.177657
      3.581000      0.000253     -1.404685     -9.176568
      3.581125      0.000110     -1.405799     -9.175437
      3.581250     -0.000049     -1.406941     -9.174259
      3.581375     -0.000214     -1.408130     -9.173030
      3.581500     -0.000376     -1.409383     -9.171741
      3.581625     -0.000537     -1.410713     -9.170376
      3.581750     -0.000701     -1.412137     -9.168912
      3.581875     -0.000849     -1.413699     -9.167327
      3.582000     -0.000868     -1.415385     -9.165747
      3.582125     -0.000671     -1.416747     -9.164707
      3.582250     -0.000394     -1.417958     -9.163898
      3.582375     -0.000161     -1.419220     -9.162994
      3.582500     -0.000005     -1.420493     -9.162002
      3.582625      0.000079     -1.421749     -9.160955
      3.582750      0.000103     -1.422979     -9.159874
      3.582875      0.000080     -1.424182     -9.158772
      3.583000      0.000024     -1.425366     -9.157657
      3.583125     -0.000052     -1.426538     -9.156534
      3.583250     -0.000134     -1.427709     -9.155407
      3.583375     -0.000208     -1.428888     -9.154279
      3.583500     -0.000258     -1.430087     -9.153156
      3.583625     -0.000271     -1.431311     -9.152043
      3.583750     -0.000240     -1.432561     -9.150948
      3.583875     -0.000172     -1.433825     -9.149878
      3.584000     -0.000083     -1.435077     -9.148840
      3.584125      0.000004     -1.436293     -9.147836
      3.584250      0.000067     -1.437452     -9.146865
      3.584375      0.000090     -1.438541     -9.145923
      3.584500      0.000075     -1.439575     -9.145001
      3.584625      0.000080     -1.440618     -9.144087
      3.584750      0.000203     -1.441782     -9.143171
      3.584875      0.000428     -1.443062     -9.142241
      3.585000      0.000642     -1.444353     -9.141290
      3.585125      0.000783     -1.445599     -9.140309
      3.585250      0.000841     -1.446796     -9.139295
      3.585375      0.000827     -1.447957     -9.138245
      3.585500      0.000757     -1.449101     -9.137156
      3.585625      0.000645     -1.450243     -9.136028
      3.585750      0.000508     -1.451401     -9.134856
      3.585875      0.000356     -1.452594     -9.133637
      3.586000      0.000200     -1.453836     -9.132365
      3.586125      0.000046     -1.455143     -9.131028
      3.586250     -0.000113     -1.456527     -9.129610
      3.586375     -0.000277     -1.458010     -9.128088
      3.586500     -0.000403     -1.459643     -9.126454
      3.586625     -0.000363     -1.461294     -9.124968
      3.586750     -0.000141     -1.462580     -9.124029
      3.586875      0.000111     -1.463823     -9.123163
      3.587000      0.000304     -1.465108     -9.122197
      3.587125      0.000422     -1.466393     -9.121153
      3.587250      0.000470     -1.467659     -9.120061
      3.587375      0.000461     -1.468898     -9.118938
      3.587500      0.000407     -1.470112     -9.117795
      3.587625      0.000323     -1.471308     -9.116640
      3.587750      0.000220     -1.472493     -9.115476
      3.587875      0.000112     -1.473679     -9.114308
      3.588000      0.000013     -1.474874     -9.113139
      3.588125     -0.000062     -1.476089     -9.111974
      3.588250     -0.000102     -1.477330     -9.110819
      3.588375     -0.000099     -1.478596     -9.109680
      3.588500     -0.000060     -1.479874     -9.108566
      3.588625     -0.000002     -1.481142     -9.107481
      3.588750      0.000053     -1.482375     -9.106428
      3.588875      0.000086     -1.483554     -9.105407
      3.589000      0.000081     -1.484668     -9.104413
      3.589125      0.000040     -1.485729     -9.103437
      3.589250      0.000015     -1.486796     -9.102469
      3.589375      0.000101     -1.487978     -9.101498
      3.589500      0.000296     -1.489281     -9.100515
      3.589625      0.000489     -1.490604     -9.099510
      3.589750      0.000615     -1.491889     -9.098476
      3.589875      0.000663     -1.493128     -9.097411
      3.590000      0.000642     -1.494332     -9.096310
      3.590125      0.000566     -1.495519     -9.095172
      3.590250      0.000449     -1.496705     -9.093995
      3.590375      0.000307     -1.497906     -9.092776
      3.590500      0.000151     -1.499138     -9.091513
      3.590625     -0.000008     -1.500417     -9.090200
      3.590750     -0.000164     -1.501759     -9.088828
      3.590875     -0.000319     -1.503173     -9.087383
      3.591000     -0.000479     -1.504677     -9.085844
      3.591125     -0.000622     -1.506311     -9.084193
      3.591250     -0.000646     -1.508064     -9.082540
      3.591375     -0.000470     -1.509534     -9.081372
      3.591500     -0.000209     -1.510828     -9.080462
      3.591625      0.000016     -1.512168     -9.079474
      3.591750      0.000172     -1.513523     -9.078399
      3.591875      0.000258     -1.514865     -9.077268
      3.592000      0.000284     -1.516184     -9.076101
      3.592125      0.000262     -1.517476     -9.074911
      3.592250      0.000203     -1.518745     -9.073708
      3.592375      0.000120     -1.519999     -9.072495
      3.592500      0.000023     -1.521246     -9.071278
      3.592625     -0.000074     -1.522493     -9.070058
      3.592750     -0.000159     -1.523750     -9.068841
      3.592875     -0.000219     -1.525026     -9.067631
      3.593000     -0.000243     -1.526322     -9.066434
      3.593125     -0.000232     -1.527636     -9.065257
      3.593250     -0.000193     -1.528950     -9.064107
      3.593375     -0.000146     -1.530243     -9.062987
      3.593500     -0.000109     -1.531492     -9.061899
      3.593625     -0.000101     -1.532681     -9.060842
      3.593750     -0.000134     -1.533806     -9.059810
      3.593875     -0.000196     -1.534885     -9.058794
      3.594000     -0.000226     -1.535989     -9.057785
      3.594125     -0.000140     -1.537213     -9.056772
      3.594250      0.000035     -1.538538     -9.055747
      3.594375      0.000195     -1.539869     -9.054701
      3.594500      0.000289     -1.541159     -9.053630
      3.594625      0.000309     -1.542405     -9.052529
      3.594750      0.000264     -1.543619     -9.051395
      3.594875      0.000168     -1.544815     -9.050228
      3.595000      0.000035     -1.546009     -9.049026
      3.595125     -0.000123     -1.547216     -9.047786
      3.595250     -0.000294     -1.548451     -9.046506
      3.595375     -0.000467     -1.549727     -9.045180
      3.595500     -0.000638     -1.551060     -9.043803
      3.595625     -0.000807     -1.552457     -9.042361
      3.595750     -0.000978     -1.553933     -9.040839
      3.595875     -0.001144     -1.555515     -9.039215
      3.596000     -0.001235     -1.557240     -9.037525
      3.596125     -0.001145     -1.558845     -9.036135
      3.596250     -0.000924     -1.560158     -9.035168
      3.596375     -0.000701     -1.561480     -9.034194
      3.596500     -0.000534     -1.562833     -9.033133
      3.596625     -0.000432     -1.564185     -9.032008
      3.596750     -0.000389     -1.565521     -9.030841
      3.596875     -0.000393     -1.566834     -9.029648
      3.597000     -0.000436     -1.568125     -9.028439
      3.597125     -0.000506     -1.569400     -9.027219
      3.597250     -0.000592     -1.570666     -9.025992
      3.597375     -0.000684     -1.571929     -9.024762
      3.597500     -0.000772     -1.573196     -9.023532
      3.597625     -0.000844     -1.574477     -9.022304
      3.597750     -0.000889     -1.575777     -9.021084
      3.597875     -0.000900     -1.577099     -9.019876
      3.598000     -0.000876     -1.578438     -9.018685
      3.598125     -0.000825     -1.579784     -9.017517
      3.598250     -0.000760     -1.581116     -9.016374
      3.598375     -0.000697     -1.582419     -9.015258
      3.598500     -0.000653     -1.583678     -9.014169
      3.598625     -0.000638     -1.584886     -9.013102
      3.598750     -0.000654     -1.586045     -9.012051
      3.598875     -0.000682     -1.587184     -9.011010
      3.599000     -0.000662     -1.588369     -9.009969
      3.599125     -0.000544     -1.589657     -9.008924
      3.599250     -0.000364     -1.591020     -9.007866
      3.599375     -0.000194     -1.592390     -9.006791
      3.599500     -0.000072     -1.593732     -9.005696
      3.599625     -0.000005     -1.595040     -9.004580
      3.599750      0.000012     -1.596321     -9.003441
      3.599875     -0.000013     -1.597582     -9.002280
      3.600000     -0.000067     -1.598834     -9.001099
      3.600125     -0.000141     -1.600085     -8.999899
      3.600250     -0.000224     -1.601340     -8.998686
      3.600375     -0.000306     -1.602605     -8.997464
      3.600500     -0.000371     -1.603882     -8.996246
      3.600625     -0.000394     -1.605177     -8.995054
      3.600750     -0.000314     -1.606504     -8.993932
      3.600875      0.000113     -1.607964     -8.993024
      3.601000      0.000334     -1.609610     -8.991724
      3.601125     -0.000482     -1.610684     -8.989959
      3.601250     -0.000293     -1.612082     -8.988876
      3.601375     -0.000129     -1.613342     -8.987903
      3.601500     -0.000080     -1.614444     -8.986976
      3.601625     -0.000032     -1.615541     -8.986053
      3.601750      0.000229     -1.616876     -8.985103
      3.601875      0.000551     -1.618315     -8.984110
      3.602000      0.000753     -1.619689     -8.983064
      3.602125      0.000821     -1.620985     -8.981961
      3.602250      0.000785     -1.622235     -8.980800
      3.602375      0.000678     -1.623472     -8.979581
      3.602500      0.000527     -1.624724     -8.978302
      3.602625      0.000354     -1.626018     -8.976961
      3.602750      0.000176     -1.627378     -8.975548
      3.602875     -0.000002     -1.628822     -8.974051
      3.603000     -0.000188     -1.630368     -8.972444
      3.603125     -0.000368     -1.632060     -8.970698
      3.603250     -0.000420     -1.633914     -8.968916
      3.603375     -0.000231     -1.635443     -8.967701
      3.603500      0.000037     -1.636792     -8.966746
      3.603625      0.000243     -1.638189     -8.965679
      3.603750      0.000359     -1.639592     -8.964517
      3.603875      0.000395     -1.640974     -8.963296
      3.604000      0.000366     -1.642326     -8.962040
      3.604125      0.000290     -1.643653     -8.960762
      3.604250      0.000184     -1.644964     -8.959471
      3.604375      0.000065     -1.646269     -8.958171
      3.604500     -0.000052     -1.647581     -8.956867
      3.604625     -0.000149     -1.648911     -8.955566
      3.604750     -0.000208     -1.650269     -8.954273
      3.604875     -0.000219     -1.651660     -8.952996
      3.605000     -0.000185     -1.653071     -8.951744
      3.605125     -0.000122     -1.654478     -8.950525
      3.605250     -0.000055     -1.655854     -8.949341
      3.605375     -0.000009     -1.657173     -8.948193
      3.605500     -0.000003     -1.658422     -8.947075
      3.605625     -0.000033     -1.659615     -8.945977
      3.605750     -0.000041     -1.660822     -8.944887
      3.605875      0.000080     -1.662162     -8.943793
      3.606000      0.000306     -1.663622     -8.942684
      3.606125      0.000512     -1.665088     -8.941549
      3.606250      0.000639     -1.666506     -8.940383
      3.606375      0.000682     -1.667876     -8.939182
      3.606500      0.000652     -1.669211     -8.937941
      3.606625      0.000565     -1.670529     -8.936661
      3.606750      0.000437     -1.671849     -8.935338
      3.606875      0.000283     -1.673187     -8.933970
      3.607000      0.000114     -1.674562     -8.932553
      3.607125     -0.000060     -1.675988     -8.931077
      3.607250     -0.000237     -1.677480     -8.929533
      3.607375     -0.000424     -1.679050     -8.927901
      3.607500     -0.000615     -1.680730     -8.926156
      3.607625     -0.000733     -1.682566     -8.924326
      3.607750     -0.000651     -1.684272     -8.922826
      3.607875     -0.000435     -1.685664     -8.921775
      3.608000     -0.000236     -1.687071     -8.920693
      3.608125     -0.000108     -1.688503     -8.919514
      3.608250     -0.000054     -1.689926     -8.918269
      3.608375     -0.000065     -1.691326     -8.916985
      3.608500     -0.000126     -1.692699     -8.915676
      3.608625     -0.000223     -1.694050     -8.914352
      3.608750     -0.000342     -1.695388     -8.913020
      3.608875     -0.000471     -1.696720     -8.911684
      3.609000     -0.000595     -1.698058     -8.910348
      3.609125     -0.000700     -1.699410     -8.909015
      3.609250     -0.000773     -1.700785     -8.907692
      3.609375     -0.000803     -1.702187     -8.906385
      3.609500     -0.000790     -1.703609     -8.905100
      3.609625     -0.000747     -1.705034     -8.903844
      3.609750     -0.000691     -1.706438     -8.902622
      3.609875     -0.000644     -1.707799     -8.901433
      3.610000     -0.000625     -1.709101     -8.900274
      3.610125     -0.000643     -1.710342     -8.899140
      3.610250     -0.000682     -1.711547     -8.898020
      3.610375     -0.000672     -1.712797     -8.896906
      3.610500     -0.000538     -1.714176     -8.895786
      3.610625     -0.000332     -1.715642     -8.894652
      3.610750     -0.000151     -1.717102     -8.893496
      3.610875     -0.000039     -1.718522     -8.892315
      3.611000      0.000003     -1.719899     -8.891104
      3.611125     -0.000017     -1.721247     -8.889861
      3.611250     -0.000085     -1.722579     -8.888586
      3.611375     -0.000188     -1.723911     -8.887277
      3.611500     -0.000313     -1.725254     -8.885933
      3.611625     -0.000450     -1.726623     -8.884552
      3.611750     -0.000590     -1.728030     -8.883129
      3.611875     -0.000728     -1.729486     -8.881661
      3.612000     -0.000863     -1.730998     -8.880139
      3.612125     -0.001000     -1.732572     -8.878553
      3.612250     -0.001138     -1.734225     -8.876887
      3.612375     -0.001243     -1.735990     -8.875142
      3.612500     -0.001231     -1.737811     -8.873458
      3.612625     -0.001075     -1.739384     -8.872166
      3.612750     -0.000862     -1.740811     -8.871077
      3.612875     -0.000672     -1.742258     -8.869946
      3.613000     -0.000530     -1.743722     -8.868748
      3.613125     -0.000439     -1.745182     -8.867504
      3.613250     -0.000392     -1.746629     -8.866229
      3.613375     -0.000378     -1.748060     -8.864937
      3.613500     -0.000389     -1.749475     -8.863637
      3.613625     -0.000410     -1.750875     -8.862340
      3.613750     -0.000420     -1.752268     -8.861061
      3.613875     -0.000368     -1.753670     -8.859837
      3.614000      0.000007     -1.755173     -8.858833
      3.614125      0.000331     -1.754676     -8.859780
      3.614250      0.000350     -1.755888     -8.858712
      3.614375      0.000171     -1.757185     -8.857361
      3.614500     -0.000017     -1.758619     -8.855864
      3.614625     -0.000188     -1.760204     -8.854232
      3.614750     -0.000362     -1.761949     -8.852440
      3.614875     -0.000492     -1.763920     -8.850463
      3.615000     -0.000345     -1.765857     -8.848799
      3.615125      0.000004     -1.767334     -8.847795
      3.615250      0.000286     -1.768839     -8.846697
      3.615375      0.000445     -1.770350     -8.845469
      3.615500      0.000497     -1.771828     -8.844169
      3.615625      0.000469     -1.773266     -8.842828
      3.615750      0.000386     -1.774672     -8.841463
      3.615875      0.000270     -1.776059     -8.840086
      3.616000      0.000143     -1.777442     -8.838701
      3.616125      0.000027     -1.778837     -8.837315
      3.616250     -0.000058     -1.780257     -8.835936
      3.616375     -0.000094     -1.781709     -8.834572
      3.616500     -0.000079     -1.783188     -8.833233
      3.616625     -0.000030     -1.784668     -8.831927
      3.616750      0.000028     -1.786117     -8.830660
      3.616875      0.000064     -1.787508     -8.829431
      3.617000      0.000058     -1.788824     -8.828234
      3.617125      0.000011     -1.790079     -8.827057
      3.617250     -0.000012     -1.791351     -8.825887
      3.617375      0.000104     -1.792768     -8.824711
      3.617500      0.000325     -1.794308     -8.823517
      3.617625      0.000516     -1.795847     -8.822294
      3.617750      0.000623     -1.797337     -8.821036
      3.617875      0.000644     -1.798781     -8.819739
      3.618000      0.000596     -1.800196     -8.818400
      3.618125      0.000496     -1.801602     -8.817020
      3.618250      0.000363     -1.803019     -8.815595
      3.618375      0.000213     -1.804464     -8.814123
      3.618500      0.000057     -1.805956     -8.812601
      3.618625     -0.000096     -1.807509     -8.811020
      3.618750     -0.000247     -1.809136     -8.809368
      3.618875     -0.000402     -1.810846     -8.807627
      3.619000     -0.000551     -1.812673     -8.805776
      3.619125     -0.000603     -1.814647     -8.803875
      3.619250     -0.000458     -1.816431     -8.802361
      3.619375     -0.000209     -1.817952     -8.801215
      3.619500      0.000012     -1.819492     -8.800020
      3.619625      0.000162     -1.821048     -8.798738
      3.619750      0.000240     -1.822593     -8.797397
      3.619875      0.000257     -1.824113     -8.796019
      3.620000      0.000226     -1.825607     -8.794620
      3.620125      0.000160     -1.827078     -8.793208
      3.620250      0.000071     -1.828533     -8.791789
      3.620375     -0.000029     -1.829979     -8.790367
      3.620500     -0.000129     -1.831425     -8.788946
      3.620625     -0.000219     -1.832877     -8.787529
      3.620750     -0.000288     -1.834343     -8.786119
      3.620875     -0.000327     -1.835826     -8.784722
      3.621000     -0.000333     -1.837328     -8.783339
      3.621125     -0.000306     -1.838842     -8.781976
      3.621250     -0.000255     -1.840360     -8.780635
      3.621375     -0.000188     -1.841871     -8.779316
      3.621500     -0.000115     -1.843364     -8.778021
      3.621625     -0.000046     -1.844833     -8.776745
      3.621750      0.000009     -1.846271     -8.775488
      3.621875      0.000032     -1.847660     -8.774247
      3.622000     -0.000008     -1.848965     -8.773027
      3.622125     -0.000090     -1.850160     -8.771875
      3.622250     -0.000038     -1.851458     -8.770754
      3.622375      0.000074     -1.853183     -8.769266
      3.622500      0.000111     -1.854733     -8.767879
      3.622625      0.000032     -1.856221     -8.766436
      3.622750     -0.000097     -1.857668     -8.764985
      3.622875     -0.000236     -1.859103     -8.763535
      3.623000     -0.000358     -1.860550     -8.762093
      3.623125     -0.000435     -1.862027     -8.760663
      3.623250     -0.000445     -1.863548     -8.759257
      3.623375     -0.000385     -1.865104     -8.757885
      3.623500     -0.000279     -1.866663     -8.756558
      3.623625     -0.000163     -1.868182     -8.755280
      3.623750     -0.000077     -1.869625     -8.754048
      3.623875     -0.000045     -1.870979     -8.752851
      3.624000     -0.000051     -1.872275     -8.751674
      3.624125      0.000013     -1.873638     -8.750500
      3.624250      0.000240     -1.875176     -8.749314
      3.624375      0.000506     -1.876779     -8.748102
      3.624500      0.000694     -1.878340     -8.746854
      3.624625      0.000780     -1.879840     -8.745566
      3.624750      0.000779     -1.881296     -8.744233
      3.624875      0.000709     -1.882730     -8.742855
      3.625000      0.000593     -1.884165     -8.741429
      3.625125      0.000449     -1.885622     -8.739952
      3.625250      0.000292     -1.887123     -8.738420
      3.625375      0.000135     -1.888685     -8.736825
      3.625500     -0.000022     -1.890324     -8.735154
      3.625625     -0.000184     -1.892053     -8.733388
      3.625750     -0.000343     -1.893904     -8.731503
      3.625875     -0.000404     -1.895920     -8.729552
      3.626000     -0.000251     -1.897746     -8.728003
      3.626125      0.000009     -1.899303     -8.726831
      3.626250      0.000234     -1.900885     -8.725599
      3.626375      0.000381     -1.902485     -8.724271
      3.626500      0.000453     -1.904073     -8.722880
      3.626625      0.000462     -1.905637     -8.721450
      3.626750      0.000422     -1.907176     -8.719996
      3.626875      0.000347     -1.908695     -8.718527
      3.627000      0.000250     -1.910201     -8.717050
      3.627125      0.000144     -1.911702     -8.715567
      3.627250      0.000043     -1.913208     -8.714085
      3.627375     -0.000041     -1.914729     -8.712606
      3.627500     -0.000094     -1.916270     -8.711136
      3.627625     -0.000110     -1.917834     -8.709681
      3.627750     -0.000089     -1.919415     -8.708246
      3.627875     -0.000041     -1.920996     -8.706837
      3.628000      0.000016     -1.922559     -8.705458
      3.628125      0.000066     -1.924084     -8.704107
      3.628250      0.000092     -1.925559     -8.702783
      3.628375      0.000085     -1.926981     -8.701479
      3.628500      0.000051     -1.928363     -8.700188
      3.628625      0.000031     -1.929754     -8.698902
      3.628750      0.000094     -1.931231     -8.697613
      3.628875      0.000253     -1.932813     -8.696315
      3.629000      0.000435     -1.934434     -8.695002
      3.629125      0.000583     -1.936039     -8.693669
      3.629250      0.000676     -1.937611     -8.692315
      3.629375      0.000716     -1.939152     -8.690939
      3.629500      0.000713     -1.940673     -8.689541
      3.629625      0.000678     -1.942181     -8.688122
      3.629750      0.000622     -1.943687     -8.686685
      3.629875      0.000556     -1.945199     -8.685232
      3.630000      0.000490     -1.946723     -8.683767
      3.630125      0.000436     -1.948264     -8.682297
      3.630250      0.000408     -1.949828     -8.680830
      3.630375      0.000427     -1.951420     -8.679382
      3.630500      0.000528     -1.953060     -8.677968
      3.630625      0.000557     -1.954865     -8.676317
      3.630750     -0.000255     -1.958624     -8.671871
      3.630875      0.000122     -1.960136     -8.670861
      3.631000      0.000413     -1.961468     -8.669945
      3.631125      0.000557     -1.962602     -8.669080
      3.631250      0.000587     -1.963621     -8.668216
      3.631375      0.000706     -1.964799     -8.667281
      3.631500      0.000935     -1.966251     -8.666184
      3.631625      0.001068     -1.967802     -8.664891
      3.631750      0.001058     -1.969347     -8.663461
      3.631875      0.000939     -1.970854     -8.661960
      3.632000      0.000750     -1.972336     -8.660414
      3.632125      0.000522     -1.973818     -8.658829
      3.632250      0.000278     -1.975326     -8.657202
      3.632375      0.000038     -1.976886     -8.655526
      3.632500     -0.000189     -1.978519     -8.653791
      3.632625     -0.000405     -1.980240     -8.651980
      3.632750     -0.000617     -1.982067     -8.650066
      3.632875     -0.000795     -1.984051     -8.648030
      3.633000     -0.000799     -1.986144     -8.646058
      3.633125     -0.000586     -1.987880     -8.644659
      3.633250     -0.000333     -1.989510     -8.643407
      3.633375     -0.000145     -1.991178     -8.642052
      3.633500     -0.000037     -1.992848     -8.640615
      3.633625      0.000001     -1.994498     -8.639128
      3.633750     -0.000017     -1.996121     -8.637612
      3.633875     -0.000075     -1.997720     -8.636079
      3.634000     -0.000159     -1.999304     -8.634537
      3.634125     -0.000254     -2.000881     -8.632990
      3.634250     -0.000345     -2.002461     -8.631443
      3.634375     -0.000417     -2.004056     -8.629902
      3.634500     -0.000455     -2.005674     -8.628371
      3.634625     -0.000448     -2.007318     -8.626859
      3.634750     -0.000398     -2.008978     -8.625373
      3.634875     -0.000320     -2.010635     -8.623920
      3.635000     -0.000236     -2.012263     -8.622502
      3.635125     -0.000168     -2.013838     -8.621119
      3.635250     -0.000136     -2.015349     -8.619766
      3.635375     -0.000143     -2.016798     -8.618434
      3.635500     -0.000154     -2.018234     -8.617112
      3.635625     -0.000071     -2.019764     -8.615790
      3.635750      0.000136     -2.021430     -8.614456
      3.635875      0.000365     -2.023138     -8.613102
      3.636000      0.000533     -2.024813     -8.611720
      3.636125      0.000621     -2.026440     -8.610307
      3.636250      0.000636     -2.028028     -8.608858
      3.636375      0.000592     -2.029593     -8.607373
      3.636500      0.000503     -2.031153     -8.605850
      3.636625      0.000386     -2.032724     -8.604287
      3.636750      0.000252     -2.034322     -8.602680
      3.636875      0.000112     -2.035962     -8.601025
      3.637000     -0.000025     -2.037660     -8.599315
      3.637125     -0.000160     -2.039426     -8.597539
      3.637250     -0.000299     -2.041271     -8.595680
      3.637375     -0.000436     -2.043222     -8.593718
      3.637500     -0.000497     -2.045324     -8.591678
      3.637625     -0.000373     -2.047348     -8.589904
      3.637750     -0.000120     -2.049065     -8.588565
      3.637875      0.000125     -2.050769     -8.587231
      3.638000      0.000306     -2.052500     -8.585807
      3.638125      0.000417     -2.054227     -8.584315
      3.638250      0.000465     -2.055935     -8.582779
      3.638375      0.000461     -2.057620     -8.581216
      3.638500      0.000418     -2.059282     -8.579636
      3.638625      0.000347     -2.060927     -8.578044
      3.638750      0.000260     -2.062563     -8.576447
      3.638875      0.000169     -2.064197     -8.574847
      3.639000      0.000087     -2.065839     -8.573248
      3.639125      0.000028     -2.067496     -8.571656
      3.639250      0.000001     -2.069175     -8.570076
      3.639375      0.000012     -2.070873     -8.568514
      3.639500      0.000056     -2.072579     -8.566977
      3.639625      0.000119     -2.074275     -8.565469
      3.639750      0.000181     -2.075938     -8.563992
      3.639875      0.000223     -2.077552     -8.562545
      3.640000      0.000230     -2.079107     -8.561124
      3.640125      0.000202     -2.080607     -8.559719
      3.640250      0.000170     -2.082097     -8.558323
      3.640375      0.000219     -2.083668     -8.556926
      3.640500      0.000384     -2.085365     -8.555518
      3.640625      0.000582     -2.087114     -8.554093
      3.640750      0.000734     -2.088841     -8.552643
      3.640875      0.000814     -2.090524     -8.551165
      3.641000      0.000825     -2.092170     -8.549655
      3.641125      0.000778     -2.093791     -8.548112
      3.641250      0.000687     -2.095402     -8.546535
      3.641375      0.000563     -2.097016     -8.544922
      3.641500      0.000419     -2.098648     -8.543270
      3.641625      0.000265     -2.100312     -8.541578
      3.641750      0.000111     -2.102021     -8.539840
      3.641875     -0.000040     -2.103786     -8.538049
      3.642000     -0.000190     -2.105616     -8.536194
      3.642125     -0.000344     -2.107521     -8.534260
      3.642250     -0.000489     -2.109530     -8.532231
      3.642375     -0.000552     -2.111676     -8.530147
      3.642500     -0.000443     -2.113725     -8.528331
      3.642625     -0.000221     -2.115500     -8.526904
      3.642750     -0.000003     -2.117259     -8.525487
      3.642875      0.000159     -2.119045     -8.523989
      3.643000      0.000259     -2.120832     -8.522427
      3.643125      0.000302     -2.122606     -8.520822
      3.643250      0.000298     -2.124359     -8.519189
      3.643375      0.000257     -2.126093     -8.517539
      3.643500      0.000189     -2.127812     -8.515877
      3.643625      0.000104     -2.129520     -8.514209
      3.643750      0.000011     -2.131224     -8.512537
      3.643875     -0.000078     -2.132932     -8.510865
      3.644000     -0.000154     -2.134649     -8.509197
      3.644125     -0.000206     -2.136383     -8.507537
      3.644250     -0.000226     -2.138135     -8.505888
      3.644375     -0.000213     -2.139904     -8.504258
      3.644500     -0.000171     -2.141679     -8.502650
      3.644625     -0.000114     -2.143443     -8.501068
      3.644750     -0.000056     -2.145181     -8.499512
      3.644875     -0.000012     -2.146880     -8.497983
      3.645000      0.000005     -2.148530     -8.496476
      3.645125     -0.000008     -2.150132     -8.494985
      3.645250     -0.000039     -2.151708     -8.493503
      3.645375     -0.000041     -2.153310     -8.492024
      3.645500      0.000047     -2.155006     -8.490541
      3.645625      0.000215     -2.156791     -8.489048
      3.645750      0.000392     -2.158601     -8.487540
      3.645875      0.000530     -2.160391     -8.486014
      3.646000      0.000614     -2.162147     -8.484467
      3.646125      0.000648     -2.163874     -8.482899
      3.646250      0.000638     -2.165579     -8.481309
      3.646375      0.000594     -2.167271     -8.479698
      3.646500      0.000526     -2.168959     -8.478068
      3.646625      0.000444     -2.170649     -8.476420
      3.646750      0.000355     -2.172348     -8.474757
      3.646875      0.000268     -2.174060     -8.473083
      3.647000      0.000191     -2.175788     -8.471403
      3.647125      0.000134     -2.177532     -8.469727
      3.647250      0.000110     -2.179291     -8.468070
      3.647375      0.000148     -2.181064     -8.466459
      3.647500      0.000313     -2.182873     -8.464940
      3.647625     -0.000142     -2.184921     -8.462562
      3.647750      0.000001     -2.188992     -8.458760
      3.647875      0.000416     -2.190474     -8.457817
      3.648000      0.000607     -2.191708     -8.456898
      3.648125      0.000593     -2.192809     -8.455909
      3.648250      0.000619     -2.194167     -8.454702
      3.648375      0.000788     -2.195920     -8.453243
      3.648500      0.000892     -2.197743     -8.451649
      3.648625      0.000875     -2.199500     -8.450000
      3.648750      0.000760     -2.201197     -8.448313
      3.648875      0.000582     -2.202866     -8.446592
      3.649000      0.000369     -2.204537     -8.444832
      3.649125      0.000142     -2.206239     -8.443028
      3.649250     -0.000081     -2.207996     -8.441174
      3.649375     -0.000290     -2.209827     -8.439258
      3.649500     -0.000487     -2.211747     -8.437266
      3.649625     -0.000681     -2.213771     -8.435173
      3.649750     -0.000846     -2.215945     -8.432958
      3.649875     -0.000850     -2.218256     -8.430769
      3.650000     -0.000636     -2.220251     -8.429114
      3.650125     -0.000372     -2.222096     -8.427657
      3.650250     -0.000170     -2.223976     -8.426104
      3.650375     -0.000048     -2.225862     -8.424466
      3.650500      0.000003     -2.227729     -8.422774
      3.650625     -0.000003     -2.229571     -8.421050
      3.650750     -0.000052     -2.231390     -8.419308
      3.650875     -0.000127     -2.233192     -8.417556
      3.651000     -0.000215     -2.234986     -8.415799
      3.651125     -0.000301     -2.236782     -8.414041
      3.651250     -0.000370     -2.238590     -8.412290
      3.651375     -0.000407     -2.240419     -8.410549
      3.651500     -0.000400     -2.242273     -8.408828
      3.651625     -0.000350     -2.244142     -8.407132
      3.651750     -0.000271     -2.246009     -8.405470
      3.651875     -0.000184     -2.247847     -8.403843
      3.652000     -0.000113     -2.249635     -8.402252
      3.652125     -0.000076     -2.251359     -8.400690
      3.652250     -0.000079     -2.253021     -8.399150
      3.652375     -0.000091     -2.254665     -8.397619
      3.652500     -0.000017     -2.256395     -8.396088
      3.652625      0.000185     -2.258265     -8.394545
      3.652750      0.000416     -2.260185     -8.392981
      3.652875      0.000591     -2.262075     -8.391391
      3.653000      0.000686     -2.263918     -8.389768
      3.653125      0.000706     -2.265721     -8.388110
      3.653250      0.000666     -2.267501     -8.386415
      3.653375      0.000580     -2.269274     -8.384681
      3.653500      0.000463     -2.271056     -8.382907
      3.653625      0.000329     -2.272865     -8.381090
      3.653750      0.000189     -2.274715     -8.379225
      3.653875      0.000051     -2.276622     -8.377305
      3.654000     -0.000084     -2.278596     -8.375320
      3.654125     -0.000223     -2.280647     -8.373255
      3.654250     -0.000363     -2.282799     -8.371088
      3.654375     -0.000440     -2.285101     -8.368834
      3.654500     -0.000339     -2.287392     -8.366768
      3.654625     -0.000096     -2.289367     -8.365162
      3.654750      0.000150     -2.291293     -8.363607
      3.654875      0.000333     -2.293245     -8.361963
      3.655000      0.000445     -2.295198     -8.360247
      3.655125      0.000492     -2.297134     -8.358484
      3.655250      0.000487     -2.299047     -8.356690
      3.655375      0.000440     -2.300938     -8.354877
      3.655500      0.000364     -2.302811     -8.353053
      3.655625      0.000271     -2.304675     -8.351222
      3.655750      0.000174     -2.306536     -8.349388
      3.655875      0.000086     -2.308404     -8.347556
      3.656000      0.000019     -2.310287     -8.345732
      3.656125     -0.000015     -2.312190     -8.343920
      3.656250     -0.000009     -2.314113     -8.342128
      3.656375      0.000030     -2.316042     -8.340362
      3.656500      0.000087     -2.317960     -8.338627
      3.656625      0.000143     -2.319843     -8.336924
      3.656750      0.000178     -2.321676     -8.335252
      3.656875      0.000177     -2.323449     -8.333603
      3.657000      0.000141     -2.325170     -8.331971
      3.657125      0.000108     -2.326889     -8.330345
      3.657250      0.000168     -2.328703     -8.328716
      3.657375      0.000343     -2.330644     -8.327074
      3.657500      0.000537     -2.332625     -8.325412
      3.657625      0.000677     -2.334579     -8.323724
      3.657750      0.000743     -2.336489     -8.322004
      3.657875      0.000740     -2.338363     -8.320252
      3.658000      0.000680     -2.340216     -8.318464
      3.658125      0.000576     -2.342062     -8.316639
      3.658250      0.000442     -2.343916     -8.314776
      3.658375      0.000291     -2.345794     -8.312872
      3.658500      0.000134     -2.347710     -8.310924
      3.658625     -0.000022     -2.349679     -8.308925
      3.658750     -0.000173     -2.351710     -8.306867
      3.658875     -0.000324     -2.353813     -8.304738
      3.659000     -0.000479     -2.356003     -8.302518
      3.659125     -0.000604     -2.358322     -8.300200
      3.659250     -0.000594     -2.360749     -8.297907
      3.659375     -0.000409     -2.362933     -8.296033
      3.659500     -0.000168     -2.364947     -8.294385
      3.659625      0.000034     -2.366983     -8.292676
      3.659750      0.000170     -2.369034     -8.290886
      3.659875      0.000243     -2.371078     -8.289039
      3.660000      0.000260     -2.373105     -8.287156
      3.660125      0.000234     -2.375111     -8.285248
      3.660250      0.000176     -2.377100     -8.283326
      3.660375      0.000096     -2.379076     -8.281395
      3.660500      0.000007     -2.381047     -8.279459
      3.660625     -0.000081     -2.383021     -8.277523
      3.660750     -0.000154     -2.385005     -8.275591
      3.660875     -0.000201     -2.387006     -8.273668
      3.661000     -0.000212     -2.389027     -8.271761
      3.661125     -0.000185     -2.391065     -8.269875
      3.661250     -0.000128     -2.393105     -8.268017
      3.661375     -0.000058     -2.395126     -8.266191
      3.661500      0.000005     -2.397109     -8.264396
      3.661625      0.000044     -2.399039     -8.262630
      3.661750      0.000046     -2.400909     -8.260886
      3.661875      0.000016     -2.402734     -8.259157
      3.662000      0.000003     -2.404571     -8.257432
      3.662125      0.000093     -2.406515     -8.255702
      3.662250      0.000281     -2.408571     -8.253960
      3.662375      0.000470     -2.410648     -8.252197
      3.662500      0.000598     -2.412690     -8.250409
      3.662625      0.000651     -2.414686     -8.248590
      3.662750      0.000635     -2.416645     -8.246740
      3.662875      0.000561     -2.418581     -8.244856
      3.663000      0.000444     -2.420508     -8.242936
      3.663125      0.000296     -2.422442     -8.240979
      3.663250      0.000130     -2.424396     -8.238983
      3.663375     -0.000044     -2.426387     -8.236944
      3.663500     -0.000218     -2.428427     -8.234855
      3.663625     -0.000388     -2.430527     -8.232710
      3.663750     -0.000561     -2.432696     -8.230494
      3.663875     -0.000737     -2.434948     -8.228190
      3.664000     -0.000884     -2.437326     -8.225790
      3.664125     -0.000899     -2.439812     -8.223415
      3.664250     -0.000740     -2.442063     -8.221447
      3.664375     -0.000525     -2.444140     -8.219710
      3.664500     -0.000349     -2.446235     -8.217916
      3.664625     -0.000237     -2.448345     -8.216043
      3.664750     -0.000188     -2.450448     -8.214114
      3.664875     -0.000193     -2.452534     -8.212148
      3.665000     -0.000241     -2.454600     -8.210159
      3.665125     -0.000321     -2.456649     -8.208155
      3.665250     -0.000422     -2.458685     -8.206143
      3.665375     -0.000533     -2.460715     -8.204127
      3.665500     -0.000641     -2.462748     -8.202111
      3.665625     -0.000735     -2.464790     -8.200100
      3.665750     -0.000802     -2.466849     -8.198099
      3.665875     -0.000833     -2.468928     -8.196114
      3.666000     -0.000824     -2.471024     -8.194152
      3.666125     -0.000784     -2.473123     -8.192218
      3.666250     -0.000728     -2.475206     -8.190316
      3.666375     -0.000675     -2.477253     -8.188447
      3.666500     -0.000643     -2.479249     -8.186608
      3.666625     -0.000646     -2.481188     -8.184791
      3.666750     -0.000678     -2.483083     -8.182989
      3.666875     -0.000695     -2.484987     -8.181193
      3.667000     -0.000611     -2.486996     -8.179393
      3.667125     -0.000420     -2.489124     -8.177581
      3.667250     -0.000219     -2.491283     -8.175749
      3.667375     -0.000072     -2.493411     -8.173892
      3.667500      0.000003     -2.495497     -8.172005
      3.667625      0.000012     -2.497550     -8.170087
      3.667750     -0.000033     -2.499581     -8.168136
      3.667875     -0.000120     -2.501606     -8.166149
      3.668000     -0.000234     -2.503640     -8.164126
      3.668125     -0.000365     -2.505696     -8.162064
      3.668250     -0.000501     -2.507790     -8.159959
      3.668375     -0.000635     -2.509934     -8.157806
      3.668500     -0.000764     -2.512140     -8.155596
      3.668625     -0.000892     -2.514415     -8.153317
      3.668750     -0.001025     -2.516773     -8.150953
      3.668875     -0.001131     -2.519253     -8.148491
      3.669000     -0.001112     -2.521854     -8.146034
      3.669125     -0.000916     -2.524249     -8.143960
      3.669250     -0.000656     -2.526445     -8.142149
      3.669375     -0.000431     -2.528653     -8.140290
      3.669500     -0.000271     -2.530877     -8.138352
      3.669625     -0.000175     -2.533095     -8.136355
      3.669750     -0.000135     -2.535295     -8.134321
      3.669875     -0.000139     -2.537474     -8.132262
      3.670000     -0.000177     -2.539635     -8.130188
      3.670125     -0.000238     -2.541782     -8.128105
      3.670250     -0.000309     -2.543922     -8.126019
      3.670375     -0.000381     -2.546061     -8.123933
      3.670500     -0.000439     -2.548208     -8.121853
      3.670625     -0.000473     -2.550370     -8.119782
      3.670750     -0.000471     -2.552550     -8.117729
      3.670875     -0.000431     -2.554745     -8.115699
      3.671000     -0.000360     -2.556941     -8.113698
      3.671125     -0.000274     -2.559120     -8.111731
      3.671250     -0.000193     -2.561261     -8.109796
      3.671375     -0.000134     -2.563350     -8.107891
      3.671500     -0.000111     -2.565380     -8.106010
      3.671625     -0.000119     -2.567363     -8.104143
      3.671750     -0.000113     -2.569355     -8.102282
      3.671875     -0.000006     -2.571452     -8.100417
      3.672000      0.000206     -2.573666     -8.098540
      3.672125      0.000427     -2.575909     -8.096643
      3.672250      0.000590     -2.578120     -8.094720
      3.672375      0.000681     -2.580287     -8.092769
      3.672500      0.000704     -2.582418     -8.090786
      3.672625      0.000672     -2.584527     -8.088769
      3.672750      0.000597     -2.586629     -8.086718
      3.672875      0.000494     -2.588739     -8.084630
      3.673000      0.000373     -2.590870     -8.082503
      3.673125      0.000247     -2.593038     -8.080334
      3.673250      0.000122     -2.595257     -8.078116
      3.673375      0.000002     -2.597536     -8.075841
      3.673500     -0.000119     -2.599884     -8.073497
      3.673625     -0.000244     -2.602314     -8.071067
      3.673750     -0.000341     -2.604868     -8.068541
      3.673875     -0.000306     -2.607537     -8.066032
      3.674000     -0.000097     -2.609986     -8.063917
      3.674125      0.000168     -2.612248     -8.062045
      3.674250      0.000394     -2.614522     -8.060122
      3.674375      0.000554     -2.616809     -8.058121
      3.674500      0.000650     -2.619087     -8.056063
      3.674625      0.000689     -2.621345     -8.053969
      3.674750      0.000684     -2.623582     -8.051852
      3.674875      0.000646     -2.625799     -8.049722
      3.675000      0.000585     -2.628000     -8.047585
      3.675125      0.000514     -2.630193     -8.045446
      3.675250      0.000443     -2.632384     -8.043310
      3.675375      0.000385     -2.634580     -8.041180
      3.675500      0.000352     -2.636789     -8.039064
      3.675625      0.000354     -2.639013     -8.036967
      3.675750      0.000392     -2.641247     -8.034895
      3.675875      0.000456     -2.643476     -8.032855
      3.676000      0.000530     -2.645682     -8.030848
      3.676125      0.000593     -2.647846     -8.028873
      3.676250      0.000628     -2.649954     -8.026924
      3.676375      0.000621     -2.652003     -8.024992
      3.676500      0.000581     -2.654013     -8.023068
      3.676625      0.000564     -2.656050     -8.021139
      3.676750      0.000653     -2.658210     -8.019193
      3.676875      0.000832     -2.660486     -8.017221
      3.677000      0.001001     -2.662787     -8.015214
      3.677125      0.001103     -2.665061     -8.013167
      3.677250      0.001129     -2.667302     -8.011077
      3.677375      0.001087     -2.669519     -8.008943
      3.677500      0.000990     -2.671723     -8.006766
      3.677625      0.000852     -2.673930     -8.004547
      3.677750      0.000686     -2.676150     -8.002286
      3.677875      0.000505     -2.678399     -7.999981
      3.678000      0.000320     -2.680690     -7.997629
      3.678125      0.000138     -2.683036     -7.995227
      3.678250     -0.000039     -2.685446     -7.992765
      3.678375     -0.000217     -2.687927     -7.990231
      3.678500     -0.000396     -2.690497     -7.987607
      3.678625     -0.000531     -2.693201     -7.984893
      3.678750     -0.000514     -2.695987     -7.982249
      3.678875     -0.000335     -2.698511     -7.980028
      3.679000     -0.000123     -2.700901     -7.977976
      3.679125      0.000042     -2.703309     -7.975858
      3.679250      0.000141     -2.705728     -7.973664
      3.679375      0.000179     -2.708137     -7.971417
      3.679500      0.000164     -2.710529     -7.969136
      3.679625      0.000109     -2.712901     -7.966833
      3.679750      0.000024     -2.715258     -7.964516
      3.679875     -0.000080     -2.717603     -7.962193
      3.680000     -0.000190     -2.719943     -7.959868
      3.680125     -0.000294     -2.722286     -7.957545
      3.680250     -0.000381     -2.724640     -7.955229
      3.680375     -0.000438     -2.727010     -7.952927
      3.680500     -0.000457     -2.729398     -7.950645
      3.680625     -0.000437     -2.731798     -7.948391
      3.680750     -0.000389     -2.734193     -7.946168
      3.680875     -0.000332     -2.736565     -7.943978
      3.681000     -0.000283     -2.738895     -7.941822
      3.681125     -0.000262     -2.741172     -7.939692
      3.681250     -0.000276     -2.743393     -7.937581
      3.681375     -0.000311     -2.745583     -7.935480
      3.681500     -0.000303     -2.747816     -7.933381
      3.681625     -0.000176     -2.750177     -7.931272
      3.681750      0.000030     -2.752632     -7.929148
      3.681875      0.000216     -2.755091     -7.927000
      3.682000      0.000337     -2.757513     -7.924824
      3.682125      0.000387     -2.759896     -7.922616
      3.682250      0.000374     -2.762249     -7.920375
      3.682375      0.000312     -2.764588     -7.918099
      3.682500      0.000213     -2.766927     -7.915786
      3.682625      0.000090     -2.769280     -7.913435
      3.682750     -0.000046     -2.771661     -7.911043
      3.682875     -0.000184     -2.774086     -7.908605
      3.683000     -0.000317     -2.776566     -7.906117
      3.683125     -0.000447     -2.779111     -7.903568
      3.683250     -0.000578     -2.781727     -7.900946
      3.683375     -0.000710     -2.784432     -7.898234
      3.683500     -0.000795     -2.787272     -7.895433
      3.683625     -0.000729     -2.790187     -7.892709
      3.683750     -0.000509     -2.792848     -7.890393
      3.683875     -0.000260     -2.795378     -7.888237
      3.684000     -0.000058     -2.797927     -7.886015
      3.684125      0.000078     -2.800486     -7.883717
      3.684250      0.000153     -2.803038     -7.881365
      3.684375      0.000175     -2.805575     -7.878976
      3.684500      0.000156     -2.808093     -7.876562
      3.684625      0.000106     -2.810597     -7.874134
      3.684750      0.000036     -2.813089     -7.871696
      3.684875     -0.000043     -2.815577     -7.869255
      3.685000     -0.000120     -2.818066     -7.866813
      3.685125     -0.000183     -2.820565     -7.864377
      3.685250     -0.000221     -2.823077     -7.861952
      3.685375     -0.000224     -2.825607     -7.859544
      3.685500     -0.000191     -2.828149     -7.857160
      3.685625     -0.000131     -2.830690     -7.854805
      3.685750     -0.000057     -2.833213     -7.852480
      3.685875      0.000011     -2.835700     -7.850186
      3.686000      0.000057     -2.838141     -7.847917
      3.686125      0.000070     -2.840529     -7.845666
      3.686250      0.000052     -2.842875     -7.843427
      3.686375      0.000041     -2.845227     -7.841190
      3.686500      0.000117     -2.847671     -7.838946
      3.686625      0.000298     -2.850234     -7.836689
      3.686750      0.000503     -2.852841     -7.834412
      3.686875      0.000664     -2.855430     -7.832109
      3.687000      0.000758     -2.857981     -7.829778
      3.687125      0.000789     -2.860499     -7.827415
      3.687250      0.000765     -2.862995     -7.825021
      3.687375      0.000699     -2.865481     -7.822593
      3.687500      0.000602     -2.867971     -7.820131
      3.687625      0.000484     -2.870475     -7.817634
      3.687750      0.000355     -2.873006     -7.815099
      3.687875      0.000224     -2.875575     -7.812524
      3.688000      0.000097     -2.878192     -7.809905
      3.688125     -0.000026     -2.880862     -7.807236
      3.688250     -0.000150     -2.883591     -7.804510
      3.688375     -0.000276     -2.886385     -7.801714
      3.688500     -0.000389     -2.889268     -7.798843
      3.688625     -0.000428     -2.892267     -7.795930
      3.688750     -0.000329     -2.895242     -7.793180
      3.688875     -0.000134     -2.897992     -7.790749
      3.689000      0.000068     -2.900666     -7.788401
      3.689125      0.000231     -2.903354     -7.786003
      3.689250      0.000346     -2.906052     -7.783545
      3.689375      0.000416     -2.908748     -7.781042
      3.689500      0.000445     -2.911438     -7.778508
      3.689625      0.000444     -2.914118     -7.775951
      3.689750      0.000417     -2.916789     -7.773378
      3.689875      0.000373     -2.919454     -7.770794
      3.690000      0.000315     -2.922113     -7.768203
      3.690125      0.000247     -2.924768     -7.765604
      3.690250      0.000167     -2.927419     -7.762998
      3.690375      0.000055     -2.930056     -7.760374
      3.690500     -0.000011     -2.932760     -7.757729
      3.690625     -0.000071     -2.935370     -7.755185
      3.690750     -0.000211     -2.938027     -7.752513
      3.690875     -0.000334     -2.940807     -7.749735
      3.691000     -0.000446     -2.943719     -7.746835
      3.691125     -0.000561     -2.946783     -7.743781
      3.691250     -0.000531     -2.950073     -7.740647
      3.691375     -0.000205     -2.953093     -7.738077
      3.691500      0.000163     -2.955842     -7.735821
      3.691625      0.000426     -2.958604     -7.733447
      3.691750      0.000578     -2.961353     -7.730976
      3.691875      0.000643     -2.964069     -7.728450
      3.692000      0.000645     -2.966749     -7.725897
      3.692125      0.000606     -2.969399     -7.723332
      3.692250      0.000544     -2.972027     -7.720767
      3.692375      0.000477     -2.974643     -7.718209
      3.692500      0.000422     -2.977257     -7.715665
      3.692625      0.000394     -2.979878     -7.713142
      3.692750      0.000402     -2.982508     -7.710643
      3.692875      0.000437     -2.985143     -7.708169
      3.693000      0.000479     -2.987769     -7.705711
      3.693125      0.000503     -2.990371     -7.703256
      3.693250      0.000485     -2.992939     -7.700796
      3.693375      0.000414     -2.995465     -7.698325
      3.693500      0.000314     -2.997973     -7.695841
      3.693625      0.000280     -3.000563     -7.693343
      3.693750      0.000393     -3.003317     -7.690826
      3.693875      0.000559     -3.006148     -7.688286
      3.694000      0.000671     -3.008954     -7.685717
      3.694125      0.000699     -3.011709     -7.683115
      3.694250      0.000652     -3.014424     -7.680478
      3.694375      0.000544     -3.017116     -7.677803
      3.694500      0.000394     -3.019805     -7.675089
      3.694625      0.000217     -3.022510     -7.672333
      3.694750      0.000030     -3.025249     -7.669532
      3.694875     -0.000155     -3.028041     -7.666680
      3.695000     -0.000330     -3.030901     -7.663769
      3.695125     -0.000499     -3.033839     -7.660788
      3.695250     -0.000668     -3.036864     -7.657718
      3.695375     -0.000822     -3.040011     -7.654542
      3.695500     -0.000863     -3.043322     -7.651315
      3.695625     -0.000700     -3.046523     -7.648402
      3.695750     -0.000449     -3.049463     -7.645838
      3.695875     -0.000232     -3.052393     -7.643249
      3.696000     -0.000088     -3.055342     -7.640571
      3.696125     -0.000013     -3.058287     -7.637824
      3.696250      0.000002     -3.061219     -7.635033
      3.696375     -0.000029     -3.064133     -7.632213
      3.696500     -0.000092     -3.067032     -7.629376
      3.696625     -0.000175     -3.069921     -7.626528
      3.696750     -0.000265     -3.072808     -7.623677
      3.696875     -0.000346     -3.075699     -7.620830
      3.697000     -0.000406     -3.078603     -7.617992
      3.697125     -0.000430     -3.081524     -7.615172
      3.697250     -0.000412     -3.084460     -7.612378
      3.697375     -0.000356     -3.087401     -7.609618
      3.697500     -0.000278     -3.090327     -7.606895
      3.697625     -0.000199     -3.093218     -7.604208
      3.697750     -0.000141     -3.096058     -7.601551
      3.697875     -0.000119     -3.098841     -7.598915
      3.698000     -0.000132     -3.101578     -7.596290
      3.698125     -0.000134     -3.104325     -7.593666
      3.698250     -0.000032     -3.107185     -7.591033
      3.698375      0.000181     -3.110176     -7.588381
      3.698500      0.000401     -3.113198     -7.585703
      3.698625      0.000559     -3.116190     -7.582994
      3.698750      0.000641     -3.119141     -7.580250
      3.698875      0.000653     -3.122059     -7.577468
      3.699000      0.000608     -3.124961     -7.574648
      3.699125      0.000522     -3.127861     -7.571786
      3.699250      0.000408     -3.130775     -7.568883
      3.699375      0.000279     -3.133719     -7.565935
      3.699500      0.000146     -3.136707     -7.562939
      3.699625      0.000016     -3.139753     -7.559888
      3.699750     -0.000110     -3.142866     -7.556774
      3.699875     -0.000238     -3.146052     -7.553585
      3.700000     -0.000368     -3.149327     -7.550304
      3.700125     -0.000457     -3.152737     -7.546931
      3.700250     -0.000398     -3.156248     -7.543604
      3.700375     -0.000181     -3.159535     -7.540658
      3.700500      0.000067     -3.162668     -7.537899
      3.700625      0.000267     -3.165811     -7.535081
      3.700750      0.000399     -3.168967     -7.532182
      3.700875      0.000467     -3.172120     -7.529223
      3.701000      0.000482     -3.175260     -7.526222
      3.701125      0.000453     -3.178386     -7.523192
      3.701250      0.000393     -3.181500     -7.520144
      3.701375      0.000313     -3.184605     -7.517083
      3.701500      0.000223     -3.187707     -7.514016
      3.701625      0.000135     -3.190812     -7.510948
      3.701750      0.000061     -3.193926     -7.507885
      3.701875      0.000013     -3.197053     -7.504835
      3.702000     -0.000000     -3.200196     -7.501804
      3.702125      0.000021     -3.203347     -7.498799
      3.702250      0.000069     -3.206495     -7.495824
      3.702375      0.000128     -3.209622     -7.492881
      3.702500      0.000180     -3.212714     -7.489965
      3.702625      0.000208     -3.215761     -7.487072
      3.702750      0.000203     -3.218760     -7.484193
      3.702875      0.000169     -3.221724     -7.481320
      3.703000      0.000148     -3.224705     -7.478444
      3.703125      0.000220     -3.227788     -7.475557
      3.703250      0.000392     -3.230990     -7.472652
      3.703375      0.000581     -3.234233     -7.469723
      3.703500      0.000723     -3.237458     -7.466765
      3.703625      0.000799     -3.240648     -7.463776
      3.703750      0.000811     -3.243808     -7.460753
      3.703875      0.000771     -3.246951     -7.457695
      3.704000      0.000689     -3.250088     -7.454602
      3.704125      0.000578     -3.253232     -7.451471
      3.704250      0.000447     -3.256395     -7.448302
      3.704375      0.000307     -3.259589     -7.445093
      3.704500      0.000166     -3.262826     -7.441840
      3.704625      0.000030     -3.266115     -7.438539
      3.704750     -0.000102     -3.269464     -7.435184
      3.704875     -0.000234     -3.272875     -7.431766
      3.705000     -0.000369     -3.276358     -7.428273
      3.705125     -0.000482     -3.279943     -7.424700
      3.705250     -0.000502     -3.283650     -7.421098
      3.705375     -0.000372     -3.287298     -7.417705
      3.705500     -0.000161     -3.290728     -7.414610
      3.705625      0.000040     -3.294111     -7.411554
      3.705750      0.000194     -3.297511     -7.408433
      3.705875      0.000296     -3.300921     -7.405250
      3.706000      0.000349     -3.304329     -7.402020
      3.706125      0.000361     -3.307731     -7.398755
      3.706250      0.000341     -3.311124     -7.395466
      3.706375      0.000297     -3.314511     -7.392161
      3.706500      0.000236     -3.317892     -7.388844
      3.706625      0.000167     -3.321271     -7.385520
      3.706750      0.000096     -3.324652     -7.382194
      3.706875      0.000029     -3.328037     -7.378868
      3.707000     -0.000026     -3.331429     -7.375545
      3.707125     -0.000065     -3.334830     -7.372230
      3.707250     -0.000085     -3.338241     -7.368923
      3.707375     -0.000085     -3.341663     -7.365627
      3.707500     -0.000066     -3.345094     -7.362340
      3.707625     -0.000035     -3.348533     -7.359057
      3.707750     -0.000002     -3.351983     -7.355765
      3.707875      0.000007     -3.355444     -7.352438
      3.708000     -0.000114     -3.358892     -7.348994
      3.708125     -0.000352     -3.362331     -7.345442
      3.708250     -0.000454     -3.366366     -7.341429
      3.708375     -0.000254     -3.370598     -7.337523
      3.708500      0.000266     -3.374167     -7.334599
      3.708625      0.000629     -3.377640     -7.331614
      3.708750      0.000814     -3.381093     -7.328471
      3.708875      0.000864     -3.384499     -7.325241
      3.709000      0.000814     -3.387861     -7.321953
      3.709125      0.000692     -3.391209     -7.318608
      3.709250      0.000530     -3.394582     -7.315197
      3.709375      0.000358     -3.398010     -7.311723
      3.709500      0.000208     -3.401497     -7.308212
      3.709625      0.000104     -3.405030     -7.304699
      3.709750      0.000052     -3.408587     -7.301215
      3.709875      0.000042     -3.412139     -7.297777
      3.710000      0.000047     -3.415658     -7.294389
      3.710125      0.000041     -3.419124     -7.291042
      3.710250      0.000002     -3.422528     -7.287725
      3.710375     -0.000073     -3.425879     -7.284423
      3.710500     -0.000136     -3.429241     -7.281123
      3.710625     -0.000082     -3.432731     -7.277813
      3.710750      0.000096     -3.436365     -7.274482
      3.710875      0.000277     -3.440031     -7.271122
      3.711000      0.000390     -3.443664     -7.267726
      3.711125      0.000424     -3.447257     -7.264292
      3.711250      0.000389     -3.450822     -7.260817
      3.711375      0.000301     -3.454378     -7.257299
      3.711500      0.000177     -3.457941     -7.253736
      3.711625      0.000030     -3.461528     -7.250127
      3.711750     -0.000125     -3.465156     -7.246468
      3.711875     -0.000278     -3.468841     -7.242755
      3.712000     -0.000423     -3.472595     -7.238981
      3.712125     -0.000563     -3.476427     -7.235136
      3.712250     -0.000704     -3.480342     -7.231204
      3.712375     -0.000836     -3.484367     -7.227172
      3.712500     -0.000875     -3.488551     -7.223074
      3.712625     -0.000730     -3.492719     -7.219176
      3.712750     -0.000481     -3.496630     -7.215639
      3.712875     -0.000251     -3.500490     -7.212135
      3.713000     -0.000084     -3.504371     -7.208545
      3.713125      0.000016     -3.508261     -7.204880
      3.713250      0.000057     -3.512149     -7.201159
      3.713375      0.000051     -3.516029     -7.197397
      3.713500      0.000009     -3.519901     -7.193608
      3.713625     -0.000058     -3.523768     -7.189799
      3.713750     -0.000138     -3.527635     -7.185977
      3.713875     -0.000219     -3.531507     -7.182150
      3.714000     -0.000288     -3.535388     -7.178324
      3.714125     -0.000335     -3.539283     -7.174507
      3.714250     -0.000348     -3.543192     -7.170710
      3.714375     -0.000324     -3.547112     -7.166939
      3.714500     -0.000269     -3.551032     -7.163199
      3.714625     -0.000196     -3.554936     -7.159493
      3.714750     -0.000125     -3.558810     -7.155815
      3.714875     -0.000073     -3.562645     -7.152158
      3.715000     -0.000053     -3.566435     -7.148512
      3.715125     -0.000067     -3.570190     -7.144868
      3.715250     -0.000080     -3.573953     -7.141218
      3.715375     -0.000015     -3.577808     -7.137552
      3.715500      0.000163     -3.581798     -7.133864
      3.715625      0.000375     -3.585852     -7.130148
      3.715750      0.000546     -3.589898     -7.126398
      3.715875      0.000651     -3.593914     -7.122611
      3.716000      0.000689     -3.597903     -7.118786
      3.716125      0.000671     -3.601876     -7.114920
      3.716250      0.000608     -3.605846     -7.111012
      3.716375      0.000513     -3.609827     -7.107061
      3.716500      0.000397     -3.613831     -7.103066
      3.716625      0.000270     -3.617870     -7.099024
      3.716750      0.000141     -3.621958     -7.094933
      3.716875      0.000016     -3.626106     -7.090786
      3.717000     -0.000104     -3.630320     -7.086577
      3.717125     -0.000225     -3.634605     -7.082296
      3.717250     -0.000349     -3.638970     -7.077931
      3.717375     -0.000449     -3.643450     -7.073477
      3.717500     -0.000440     -3.648063     -7.068998
      3.717625     -0.000275     -3.652597     -7.064752
      3.717750     -0.000044     -3.656927     -7.060779
      3.717875      0.000165     -3.661228     -7.056812
      3.718000      0.000319     -3.665550     -7.052768
      3.718125      0.000414     -3.669886     -7.048653
      3.718250      0.000458     -3.674225     -7.044482
      3.718375      0.000458     -3.678564     -7.040269
      3.718500      0.000424     -3.682901     -7.036023
      3.718625      0.000365     -3.687238     -7.031752
      3.718750      0.000291     -3.691579     -7.027462
      3.718875      0.000209     -3.695926     -7.023158
      3.719000      0.000129     -3.700283     -7.018846
      3.719125      0.000060     -3.704653     -7.014531
      3.719250      0.000009     -3.709038     -7.010221
      3.719375     -0.000015     -3.713438     -7.005922
      3.719500     -0.000010     -3.717851     -7.001639
      3.719625      0.000019     -3.722269     -6.997376
      3.719750      0.000066     -3.726684     -6.993132
      3.719875      0.000118     -3.731089     -6.988904
      3.720000      0.000163     -3.735477     -6.984686
      3.720125      0.000192     -3.739847     -6.980470
      3.720250      0.000199     -3.744200     -6.976249
      3.720375      0.000183     -3.748543     -6.972015
      3.720500      0.000152     -3.752891     -6.967762
      3.720625      0.000127     -3.757271     -6.963482
      3.720750      0.000130     -3.761713     -6.959168
      3.720875      0.000162     -3.766226     -6.954810
      3.721000      0.000192     -3.770796     -6.950396
      3.721125      0.000168     -3.775399     -6.945895
      3.721250      0.000004     -3.780031     -6.941223
      3.721375     -0.000295     -3.785254     -6.935826
      3.721500     -0.000400     -3.791668     -6.929432
      3.721625     -0.000185     -3.796753     -6.924686
      3.721750     -0.000181     -3.801607     -6.919962
      3.721875     -0.000216     -3.806385     -6.915274
      3.722000     -0.000228     -3.811139     -6.910633
      3.722125     -0.000185     -3.815886     -6.906055
      3.722250     -0.000081     -3.820617     -6.901552
      3.722375      0.000057     -3.825310     -6.897122
      3.722500      0.000188     -3.829941     -6.892747
      3.722625      0.000279     -3.834501     -6.888403
      3.722750      0.000313     -3.838995     -6.884068
      3.722875      0.000327     -3.843478     -6.879724
      3.723000      0.000446     -3.848090     -6.875356
      3.723125      0.000710     -3.852881     -6.870954
      3.723250      0.000975     -3.857717     -6.866508
      3.723375      0.001151     -3.862514     -6.862012
      3.723500      0.001226     -3.867264     -6.857461
      3.723625      0.001212     -3.871985     -6.852853
      3.723750      0.001128     -3.876697     -6.848181
      3.723875      0.000992     -3.881427     -6.843440
      3.724000      0.000821     -3.886199     -6.838621
      3.724125      0.000630     -3.891043     -6.833712
      3.724250      0.000434     -3.895982     -6.828703
      3.724375      0.000238     -3.901032     -6.823581
      3.724500      0.000036     -3.906199     -6.818337
      3.724625     -0.000170     -3.911495     -6.812961
      3.724750     -0.000317     -3.916969     -6.807464
      3.724875     -0.000281     -3.922557     -6.802037
      3.725000     -0.000093     -3.927914     -6.796993
      3.725125      0.000097     -3.933164     -6.792058
      3.725250      0.000223     -3.938441     -6.787032
      3.725375      0.000277     -3.943742     -6.781910
      3.725500      0.000268     -3.949053     -6.776716
      3.725625      0.000210     -3.954369     -6.771466
      3.725750      0.000115     -3.959692     -6.766173
      3.725875     -0.000002     -3.965024     -6.760849
      3.726000     -0.000127     -3.970371     -6.755502
      3.726125     -0.000249     -3.975736     -6.750141
      3.726250     -0.000351     -3.981122     -6.744777
      3.726375     -0.000421     -3.986530     -6.739424
      3.726500     -0.000448     -3.991957     -6.734095
      3.726625     -0.000433     -3.997392     -6.728801
      3.726750     -0.000387     -4.002821     -6.723542
      3.726875     -0.000332     -4.008231     -6.718312
      3.727000     -0.000290     -4.013613     -6.713098
      3.727125     -0.000278     -4.018961     -6.707886
      3.727250     -0.000302     -4.024283     -6.702664
      3.727375     -0.000335     -4.029620     -6.697420
      3.727500     -0.000288     -4.035067     -6.692145
      3.727625     -0.000114     -4.040682     -6.686829
      3.727750      0.000101     -4.046385     -6.681466
      3.727875      0.000269     -4.052093     -6.676051
      3.728000      0.000363     -4.057783     -6.670580
      3.728125      0.000386     -4.063461     -6.665050
      3.728250      0.000350     -4.069141     -6.659459
      3.728375      0.000269     -4.074838     -6.653806
      3.728500      0.000157     -4.080569     -6.648088
      3.728625      0.000028     -4.086350     -6.642303
      3.728750     -0.000107     -4.092196     -6.636448
      3.728875     -0.000238     -4.098121     -6.630516
      3.729000     -0.000362     -4.104137     -6.624501
      3.729125     -0.000484     -4.110251     -6.618391
      3.729250     -0.000609     -4.116469     -6.612172
      3.729375     -0.000716     -4.122825     -6.605834
      3.729500     -0.000710     -4.129358     -6.599432
      3.729625     -0.000526     -4.135863     -6.593236
      3.729750     -0.000268     -4.142165     -6.587317
      3.729875     -0.000041     -4.148453     -6.581381
      3.730000      0.000120     -4.154783     -6.575337
      3.730125      0.000215     -4.161149     -6.569191
      3.730250      0.000252     -4.167541     -6.562961
      3.730375      0.000244     -4.173957     -6.556662
      3.730500      0.000200     -4.180398     -6.550302
      3.730625      0.000134     -4.186868     -6.543891
      3.730750      0.000056     -4.193370     -6.537436
      3.730875     -0.000022     -4.199908     -6.530945
      3.731000     -0.000086     -4.206483     -6.524431
      3.731125     -0.000125     -4.213094     -6.517906
      3.731250     -0.000129     -4.219736     -6.511385
      3.731375     -0.000096     -4.226401     -6.504878
      3.731500     -0.000034     -4.233077     -6.498389
      3.731625      0.000039     -4.239754     -6.491910
      3.731750      0.000105     -4.246426     -6.485429
      3.731875      0.000146     -4.253090     -6.478931
      3.732000      0.000149     -4.259747     -6.472402
      3.732125      0.000126     -4.266420     -6.465831
      3.732250      0.000130     -4.273172     -6.459208
      3.732375      0.000243     -4.280094     -6.452524
      3.732500      0.000447     -4.287174     -6.445772
      3.732625      0.000645     -4.294322     -6.438948
      3.732750      0.000782     -4.301487     -6.432045
      3.732875      0.000847     -4.308661     -6.425061
      3.733000      0.000847     -4.315854     -6.417992
      3.733125      0.000793     -4.323081     -6.410837
      3.733250      0.000699     -4.330357     -6.403592
      3.733375      0.000578     -4.337697     -6.396256
      3.733500      0.000441     -4.345116     -6.388825
      3.733625      0.000298     -4.352629     -6.381294
      3.733750      0.000159     -4.360251     -6.373658
      3.733875      0.000025     -4.367992     -6.365908
      3.734000     -0.000108     -4.375858     -6.358034
      3.734125     -0.000246     -4.383858     -6.350021
      3.734250     -0.000369     -4.392020     -6.341861
      3.734375     -0.000394     -4.400389     -6.333592
      3.734500     -0.000250     -4.408810     -6.325440
      3.734625     -0.000023     -4.417077     -6.317525
      3.734750      0.000184     -4.425346     -6.309588
      3.734875      0.000331     -4.433695     -6.301511
      3.735000      0.000415     -4.442126     -6.293289
      3.735125      0.000442     -4.450632     -6.284935
      3.735250      0.000423     -4.459211     -6.276462
      3.735375      0.000368     -4.467867     -6.267876
      3.735500      0.000288     -4.476604     -6.259185
      3.735625      0.000194     -4.485427     -6.250392
      3.735750      0.000095     -4.494342     -6.241504
      3.735875      0.000004     -4.503350     -6.232528
      3.736000     -0.000069     -4.512454     -6.223477
      3.736125     -0.000113     -4.521649     -6.214363
      3.736250     -0.000122     -4.530929     -6.205199
      3.736375     -0.000099     -4.540284     -6.195992
      3.736500     -0.000053     -4.549711     -6.186736
      3.736625     -0.000001     -4.559207     -6.177417
      3.736750      0.000040     -4.568775     -6.168015
      3.736875      0.000056     -4.578420     -6.158511
      3.737000      0.000039     -4.588151     -6.148888
      3.737125      0.000001     -4.597995     -6.139131
      3.737250     -0.000005     -4.608016     -6.129229
      3.737375      0.000088     -4.618294     -6.119169
      3.737500      0.000266     -4.628824     -6.108942
      3.737625      0.000447     -4.639534     -6.098539
      3.737750      0.000580     -4.650381     -6.087948
      3.737875      0.000650     -4.661362     -6.077163
      3.738000      0.000662     -4.672490     -6.066172
      3.738125      0.000627     -4.683783     -6.054968
      3.738250      0.000553     -4.695263     -6.043541
      3.738375      0.000453     -4.706949     -6.031879
      3.738500      0.000336     -4.718865     -6.019971
      3.738625      0.000210     -4.731031     -6.007804
      3.738750      0.000084     -4.743471     -5.995364
      3.738875     -0.000037     -4.756206     -5.982632
      3.739000     -0.000151     -4.769258     -5.969591
      3.739125     -0.000261     -4.782646     -5.956218
      3.739250     -0.000371     -4.796389     -5.942490
      3.739375     -0.000479     -4.810514     -5.928382
      3.739500     -0.000564     -4.825062     -5.913874
      3.739625     -0.000583     -4.840075     -5.898967
      3.739750     -0.000506     -4.855526     -5.883718
      3.739875     -0.000365     -4.871329     -5.868181
      3.740000     -0.000212     -4.887524     -5.852264
      3.740125     -0.000080     -4.904224     -5.835822
      3.740250      0.000019     -4.921512     -5.818758
      3.740375      0.000067     -4.939454     -5.800988
      3.740500     -0.000093     -4.958118     -5.782290
      3.740625     -0.000181     -4.980328     -5.760116
      3.740750      0.000635     -5.000508     -5.740877
      3.740875      0.001115     -5.022286     -5.719704
      3.741000      0.001197     -5.045398     -5.696798
      3.741125      0.001047     -5.070318     -5.671854
      3.741250      0.000766     -5.097699     -5.644317
      3.741375      0.000444     -5.128459     -5.613360
      3.741500      0.000137     -5.164040     -5.577597
      3.741625     -0.000146     -5.207439     -5.534041
      3.741750     -0.000413     -5.268021     -5.473316
      3.741875     -0.000622     -5.369864     -5.371389
      3.742000     -0.000610     -5.370637     -5.370753
      3.742125     -0.000391     -5.369387     -5.372347
      3.742250     -0.000172     -5.370521     -5.371557
      3.742375     -0.000032     -5.371256     -5.371087
      3.742500      0.000026     -5.371290     -5.371236
      3.742625      0.000017     -5.370335     -5.372307
      3.742750     -0.000041     -5.371562     -5.371147
      3.742875     -0.000131     -5.372249     -5.370494
      3.743000     -0.000236     -5.371657     -5.371106
      3.743125     -0.000339     -5.372343     -5.370442
      3.743250     -0.000424     -5.371200     -5.371627
      3.743375     -0.000472     -5.370968     -5.371935
      3.743500     -0.000473     -5.370286     -5.372741
      3.743625     -0.000427     -5.371094     -5.372104
      3.743750     -0.000350     -5.372351     -5.371049
      3.743875     -0.000268     -5.372649     -5.370958
      3.744000     -0.000205     -5.371605     -5.372190
      3.744125     -0.000182     -5.369596     -5.374347
      3.744250     -0.000195     -5.372078     -5.371977
      3.744375     -0.000184     -5.373365     -5.370826
      3.744500     -0.000046     -5.370958     -5.373496
      3.744625      0.000194     -5.371049     -5.373770
      3.744750      0.000415     -5.371147     -5.374018
      3.744875      0.000559     -5.371063     -5.374371
      3.745000      0.000620     -5.370740     -5.374881
      3.745125      0.000611     -5.371875     -5.373862
      3.745250      0.000548     -5.371058     -5.374740
      3.745375      0.000447     -5.370620     -5.375202
      3.745500      0.000324     -5.372452     -5.373371
      3.745625      0.000191     -5.369769     -5.376047
      3.745750      0.000061     -5.372800     -5.373011
      3.745875     -0.000062     -5.369772     -5.376042
      3.746000     -0.000183     -5.371032     -5.374785
      3.746125     -0.000310     -5.370830     -5.374985
      3.746250     -0.000417     -5.371150     -5.374683
      3.746375     -0.000404     -5.371090     -5.374881
      3.746500     -0.000212     -5.371870     -5.374418
      3.746625      0.000042     -5.372387     -5.374280
      3.746750      0.000255     -5.372112     -5.374893
      3.746875      0.000399     -5.372156     -5.375118
      3.747000      0.000475     -5.374130     -5.373346
      3.747125      0.000495     -5.373652     -5.373968
      3.747250      0.000471     -5.373214     -5.374508
      3.747375      0.000415     -5.372825     -5.374965
      3.747500      0.000339     -5.374028     -5.373811
      3.747625      0.000253     -5.373997     -5.373881
      3.747750      0.000167     -5.373834     -5.374084
      3.747875      0.000093     -5.373945     -5.374023
      3.748000      0.000037     -5.373588     -5.374450
      3.748125      0.000006     -5.374443     -5.373688
      3.748250      0.000001     -5.374088     -5.374163
      3.748375      0.000015     -5.374219     -5.374171
      3.748500      0.000039     -5.374348     -5.374191
      3.748625      0.000057     -5.374549     -5.374134
      3.748750      0.000047     -5.374953     -5.373844
      3.748875     -0.000061     -5.374012     -5.374802
      3.749000      0.000632     -5.374839     -5.374793
      3.749125     -0.000814     -5.377127     -5.371184
      3.749250     -0.000405     -5.374998     -5.373846
      3.749375      0.000194     -5.376435     -5.373134
      3.749500      0.000503     -5.376666     -5.373337
      3.749625      0.000624     -5.376829     -5.373420
      3.749750      0.000639     -5.376426     -5.373964
      3.749875      0.000597     -5.374863     -5.375609
      3.750000      0.000526     -5.376914     -5.373612
      3.750125      0.000445     -5.376829     -5.373741
      3.750250      0.000373     -5.377025     -5.373598
      3.750375      0.000326     -5.376390     -5.374311
      3.750500      0.000306     -5.374743     -5.376063
      3.750625      0.000295     -5.375952     -5.374967
      3.750750      0.000272     -5.376747     -5.374275
      3.750875      0.000226     -5.376036     -5.375065
      3.751000      0.000161     -5.374973     -5.376188
      3.751125      0.000121     -5.374193     -5.377052
      3.751250      0.000161     -5.374632     -5.376780
      3.751375      0.000302     -5.375190     -5.376486
      3.751500      0.000519     -5.375466     -5.376553
      3.751625     -0.000386     -5.374695     -5.376544
      3.751750      0.000341     -5.377617     -5.374475
      3.751875      0.000073     -5.378088     -5.373859
      3.752000     -0.000371     -5.377087     -5.374542
      3.752125     -0.000679     -5.377949     -5.373497
      3.752250     -0.000809     -5.377577     -5.373864
      3.752375     -0.000800     -5.377507     -5.374068
      3.752500     -0.000736     -5.378595     -5.373169
      3.752625     -0.000684     -5.378354     -5.373587
      3.752750     -0.000658     -5.377520     -5.374571
      3.752875     -0.000584     -5.377757     -5.374534
      3.753000     -0.000683     -5.373197     -5.379120
      3.753125     -0.000260     -5.375617     -5.377247
      3.753250      0.000231     -5.375553     -5.377928
      3.753375      0.000351     -5.376309     -5.377417
      3.753500      0.000318     -5.376713     -5.377104
      3.753625      0.000225     -5.377136     -5.376713
      3.753750      0.000123     -5.376591     -5.377282
      3.753875      0.000043     -5.377249     -5.376669
      3.754000      0.000003     -5.376802     -5.377201
      3.754125      0.000006     -5.377099     -5.377033
      3.754250      0.000039     -5.377242     -5.377047
      3.754375      0.000084     -5.377275     -5.377184
      3.754500      0.000122     -5.377225     -5.377397
      3.754625      0.000139     -5.377699     -5.377066
      3.754750      0.000103     -5.377385     -5.377468
      3.754875     -0.000157     -5.377414     -5.377304
      3.755000     -0.000857     -5.378047     -5.376097
      3.755125     -0.000623     -5.375662     -5.378840
      3.755250     -0.000009     -5.379867     -5.375374
      3.755375      0.000308     -5.380969     -5.374715
      3.755500      0.000438     -5.380230     -5.375708
      3.755625      0.000467     -5.380487     -5.375606
      3.755750      0.000440     -5.380373     -5.375817
      3.755875      0.000383     -5.380834     -5.375424
      3.756000      0.000308     -5.380300     -5.376008
      3.756125      0.000224     -5.380239     -5.376109
      3.756250      0.000134     -5.380759     -5.375625
      3.756375      0.000037     -5.380845     -5.375567
      3.756500     -0.000075     -5.380861     -5.375565
      3.756625     -0.000226     -5.377794     -5.378606
      3.756750      0.000282     -5.376625     -5.380408
      3.756875      0.000420     -5.376353     -5.380942
      3.757000      0.000108     -5.376724     -5.380384
      3.757125     -0.000159     -5.376631     -5.380335
      3.757250     -0.000399     -5.376802     -5.380049
      3.757375     -0.000462     -5.377390     -5.379523
      3.757500     -0.000239     -5.378037     -5.379224
      3.757625      0.000024     -5.378162     -5.379487
      3.757750      0.000201     -5.377679     -5.380272
      3.757875      0.000288     -5.378579     -5.379583
      3.758000      0.000303     -5.378221     -5.380082
      3.758125      0.000267     -5.379480     -5.378912
      3.758250      0.000196     -5.380579     -5.377868
      3.758375      0.000107     -5.378677     -5.379805
      3.758500      0.000011     -5.379294     -5.379217
      3.758625     -0.000079     -5.379946     -5.378600
      3.758750     -0.000151     -5.379785     -5.378814
      3.758875     -0.000192     -5.380134     -5.378548
      3.759000     -0.000198     -5.379463     -5.379339
      3.759125     -0.000169     -5.380168     -5.378789
      3.759250     -0.000116     -5.380587     -5.378548
      3.759375     -0.000055     -5.380648     -5.378672
      3.759500     -0.000003     -5.380113     -5.379384
      3.759625      0.000026     -5.380232     -5.379419
      3.759750      0.000024     -5.378365     -5.381409
      3.759875     -0.000003     -5.381547     -5.378325
      3.760000     -0.000018     -5.379484     -5.380498
      3.760125      0.000043     -5.379545     -5.380623
      3.760250      0.000194     -5.378968     -5.381476
      3.760375      0.000373     -5.383546     -5.377202
      3.760500      0.000524     -5.379050     -5.381975
      3.760625      0.000625     -5.379900     -5.381350
      3.760750      0.000675     -5.382194     -5.379232
      3.760875      0.000681     -5.380499     -5.381058
      3.761000      0.000652     -5.379342     -5.382310
      3.761125      0.000596     -5.380203     -5.381519
      3.761250      0.000523     -5.380406     -5.381366
      3.761375      0.000439     -5.377929     -5.383885
      3.761500      0.000352     -5.381234     -5.380617
      3.761625      0.000268     -5.379605     -5.382289
      3.761750      0.000197     -5.379220     -5.382727
      3.761875      0.000150     -5.379294     -5.382731
      3.762000      0.000148     -5.379303     -5.382845
      3.762125      0.000244     -5.378559     -5.383810
      3.762250      0.000608     -5.379629     -5.383228
      3.762375     -0.000026     -5.383478     -5.378872
      3.762500      0.000259     -5.383864     -5.378896
      3.762625      0.000496     -5.382905     -5.380216
      3.762750      0.000584     -5.383745     -5.379589
      3.762875      0.000555     -5.383631     -5.379799
      3.763000      0.000489     -5.381608     -5.381881
      3.763125      0.000488     -5.382749     -5.380864
      3.763250      0.000589     -5.384462     -5.379378
      3.763375      0.000722     -5.381661     -5.382436
      3.763500      0.000737     -5.382628     -5.381609
      3.763625      0.000199     -5.384062     -5.379761
      3.763750      0.000302     -5.382427     -5.381625
      3.763875      0.000216     -5.382614     -5.381477
      3.764000      0.000048     -5.383071     -5.380977
      3.764125     -0.000193     -5.383461     -5.380471
      3.764250     -0.000408     -5.383378     -5.380464
      3.764375     -0.000517     -5.383620     -5.380237
      3.764500     -0.000549     -5.383439     -5.380512
      3.764625     -0.000567     -5.384627     -5.379431
      3.764750     -0.000621     -5.383219     -5.380910
      3.764875     -0.000691     -5.382550     -5.381634
      3.765000     -0.000622     -5.383795     -5.380583
      3.765125     -0.000365     -5.382599     -5.382161
      3.765250     -0.000115     -5.380302     -5.384833
      3.765375      0.000031     -5.382641     -5.382765
      3.765500      0.000075     -5.383791     -5.381784
      3.765625      0.000040     -5.383209     -5.382457
      3.765750     -0.000046     -5.382798     -5.382906
      3.765875     -0.000162     -5.381986     -5.383727
      3.766000     -0.000286     -5.381870     -5.383844
      3.766125     -0.000404     -5.387010     -5.378712
      3.766250     -0.000510     -5.382856     -5.382884
      3.766375     -0.000614     -5.383239     -5.382522
      3.766500     -0.000720     -5.383681     -5.382099
      3.766625     -0.000765     -5.383074     -5.382786
      3.766750     -0.000612     -5.384714     -5.381424
      3.766875     -0.000315     -5.384660     -5.381900
      3.767000     -0.000035     -5.385519     -5.381447
      3.767125      0.000167     -5.386309     -5.380983
      3.767250      0.000287     -5.385453     -5.382084
      3.767375      0.000340     -5.386175     -5.381540
      3.767500      0.000339     -5.382904     -5.384935
      3.767625      0.000300     -5.386577     -5.381348
      3.767750      0.000238     -5.386245     -5.381743
      3.767875      0.000166     -5.385848     -5.382193
      3.768000      0.000097     -5.386402     -5.381695
      3.768125      0.000043     -5.385684     -5.382483
      3.768250      0.000012     -5.386096     -5.382167
      3.768375      0.000009     -5.383991     -5.384394
      3.768500      0.000029     -5.386271     -5.382259
      3.768625      0.000061     -5.385807     -5.382879
      3.768750      0.000088     -5.386309     -5.382529
      3.768875      0.000096     -5.386620     -5.382351
      3.769000      0.000069     -5.384968     -5.384101
      3.769125     -0.000022     -5.385017     -5.384086
      3.769250     -0.000297     -5.386548     -5.382405
      3.769375     -0.000205     -5.382555     -5.386615
      3.769500     -0.000245     -5.383387     -5.385868
      3.769625      0.000222     -5.384405     -5.385442
      3.769750      0.000363     -5.384266     -5.385848
      3.769875      0.000332     -5.385056     -5.385152
      3.770000      0.000224     -5.384477     -5.385747
      3.770125      0.000091     -5.385745     -5.384472
      3.770250     -0.000035     -5.385072     -5.385143
      3.770375     -0.000130     -5.385674     -5.384571
      3.770500     -0.000181     -5.385598     -5.384721
      3.770625     -0.000190     -5.383936     -5.386499
      3.770750     -0.000171     -5.385931     -5.384648
      3.770875     -0.000147     -5.386484     -5.384244
      3.771000     -0.000136     -5.385894     -5.384970
      3.771125     -0.000138     -5.386270     -5.384717
      3.771250     -0.000008     -5.386141     -5.385100
      3.771375      0.000132     -5.384834     -5.386673
      3.771500     -0.000024     -5.386487     -5.384989
      3.771625      0.000157     -5.384647     -5.387135
      3.771750      0.000280     -5.384333     -5.387697
      3.771875      0.000307     -5.385523     -5.386659
      3.772000      0.000281     -5.386240     -5.386041
      3.772125      0.000234     -5.386463     -5.385896
      3.772250      0.000189     -5.386338     -5.386101
      3.772375      0.000168     -5.386647     -5.385897
      3.772500      0.000200     -5.386707     -5.385992
      3.772625      0.000333     -5.387122     -5.385836
      3.772750      0.000652     -5.388164     -5.385238
      3.772875      0.000522     -5.388957     -5.384440
      3.773000      0.000567     -5.384847     -5.388720
      3.773125      0.000316     -5.385137     -5.388303
      3.773250      0.000109     -5.385872     -5.387487
      3.773375     -0.000054     -5.387147     -5.386174
      3.773500     -0.000169     -5.385858     -5.387472
      3.773625     -0.000247     -5.384976     -5.388402
      3.773750     -0.000306     -5.385951     -5.387493
      3.773875     -0.000359     -5.387146     -5.386370
      3.774000     -0.000398     -5.386151     -5.387450
      3.774125     -0.000374     -5.385659     -5.388092
      3.774250     -0.000089     -5.386042     -5.388120
      3.774375      0.000101     -5.389311     -5.385164
      3.774500      0.000566     -5.387494     -5.387572
      3.774625      0.000510     -5.387751     -5.387385
      3.774750      0.000423     -5.388344     -5.386829
      3.774875      0.000523     -5.386901     -5.388497
      3.775000      0.000688     -5.386488     -5.389199
      3.775125      0.000817     -5.386724     -5.389218
      3.775250      0.000895     -5.386303     -5.389842
      3.775375      0.000933     -5.386878     -5.389430
      3.775500      0.000941     -5.387184     -5.389257
      3.775625      0.000930     -5.388113     -5.388442
      3.775750      0.000908     -5.388167     -5.388491
      3.775875      0.000883     -5.388361     -5.388397
      3.776000      0.000865     -5.391423     -5.385441
      3.776125      0.000856     -5.388102     -5.388879
      3.776250      0.000853     -5.388788     -5.388314
      3.776375      0.000836     -5.388112     -5.389099
      3.776500      0.000770     -5.387634     -5.389636
      3.776625      0.000665     -5.386962     -5.390328
      3.776750      0.000129     -5.388701     -5.388179
      3.776875     -0.000165     -5.387327     -5.389383
      3.777000     -0.000098     -5.388722     -5.388180
      3.777125     -0.000004     -5.389011     -5.388111
      3.777250      0.000026     -5.390034     -5.387242
      3.777375     -0.000001     -5.388634     -5.388740
      3.777500      0.000050     -5.388433     -5.389117
      3.777625      0.000253     -5.389282     -5.388597
      3.777750      0.000460     -5.389024     -5.389186
      3.777875      0.000572     -5.389549     -5.388898
      3.778000      0.000584     -5.388716     -5.389869
      3.778125      0.000517     -5.388794     -5.389848
      3.778250      0.000394     -5.387168     -5.391476
      3.778375      0.000236     -5.388472     -5.390139
      3.778500      0.000059     -5.388980     -5.389579
      3.778625     -0.000123     -5.388766     -5.389737
      3.778750     -0.000298     -5.388885     -5.389567
      3.778875     -0.000461     -5.388030     -5.390384
      3.779000     -0.000613     -5.387982     -5.390405
      3.779125     -0.000763     -5.388506     -5.389856
      3.779250     -0.000911     -5.390488     -5.387851
      3.779375     -0.001018     -5.389341     -5.389017
      3.779500     -0.000997     -5.388219     -5.390284
      3.779625     -0.000834     -5.390240     -5.388551
      3.779750     -0.000627     -5.390314     -5.388809
      3.779875     -0.000451     -5.391492     -5.387932
      3.780000     -0.000328     -5.390181     -5.389491
      3.780125     -0.000258     -5.391015     -5.388852
      3.780250     -0.000234     -5.391080     -5.388936
      3.780375     -0.000247     -5.391381     -5.388747
      3.780500     -0.000287     -5.391901     -5.388312
      3.780625     -0.000346     -5.389386     -5.390893
      3.780750     -0.000416     -5.391727     -5.388607
      3.780875     -0.000488     -5.391783     -5.388605
      3.781000     -0.000554     -5.391130     -5.389316
      3.781125     -0.000607     -5.392306     -5.388212
      3.781250     -0.000641     -5.390939     -5.389670
      3.781375     -0.000649     -5.391870     -5.388856
      3.781500     -0.000624     -5.390881     -5.389995
      3.781625     -0.000558     -5.391710     -5.389357
      3.781750     -0.000433     -5.391889     -5.389428
      3.781875     -0.000225     -5.392622     -5.389028
      3.782000     -0.000078     -5.391381     -5.390541
      3.782125      0.000007     -5.389521     -5.392611
      3.782250     -0.000686     -5.389044     -5.392520
      3.782375     -0.000854     -5.389884     -5.391637
      3.782500     -0.000509     -5.390668     -5.391323
      3.782625     -0.000164     -5.391188     -5.391273
      3.782750      0.000033     -5.392547     -5.390236
      3.782875      0.000111     -5.391110     -5.391876
      3.783000      0.000109     -5.391611     -5.391498
      3.783125      0.000058     -5.391671     -5.391512
      3.783250     -0.000017     -5.391492     -5.391741
      3.783375     -0.000093     -5.391620     -5.391662
      3.783500     -0.000148     -5.391125     -5.392227
      3.783625     -0.000165     -5.391431     -5.392029
      3.783750     -0.000136     -5.391288     -5.392327
      3.783875     -0.000070     -5.392704     -5.391101
      3.784000      0.000009     -5.391555     -5.392454
      3.784125      0.000075     -5.391829     -5.392371
      3.784250      0.000110     -5.391322     -5.393038
      3.784375      0.000110     -5.391613     -5.392872
      3.784500      0.000076     -5.391783     -5.392793
      3.784625      0.000003     -5.391672     -5.392955
      3.784750     -0.000334     -5.392091     -5.392325
      3.784875     -0.000567     -5.393669     -5.390639
      3.785000      0.000135     -5.394928     -5.390207
      3.785125      0.000292     -5.391849     -5.393568
      3.785250      0.000278     -5.394380     -5.391149
      3.785375      0.000220     -5.394685     -5.390910
      3.785500      0.000135     -5.394845     -5.390790
      3.785625      0.000728     -5.392854     -5.393499
      3.785750     -0.000234     -5.391718     -5.393798
      3.785875     -0.000537     -5.393161     -5.392177
      3.786000     -0.000566     -5.392396     -5.393039
      3.786125      0.000477     -5.392386     -5.394216
      3.786250      0.000042     -5.393239     -5.393053
      3.786375      0.000214     -5.392853     -5.393737
      3.786500      0.000312     -5.392548     -5.394264
      3.786625     -0.000115     -5.394772     -5.391738
      3.786750     -0.000106     -5.395238     -5.391406
      3.786875      0.000315     -5.394486     -5.392704
      3.787000      0.000675     -5.392561     -5.395114
      3.787125      0.000119     -5.391507     -5.395738
      3.787250     -0.000116     -5.391699     -5.395434
      3.787375     -0.000241     -5.391751     -5.395383
      3.787500     -0.000275     -5.395300     -5.391925
      3.787625      0.000037     -5.392408     -5.395254
      3.787750     -0.000270     -5.393890     -5.393590
      3.787875     -0.000614     -5.395702     -5.391560
      3.788000     -0.000656     -5.395372     -5.391973
      3.788125     -0.000628     -5.392799     -5.394698
      3.788250      0.000288     -5.393521     -5.395017
      3.788375      0.000366     -5.394183     -5.394558
      3.788500      0.000455     -5.394436     -5.394519
      3.788625     -0.000153     -5.394431     -5.394041
      3.788750     -0.000051     -5.395840     -5.392859
      3.788875     -0.000033     -5.395178     -5.393664
      3.789000     -0.000013     -5.394782     -5.394205
      3.789125     -0.000010     -5.393271     -5.395844
      3.789250      0.000165     -5.394250     -5.395165
      3.789375      0.000364     -5.396343     -5.393396
      3.789500      0.000499     -5.394322     -5.395677
      3.789625      0.000028     -5.395877     -5.393776
      3.789750     -0.000298     -5.395101     -5.394351
      3.789875      0.000263     -5.393935     -5.396204
      3.790000      0.000674     -5.396703     -5.393971
      3.790125     -0.000428     -5.394834     -5.394863
      3.790250     -0.000114     -5.395783     -5.394353
      3.790375      0.000610     -5.393666     -5.397319
      3.790500      0.000311     -5.394361     -5.396451
      3.790625      0.000142     -5.391901     -5.398865
      3.790750      0.000024     -5.393413     -5.397361
      3.790875     -0.000109     -5.395429     -5.395336
      3.791000     -0.000288     -5.394518     -5.396194
      3.791125     -0.000536     -5.395644     -5.394945
      3.791250     -0.000789     -5.397377     -5.393084
      3.791375     -0.000798     -5.395853     -5.394724
      3.791500     -0.000437     -5.396784     -5.394279
      3.791625     -0.000099     -5.395306     -5.396220
      3.791750      0.000470     -5.394406     -5.397814
      3.791875     -0.000349     -5.396809     -5.394717
      3.792000     -0.000421     -5.398089     -5.393489
      3.792125      0.000344     -5.394036     -5.398433
      3.792250      0.000312     -5.394685     -5.397877
      3.792375     -0.000681     -5.397866     -5.393828
      3.792500     -0.000647     -5.397682     -5.394172
      3.792625     -0.000719     -5.397141     -5.394765
      3.792750     -0.000814     -5.395929     -5.396007
      3.792875     -0.000841     -5.397531     -5.394503
      3.793000     -0.000783     -5.397587     -5.394630
      3.793125     -0.000640     -5.398602     -5.393884
      3.793250     -0.000778     -5.397750     -5.394722
      3.793375     -0.000643     -5.394971     -5.397762
      3.793500      0.000277     -5.396903     -5.396875
      3.793625     -0.000180     -5.396067     -5.397378
      3.793750      0.000254     -5.397665     -5.396339
      3.793875      0.000590     -5.393793     -5.400672
      3.794000      0.000711     -5.395292     -5.399419
      3.794125      0.000722     -5.397266     -5.397581
      3.794250     -0.000147     -5.397570     -5.396534
      3.794375     -0.000139     -5.398371     -5.395865
      3.794500     -0.000022     -5.397952     -5.396527
      3.794625      0.000030     -5.397011     -5.397644
      3.794750      0.000009     -5.396773     -5.397986
      3.794875      0.000068     -5.398098     -5.396845
      3.795000      0.000079     -5.397825     -5.397254
      3.795125      0.000175     -5.397527     -5.397773
      3.795250      0.000371     -5.398997     -5.396625
      3.795375     -0.000048     -5.396700     -5.398627
      3.795500      0.000260     -5.397019     -5.398741
      3.795625      0.000783     -5.398847     -5.397562
      3.795750      0.000557     -5.398809     -5.397498
      3.795875      0.000873     -5.398765     -5.397984
      3.796000      0.000135     -5.398155     -5.397980
      3.796125      0.000586     -5.398134     -5.398577
      3.796250      0.000652     -5.397178     -5.399724
      3.796375      0.000692     -5.397235     -5.399832
      3.796500      0.000596     -5.396308     -5.400787
      3.796625      0.000109     -5.399449     -5.397286
      3.796750      0.000422     -5.400690     -5.396482
      3.796875      0.000383     -5.400707     -5.396551
      3.797000      0.000320     -5.399681     -5.397639
      3.797125      0.000260     -5.397413     -5.399973
      3.797250      0.000208     -5.399191     -5.398267
      3.797375      0.000160     -5.400386     -5.397149
      3.797500      0.000104     -5.399034     -5.398570
      3.797625      0.000017     -5.400843     -5.396799
      3.797750     -0.000159     -5.399776     -5.397815
      3.797875      0.000478     -5.398088     -5.400264
      3.798000     -0.000082     -5.400077     -5.397841
      3.798125     -0.000451     -5.396538     -5.401137
      3.798250     -0.000430     -5.399015     -5.398805
      3.798375     -0.000287     -5.398795     -5.399293
      3.798500      0.000423     -5.400529     -5.398394
      3.798625     -0.000217     -5.398053     -5.400356
      3.798750      0.000206     -5.398409     -5.400547
      3.798875      0.000225     -5.396631     -5.402470
      3.799000     -0.000371     -5.400638     -5.397990
      3.799125      0.000375     -5.400055     -5.399444
      3.799250      0.000054     -5.400520     -5.398784
      3.799375      0.000294     -5.399552     -5.400117
      3.799500      0.000284     -5.399629     -5.400156
      3.799625      0.001019     -5.399111     -5.401532
      3.799750     -0.000439     -5.399863     -5.399448
      3.799875     -0.000693     -5.400285     -5.398897
      3.800000     -0.000372     -5.402036     -5.397593
      3.800125     -0.000382     -5.400929     -5.398815
      3.800250      0.000127     -5.399889     -5.400488
      3.800375      0.000406     -5.398976     -5.401805
      3.800500      0.000197     -5.399919     -5.400779
      3.800625     -0.000230     -5.399785     -5.400611
      3.800750     -0.000120     -5.399534     -5.401096
      3.800875      0.000031     -5.400158     -5.400748
      3.801000     -0.000049     -5.399949     -5.401002
      3.801125     -0.000248     -5.400106     -5.400771
      3.801250     -0.000254     -5.400211     -5.400786
      3.801375     -0.000485     -5.400353     -5.400537
      3.801500     -0.000588     -5.400412     -5.400500
      3.801625     -0.000650     -5.398347     -5.402628
      3.801750      0.000044     -5.399878     -5.401916
      3.801875      0.000149     -5.400039     -5.401985
      3.802000      0.000395     -5.400169     -5.402226
      3.802125      0.000609     -5.400131     -5.402603
      3.802250     -0.000398     -5.401338     -5.400515
      3.802375     -0.000174     -5.399271     -5.402930
      3.802500     -0.000390     -5.402484     -5.399626
      3.802625      0.000122     -5.400240     -5.402507
      3.802750     -0.000308     -5.401123     -5.401319
      3.802875     -0.000908     -5.402662     -5.399305
      3.803000     -0.000298     -5.401691     -5.401012
      3.803125     -0.000706     -5.400883     -5.401536
      3.803250     -0.000634     -5.402083     -5.400533
      3.803375     -0.000449     -5.402553     -5.400372
      3.803500     -0.000289     -5.401285     -5.401927
      3.803625     -0.000524     -5.401176     -5.401925
      3.803750      0.000143     -5.400703     -5.403190
      3.803875      0.000127     -5.400508     -5.403494
      3.804000      0.000318     -5.400892     -5.403426
      3.804125      0.000327     -5.400997     -5.403455
      3.804250      0.000242     -5.400391     -5.404101
      3.804375      0.000116     -5.399641     -5.404850
      3.804500     -0.000018     -5.400135     -5.404346
      3.804625     -0.000139     -5.400271     -5.404214
      3.804750     -0.000230     -5.400303     -5.404217
      3.804875     -0.000231     -5.399442     -5.405202
      3.805000      0.000144     -5.403603     -5.401540
      3.805125     -0.000748     -5.404423     -5.399954
      3.805250     -0.000585     -5.402545     -5.402120
      3.805375     -0.000527     -5.404328     -5.400520
      3.805500     -0.000499     -5.403509     -5.401493
      3.805625     -0.000852     -5.402046     -5.402727
      3.805750      0.000472     -5.404042     -5.402181
      3.805875      0.000283     -5.403720     -5.402438
      3.806000      0.000325     -5.403887     -5.402439
      3.806125      0.000414     -5.402259     -5.404279
      3.806250      0.000273     -5.402835     -5.403689
      3.806375     -0.000106     -5.403017     -5.403252
      3.806500     -0.000075     -5.403476     -5.402948
      3.806625     -0.000033     -5.404299     -5.402294
      3.806750     -0.000015     -5.403806     -5.402929
      3.806875     -0.000137     -5.403616     -5.403122
      3.807000     -0.000121     -5.402881     -5.403998
      3.807125      0.000075     -5.406200     -5.401001
      3.807250      0.000171     -5.403454     -5.403968
      3.807375      0.000037     -5.402445     -5.404966
      3.807500     -0.000670     -5.403967     -5.402862
      3.807625      0.000115     -5.403346     -5.404394
      3.807750      0.000530     -5.403003     -5.405278
      3.807875      0.000637     -5.401650     -5.406862
      3.808000      0.000800     -5.405780     -5.403020
      3.808125      0.000200     -5.404655     -5.403670
      3.808250     -0.000714     -5.403115     -5.404420
      3.808375     -0.000840     -5.406398     -5.401137
      3.808500     -0.000364     -5.405099     -5.403037
      3.808625      0.000107     -5.403607     -5.405125
      3.808750      0.000321     -5.403211     -5.405860
      3.808875      0.000428     -5.403121     -5.406182
      3.809000      0.000620     -5.404580     -5.405040
      3.809125      0.000746     -5.404198     -5.405673
      3.809250      0.000674     -5.402784     -5.407139
      3.809375      0.000532     -5.404216     -5.405691
      3.809500      0.000504     -5.403179     -5.406825
      3.809625     -0.000384     -5.404784     -5.404457
      3.809750     -0.000057     -5.405678     -5.404015
      3.809875     -0.000103     -5.405947     -5.403825
      3.810000     -0.000185     -5.406425     -5.403390
      3.810125     -0.000714     -5.406108     -5.403303
      3.810250     -0.000173     -5.407744     -5.402333
      3.810375     -0.000053     -5.405672     -5.404650
      3.810500     -0.000132     -5.407317     -5.403052
      3.810625     -0.000248     -5.406718     -5.403659
      3.810750     -0.000327     -5.406614     -5.403809
      3.810875     -0.000340     -5.408439     -5.402096
      3.811000     -0.000312     -5.407278     -5.403411
      3.811125     -0.000107     -5.406138     -5.404881
      3.811250      0.000357     -5.406980     -5.404627
      3.811375      0.000566     -5.406343     -5.405598
      3.811500      0.000226     -5.404549     -5.407177
      3.811625     -0.000338     -5.404905     -5.406381
      3.811750      0.000629     -5.406597     -5.405782
      3.811875      0.000630     -5.406061     -5.406444
      3.812000      0.000531     -5.406642     -5.405889
      3.812125      0.000283     -5.406615     -5.405793
      3.812250      0.000048     -5.405707     -5.406591
      3.812375      0.000005     -5.406836     -5.405544
      3.812500      0.000008     -5.406338     -5.406170
      3.812625     -0.000004     -5.406270     -5.406351
      3.812750     -0.000032     -5.406574     -5.406144
      3.812875     -0.000023     -5.406524     -5.406328
      3.813000      0.000022     -5.406534     -5.406488
      3.813125     -0.000056     -5.407017     -5.406052
      3.813250     -0.000555     -5.408125     -5.404570
      3.813375     -0.000331     -5.405549     -5.407495
      3.813500     -0.000729     -5.405576     -5.407196
      3.813625     -0.000432     -5.405701     -5.407492
      3.813750      0.000656     -5.406643     -5.407762
      3.813875      0.000361     -5.405991     -5.408245
      3.814000      0.000419     -5.406491     -5.407928
      3.814125      0.000516     -5.407584     -5.407057
      3.814250      0.000600     -5.409359     -5.405491
      3.814375      0.000166     -5.407658     -5.406883
      3.814500     -0.000079     -5.407905     -5.406516
      3.814625     -0.000122     -5.406669     -5.407834
      3.814750     -0.000083     -5.408139     -5.406529
      3.814875      0.000054     -5.407950     -5.406979
      3.815000      0.000407     -5.407741     -5.407666
      3.815125     -0.000420     -5.408778     -5.405926
      3.815250     -0.000371     -5.409284     -5.405595
      3.815375     -0.000141     -5.408684     -5.406549
      3.815500      0.000013     -5.408127     -5.407386
      3.815625     -0.000098     -5.409565     -5.405962
      3.815750     -0.000405     -5.405303     -5.410042
      3.815875     -0.000213     -5.406917     -5.408746
      3.816000      0.000337     -5.408870     -5.407467
      3.816125      0.000362     -5.408964     -5.407524
      3.816250      0.000356     -5.409927     -5.406679
      3.816375      0.000271     -5.409027     -5.407619
      3.816500      0.000076     -5.410259     -5.406317
      3.816625      0.001013     -5.407901     -5.409737
      3.816750      0.001159     -5.409090     -5.408819
      3.816875      0.001153     -5.408566     -5.409462
      3.817000      0.001087     -5.408851     -5.409236
      3.817125      0.000978     -5.408797     -5.409305
      3.817250      0.000795     -5.409536     -5.408509
      3.817375     -0.000089     -5.410938     -5.406348
      3.817500      0.000462     -5.409451     -5.408511
      3.817625      0.000207     -5.409818     -5.408014
      3.817750      0.000010     -5.410195     -5.407565
      3.817875     -0.000102     -5.409611     -5.408162
      3.818000     -0.000142     -5.408904     -5.408954
      3.818125     -0.000130     -5.408925     -5.409070
      3.818250     -0.000089     -5.409778     -5.408383
      3.818375     -0.000040     -5.410195     -5.408140
      3.818500     -0.000000     -5.409348     -5.409152
      3.818625      0.000019     -5.409312     -5.409332
      3.818750      0.000012     -5.408519     -5.410243
      3.818875     -0.000014     -5.408641     -5.410220
      3.819000     -0.000036     -5.411385     -5.407579
      3.819125     -0.000009     -5.408507     -5.410609
      3.819250      0.000091     -5.408858     -5.410483
      3.819375      0.000238     -5.410047     -5.409566
      3.819500      0.000387     -5.407782     -5.412104
      3.819625      0.000511     -5.409739     -5.410397
      3.819750      0.000604     -5.408505     -5.411849
      3.819875      0.000671     -5.409211     -5.411335
      3.820000      0.000721     -5.407905     -5.412816
      3.820125      0.000766     -5.410082     -5.410809
      3.820250      0.000797     -5.409954     -5.411093
      3.820375      0.000364     -5.409433     -5.411306
      3.820500      0.000236     -5.412887     -5.407849
      3.820625      0.000249     -5.410565     -5.410309
      3.820750      0.000228     -5.411724     -5.409254
      3.820875      0.000279     -5.411453     -5.409700
      3.821000      0.000382     -5.411537     -5.409845
      3.821125      0.000479     -5.412543     -5.409062
      3.821250      0.000519     -5.411255     -5.410514
      3.821375      0.000477     -5.409957     -5.411895
      3.821500      0.000366     -5.409459     -5.412406
      3.821625      0.000272     -5.410651     -5.411247
      3.821750      0.000329     -5.410087     -5.411992
      3.821875      0.000487     -5.411022     -5.411339
      3.822000      0.000609     -5.410673     -5.411936
      3.822125      0.000650     -5.409909     -5.412866
      3.822250      0.000612     -5.412249     -5.410613
      3.822375      0.000514     -5.409066     -5.413823
      3.822500      0.000373     -5.410002     -5.412871
      3.822625      0.000206     -5.410423     -5.412409
      3.822750      0.000030     -5.409635     -5.413145
      3.822875     -0.000143     -5.411014     -5.411718
      3.823000     -0.000303     -5.409753     -5.412943
      3.823125     -0.000449     -5.410448     -5.412228
      3.823250     -0.000589     -5.409704     -5.412957
      3.823375     -0.000729     -5.412631     -5.410014
      3.823500     -0.000841     -5.409783     -5.412876
      3.823625     -0.000828     -5.412958     -5.409840
      3.823750     -0.000649     -5.410816     -5.412285
      3.823875     -0.000417     -5.411487     -5.411972
      3.824000     -0.000221     -5.411767     -5.412012
      3.824125     -0.000089     -5.411822     -5.412214
      3.824250     -0.000017     -5.411750     -5.412482
      3.824375      0.000002     -5.412127     -5.412250
      3.824500     -0.000019     -5.412699     -5.411782
      3.824625     -0.000070     -5.411882     -5.412673
      3.824750     -0.000140     -5.412488     -5.412122
      3.824875     -0.000220     -5.412386     -5.412269
      3.825000     -0.000301     -5.412203     -5.412496
      3.825125     -0.000375     -5.412022     -5.412728
      3.825250     -0.000434     -5.412864     -5.411952
      3.825375     -0.000474     -5.411696     -5.413204
      3.825500     -0.000494     -5.412141     -5.412865
      3.825625     -0.000495     -5.413162     -5.411968
      3.825750     -0.000485     -5.412240     -5.413025
      3.825875     -0.000468     -5.411711     -5.413696
      3.826000     -0.000444     -5.412658     -5.412898
      3.826125     -0.000356     -5.412633     -5.413136
      3.826250      0.000812     -5.411800     -5.415263
      3.826375     -0.000658     -5.412600     -5.413117
      3.826500     -0.001046     -5.412751     -5.412703
      3.826625     -0.000710     -5.412821     -5.413094
      3.826750     -0.000437     -5.413587     -5.412727
      3.826875     -0.000311     -5.414299     -5.412266
      3.827000     -0.000285     -5.414508     -5.412207
      3.827125     -0.000320     -5.413541     -5.413264
      3.827250     -0.000383     -5.412059     -5.414808
      3.827375     -0.000451     -5.413548     -5.413376
      3.827500     -0.000498     -5.413512     -5.413490
      3.827625     -0.000505     -5.415461     -5.411658
      3.827750     -0.000462     -5.416561     -5.410727
      3.827875     -0.000377     -5.414010     -5.413488
      3.828000     -0.000275     -5.415624     -5.412101
      3.828125     -0.000187     -5.415594     -5.412344
      3.828250     -0.000134     -5.415464     -5.412652
      3.828375     -0.000125     -5.415454     -5.412797
      3.828500     -0.000150     -5.416415     -5.411935
      3.828625     -0.000183     -5.415197     -5.413245
      3.828750     -0.000218     -5.415091     -5.413441
      3.828875     -0.000314     -5.413148     -5.415412
      3.829000     -0.000568     -5.416833     -5.411599
      3.829125     -0.000016     -5.414309     -5.414800
      3.829250      0.000490     -5.415587     -5.414153
      3.829375      0.000387     -5.415770     -5.413992
      3.829500      0.000179     -5.415891     -5.413788
      3.829625     -0.000010     -5.415062     -5.414553
      3.829750     -0.000124     -5.413416     -5.416211
      3.829875     -0.000146     -5.416622     -5.413108
      3.830000     -0.000103     -5.414520     -5.415377
      3.830125     -0.000042     -5.414967     -5.415116
      3.830250     -0.000004     -5.416746     -5.413501
      3.830375     -0.000006     -5.414331     -5.416039
      3.830500     -0.000036     -5.415195     -5.415268
      3.830625     -0.000048     -5.415669     -5.414907
      3.830750      0.000016     -5.415087     -5.415678
      3.830875      0.000152     -5.414139     -5.416888
      3.831000      0.000309     -5.416018     -5.415291
      3.831125      0.000450     -5.415223     -5.416352
      3.831250      0.000559     -5.414168     -5.417642
      3.831375      0.000630     -5.416854     -5.415151
      3.831500      0.000651     -5.414815     -5.417337
      3.831625      0.000613     -5.414671     -5.417567
      3.831750      0.000515     -5.413788     -5.418477
      3.831875      0.000371     -5.415620     -5.416626
      3.832000      0.000198     -5.415005     -5.417193
      3.832125      0.000010     -5.415055     -5.417080
      3.832250     -0.000186     -5.418311     -5.413753
      3.832375     -0.000396     -5.415567     -5.416411
      3.832500     -0.000611     -5.415928     -5.415961
      3.832625     -0.000741     -5.417341     -5.414543
      3.832750     -0.000669     -5.416174     -5.415907
      3.832875     -0.000475     -5.416631     -5.415769
      3.833000     -0.000294     -5.414439     -5.418266
      3.833125     -0.000167     -5.416464     -5.416494
      3.833250     -0.000091     -5.418281     -5.414878
      3.833375     -0.000056     -5.417710     -5.415609
      3.833500     -0.000049     -5.417822     -5.415629
      3.833625     -0.000060     -5.418243     -5.415322
      3.833750     -0.000080     -5.417933     -5.415737
      3.833875     -0.000100     -5.418384     -5.415392
      3.834000     -0.000110     -5.417240     -5.416650
      3.834125     -0.000101     -5.418909     -5.415115
      3.834250     -0.000065     -5.417064     -5.417121
      3.834375      0.000004     -5.418363     -5.416016
      3.834500      0.000085     -5.418051     -5.416534
      3.834625      0.000130     -5.418403     -5.416352
      3.834750      0.000895     -5.419623     -5.416023
      3.834875      0.000523     -5.416506     -5.418892
      3.835000     -0.000100     -5.416301     -5.418599
      3.835125     -0.000443     -5.418109     -5.416573
      3.835250     -0.000689     -5.416012     -5.418548
      3.835375     -0.000847     -5.416469     -5.418059
      3.835500     -0.000764     -5.417903     -5.416834
      3.835625     -0.000498     -5.416983     -5.418144
      3.835750     -0.000251     -5.418388     -5.417111
      3.835875     -0.000085     -5.416941     -5.418848
      3.836000      0.000001     -5.418398     -5.417603
      3.836125      0.000024     -5.417870     -5.418279
      3.836250     -0.000001     -5.418416     -5.417834
      3.836375     -0.000057     -5.418299     -5.418019
      3.836500     -0.000133     -5.417863     -5.418504
      3.836625     -0.000216     -5.418397     -5.418012
      3.836750     -0.000294     -5.417556     -5.418901
      3.836875     -0.000355     -5.418305     -5.418215
      3.837000     -0.000390     -5.417638     -5.418972
      3.837125     -0.000391     -5.418231     -5.418504
      3.837250     -0.000359     -5.417621     -5.419271
      3.837375     -0.000304     -5.417937     -5.419134
      3.837500     -0.000241     -5.417939     -5.419320
      3.837625     -0.000187     -5.418393     -5.419045
      3.837750     -0.000156     -5.418333     -5.419261
      3.837875     -0.000156     -5.417650     -5.420069
      3.838000     -0.000178     -5.419367     -5.418455
      3.838125     -0.000179     -5.417876     -5.420070
      3.838250     -0.000090     -5.417823     -5.420337
      3.838375      0.000091     -5.417801     -5.420665
      3.838500      0.000289     -5.420827     -5.417962
      3.838625      0.000445     -5.418201     -5.420869
      3.838750      0.000541     -5.418223     -5.421068
      3.838875      0.000577     -5.418352     -5.421101
      3.839000      0.000563     -5.417973     -5.421590
      3.839125      0.000508     -5.418935     -5.420698
      3.839250      0.000423     -5.417577     -5.422096
      3.839375      0.000318     -5.417591     -5.422102
      3.839500      0.000202     -5.420500     -5.419202
      3.839625      0.000084     -5.417706     -5.422003
      3.839750     -0.000027     -5.417394     -5.422328
      3.839875     -0.000131     -5.418514     -5.421230
      3.840000     -0.000230     -5.418280     -5.421491
      3.840125     -0.000332     -5.420327     -5.419467
      3.840250     -0.000434     -5.418029     -5.421787
      3.840375     -0.000492     -5.419475     -5.420408
      3.840500     -0.000421     -5.420151     -5.419927
      3.840625     -0.000219     -5.418958     -5.421448
      3.840750      0.000014     -5.421014     -5.419751
      3.840875      0.000209     -5.420735     -5.420349
      3.841000      0.000343     -5.420815     -5.420529
      3.841125      0.000419     -5.420499     -5.421046
      3.841250      0.000444     -5.420824     -5.420870
      3.841375      0.000426     -5.421889     -5.419913
      3.841500      0.000377     -5.421459     -5.420418
      3.841625      0.000305     -5.420685     -5.421245
      3.841750      0.000222     -5.420920     -5.421052
      3.841875      0.000137     -5.421589     -5.420423
      3.842000      0.000064     -5.421669     -5.420395
      3.842125      0.000013     -5.420027     -5.422111
      3.842250     -0.000007     -5.422020     -5.420223
      3.842375      0.000008     -5.421078     -5.421305
      3.842500      0.000050     -5.422058     -5.420493
      3.842625      0.000105     -5.421327     -5.421403
      3.842750      0.000154     -5.421990     -5.420914
      3.842875      0.000180     -5.421715     -5.421340
      3.843000      0.000174     -5.421437     -5.421736
      3.843125      0.000139     -5.420376     -5.422888
      3.843250      0.000122     -5.422464     -5.420908
      3.843375      0.000198     -5.421378     -5.422194
      3.843500      0.000371     -5.419294     -5.424577
      3.843625      0.000560     -5.422167     -5.422017
      3.843750      0.000702     -5.421908     -5.422544
      3.843875      0.000780     -5.419635     -5.425021
      3.844000      0.000798     -5.421530     -5.423269
      3.844125      0.000767     -5.422913     -5.421979
      3.844250      0.000697     -5.419815     -5.425132
      3.844375      0.000600     -5.420960     -5.424015
      3.844500      0.000487     -5.422203     -5.422784
      3.844625      0.000368     -5.420078     -5.424915
      3.844750      0.000250     -5.420846     -5.424154
      3.844875      0.000141     -5.421124     -5.423892
      3.845000      0.000044     -5.420707     -5.424336
      3.845125     -0.000043     -5.421827     -5.423255
      3.845250     -0.000121     -5.421009     -5.424120
      3.845375     -0.000192     -5.420870     -5.424313
      3.845500     -0.000253     -5.422014     -5.423233
      3.845625     -0.000296     -5.421542     -5.423786
      3.845750     -0.000315     -5.424418     -5.421017
      3.845875     -0.000312     -5.422848     -5.422716
      3.846000     -0.000282     -5.421354     -5.424364
      3.846125     -0.000397     -5.424711     -5.421017
      3.846250     -0.000075     -5.423986     -5.422190
      3.846375      0.000256     -5.423366     -5.423265
      3.846500      0.000693     -5.423008     -5.424185
      3.846625      0.000938     -5.423361     -5.424203
      3.846750      0.001022     -5.421735     -5.426037
      3.846875      0.001002     -5.423744     -5.424133
      3.847000      0.000917     -5.423095     -5.424822
      3.847125      0.000795     -5.423885     -5.424035
      3.847250      0.000655     -5.422513     -5.425392
      3.847375      0.000513     -5.421901     -5.425987
      3.847500      0.000376     -5.422640     -5.425236
      3.847625      0.000242     -5.423446     -5.424421
      3.847750      0.000105     -5.423600     -5.424255
      3.847875     -0.000018     -5.424243     -5.423615
      3.848000     -0.000070     -5.423108     -5.424822
      3.848125      0.000006     -5.423707     -5.424425
      3.848250      0.000178     -5.424461     -5.423967
      3.848375      0.000368     -5.422934     -5.425809
      3.848500      0.000535     -5.426285     -5.422750
      3.848625      0.000666     -5.425556     -5.423734
      3.848750      0.000760     -5.424702     -5.424808
      3.848875      0.000819     -5.425598     -5.424096
      3.849000      0.000843     -5.425375     -5.424469
      3.849125      0.000834     -5.425652     -5.424307
      3.849250      0.000791     -5.426183     -5.423858
      3.849375      0.000716     -5.426085     -5.424005
      3.849500      0.000613     -5.425693     -5.424420
      3.849625      0.000494     -5.424328     -5.425792
      3.849750      0.000374     -5.425335     -5.424790
      3.849875      0.000272     -5.426540     -5.423608
      3.850000      0.000203     -5.425066     -5.425137
      3.850125      0.000175     -5.425061     -5.425239
      3.850250      0.000186     -5.424340     -5.426096
      3.850375      0.000227     -5.424157     -5.426445
      3.850500      0.000288     -5.426236     -5.424552
      3.850625      0.000358     -5.425576     -5.425407
      3.850750      0.000429     -5.425462     -5.425717
      3.850875      0.000492     -5.426675     -5.424692
      3.851000      0.000533     -5.426873     -5.424660
      3.851125      0.000536     -5.425600     -5.426062
      3.851250      0.000484     -5.427125     -5.424609
      3.851375      0.000368     -5.425991     -5.425752
      3.851500      0.000140     -5.424375     -5.427266
      3.851625     -0.000061     -5.424468     -5.427097
      3.851750     -0.000303     -5.426427     -5.425021
      3.851875      0.000089     -5.425595     -5.426369
      3.852000      0.000275     -5.427008     -5.425267
      3.852125      0.000332     -5.426682     -5.425775
      3.852250      0.000318     -5.427144     -5.425424
      3.852375      0.000266     -5.427543     -5.425098
      3.852500      0.000193     -5.426898     -5.425796
      3.852625      0.000112     -5.426543     -5.426195
      3.852750      0.000031     -5.426015     -5.426767
      3.852875     -0.000043     -5.426344     -5.426488
      3.853000     -0.000104     -5.426817     -5.426079
      3.853125     -0.000149     -5.425936     -5.427041
      3.853250     -0.000173     -5.426373     -5.426704
      3.853375     -0.000177     -5.427314     -5.425884
      3.853500     -0.000163     -5.426763     -5.426575
      3.853625     -0.000135     -5.427130     -5.426361
      3.853750     -0.000098     -5.427107     -5.426545
      3.853875     -0.000059     -5.426600     -5.427216
      3.854000     -0.000020     -5.427332     -5.426648
      3.854125      0.000017     -5.426156     -5.427986
      3.854250      0.000055     -5.427745     -5.426559
      3.854375      0.000096     -5.427789     -5.426682
      3.854500      0.000138     -5.427467     -5.427171
      3.854625      0.000048     -5.426924     -5.427749
      3.854750     -0.000542     -5.426915     -5.427292
      3.854875     -0.000151     -5.429127     -5.425597
      3.855000      0.000410     -5.428908     -5.426502
      3.855125      0.000686     -5.429601     -5.426210
      3.855250      0.000790     -5.427762     -5.428279
      3.855375      0.000790     -5.428794     -5.427371
      3.855500      0.000721     -5.429601     -5.426620
      3.855625      0.000613     -5.430222     -5.426016
      3.855750      0.000488     -5.428802     -5.427436
      3.855875      0.000368     -5.426661     -5.429582
      3.856000      0.000275     -5.427999     -5.428275
      3.856125      0.000218     -5.428178     -5.428166
      3.856250      0.000198     -5.427878     -5.428570
      3.856375      0.000202     -5.427724     -5.428853
      3.856500      0.000209     -5.430316     -5.426392
      3.856625      0.000200     -5.429021     -5.427804
      3.856750      0.000162     -5.427458     -5.429454
      3.856875      0.000094     -5.427514     -5.429455
      3.857000      0.000032     -5.427910     -5.429122
      3.857125      0.000053     -5.427580     -5.429598
      3.857250      0.000186     -5.426338     -5.431097
      3.857375      0.000354     -5.428073     -5.429656
      3.857500      0.000486     -5.428583     -5.429403
      3.857625      0.000557     -5.428285     -5.429897
      3.857750      0.000567     -5.429517     -5.428800
      3.857875      0.000525     -5.430058     -5.428342
      3.858000      0.000442     -5.428720     -5.429722
      3.858125      0.000330     -5.426906     -5.431550
      3.858250      0.000199     -5.428014     -5.430435
      3.858375      0.000059     -5.427975     -5.430460
      3.858500     -0.000080     -5.426705     -5.431715
      3.858625     -0.000213     -5.430362     -5.428050
      3.858750     -0.000335     -5.426488     -5.431927
      3.858875     -0.000451     -5.427481     -5.430944
      3.859000     -0.000567     -5.427119     -5.431315
      3.859125     -0.000685     -5.428599     -5.429841
      3.859250     -0.000776     -5.428466     -5.430008
      3.859375     -0.000769     -5.430715     -5.427891
      3.859500     -0.000628     -5.429621     -5.429251
      3.859625     -0.000425     -5.428993     -5.430206
      3.859750     -0.000238     -5.429692     -5.429821
      3.859875     -0.000098     -5.428863     -5.430914
      3.860000     -0.000011     -5.429756     -5.430234
      3.860125      0.000029     -5.430187     -5.429967
      3.860250      0.000028     -5.429462     -5.430816
      3.860375     -0.000005     -5.430842     -5.429528
      3.860500     -0.000062     -5.430564     -5.429874
      3.860625     -0.000136     -5.430818     -5.429670
      3.860750     -0.000218     -5.431081     -5.429451
      3.860875     -0.000302     -5.429299     -5.431275
      3.861000     -0.000377     -5.429852     -5.430771
      3.861125     -0.000438     -5.429654     -5.431032
      3.861250     -0.000478     -5.429273     -5.431499
      3.861375     -0.000491     -5.430939     -5.429946
      3.861500     -0.000479     -5.430491     -5.430530
      3.861625     -0.000447     -5.430097     -5.431081
      3.861750     -0.000404     -5.429911     -5.431434
      3.861875     -0.000361     -5.429368     -5.432146
      3.862000     -0.000327     -5.430932     -5.430741
      3.862125     -0.000307     -5.431141     -5.430677
      3.862250     -0.000305     -5.430529     -5.431416
      3.862375     -0.000317     -5.429953     -5.432105
      3.862500     -0.000329     -5.430275     -5.431895
      3.862625     -0.000322     -5.432322     -5.429981
      3.862750     -0.000276     -5.429762     -5.432711
      3.862875     -0.000190     -5.430535     -5.432150
      3.863000     -0.000069     -5.431451     -5.431480
      3.863125      0.000113     -5.430240     -5.432999
      3.863250      0.000495     -5.431200     -5.432545
      3.863375      0.000075     -5.430396     -5.433054
      3.863500      0.000342     -5.432879     -5.430963
      3.863625      0.000053     -5.432848     -5.430830
      3.863750     -0.000268     -5.431216     -5.432266
      3.863875     -0.000525     -5.432469     -5.430881
      3.864000     -0.000699     -5.432511     -5.430790
      3.864125     -0.000783     -5.432116     -5.431227
      3.864250     -0.000786     -5.433172     -5.430292
      3.864375     -0.000737     -5.433480     -5.430157
      3.864500     -0.000677     -5.432597     -5.431226
      3.864625     -0.000639     -5.431722     -5.432264
      3.864750     -0.000642     -5.433856     -5.430253
      3.864875     -0.000663     -5.433468     -5.430745
      3.865000     -0.000601     -5.431738     -5.432661
      3.865125     -0.000392     -5.433197     -5.431537
      3.865250     -0.000141     -5.434988     -5.430122
      3.865375      0.000051     -5.432507     -5.432919
      3.865500      0.000158     -5.433382     -5.432276
      3.865625      0.000189     -5.434178     -5.431635
      3.865750      0.000160     -5.432770     -5.433140
      3.865875      0.000087     -5.433420     -5.432542
      3.866000     -0.000012     -5.431027     -5.434962
      3.866125     -0.000123     -5.432862     -5.433140
      3.866250     -0.000232     -5.434650     -5.431368
      3.866375     -0.000332     -5.432026     -5.434018
      3.866500     -0.000420     -5.433684     -5.432396
      3.866625     -0.000508     -5.432853     -5.433264
      3.866750     -0.000600     -5.433468     -5.432681
      3.866875     -0.000662     -5.434807     -5.431406
      3.867000     -0.000591     -5.432373     -5.434035
      3.867125     -0.000362     -5.436248     -5.430515
      3.867250     -0.000096     -5.434654     -5.432501
      3.867375      0.000122     -5.436195     -5.431302
      3.867500      0.000270     -5.435765     -5.432006
      3.867625      0.000352     -5.434221     -5.433756
      3.867750      0.000378     -5.436310     -5.431819
      3.867875      0.000361     -5.436128     -5.432108
      3.868000      0.000313     -5.436006     -5.432307
      3.868125      0.000245     -5.436271     -5.432100
      3.868250      0.000172     -5.435011     -5.433411
      3.868375      0.000104     -5.435720     -5.432759
      3.868500      0.000057     -5.435967     -5.432590
      3.868625      0.000041     -5.435577     -5.433089
      3.868750      0.000063     -5.435358     -5.433455
      3.868875      0.000118     -5.437484     -5.431508
      3.869000      0.000191     -5.435760     -5.433431
      3.869125      0.000263     -5.433615     -5.435773
      3.869250      0.000315     -5.438427     -5.431138
      3.869375      0.000333     -5.434869     -5.434839
      3.869500      0.000322     -5.435576     -5.434246
      3.869625      0.000328     -5.435893     -5.434060
      3.869750      0.000434     -5.436258     -5.433927
      3.869875      0.000644     -5.435561     -5.434958
      3.870000      0.000863     -5.434407     -5.436456
      3.870125      0.001026     -5.435860     -5.435292
      3.870250      0.001117     -5.434010     -5.437357
      3.870375      0.001141     -5.436397     -5.435119
      3.870500      0.001108     -5.434988     -5.436620
      3.870625      0.001032     -5.435469     -5.436187
      3.870750      0.000923     -5.434101     -5.437573
      3.870875      0.000795     -5.435017     -5.436653
      3.871000      0.000657     -5.432768     -5.438889
      3.871125      0.000521     -5.434713     -5.436933
      3.871250      0.000389     -5.433250     -5.438389
      3.871375      0.000260     -5.434749     -5.436886
      3.871500      0.000124     -5.433440     -5.438184
      3.871625     -0.000018     -5.435100     -5.436507
      3.871750     -0.000123     -5.433723     -5.437905
      3.871875     -0.000098     -5.436182     -5.435594
      3.872000      0.000063     -5.434827     -5.437236
      3.872125      0.000253     -5.437773     -5.434605
      3.872250      0.000399     -5.435230     -5.437419
      3.872375      0.000482     -5.436699     -5.436158
      3.872500      0.000504     -5.436148     -5.436856
      3.872625      0.000476     -5.437759     -5.435342
      3.872750      0.000407     -5.437442     -5.435715
      3.872875      0.000309     -5.436674     -5.436510
      3.873000      0.000192     -5.436949     -5.436243
      3.873125      0.000068     -5.437080     -5.436113
      3.873250     -0.000053     -5.436500     -5.436697
      3.873375     -0.000159     -5.435370     -5.437846
      3.873500     -0.000238     -5.436397     -5.436864
      3.873625     -0.000283     -5.436158     -5.437184
      3.873750     -0.000292     -5.436057     -5.437401
      3.873875     -0.000273     -5.436934     -5.436668
      3.874000     -0.000243     -5.434643     -5.439113
      3.874125     -0.000219     -5.439235     -5.434671
      3.874250     -0.000217     -5.436009     -5.438024
      3.874375     -0.000246     -5.436128     -5.438001
      3.874500     -0.000295     -5.438107     -5.436098
      3.874625     -0.000313     -5.435194     -5.439118
      3.874750     -0.000227     -5.436152     -5.438371
      3.874875     -0.000052     -5.436098     -5.438725
      3.875000      0.000127     -5.434728     -5.440398
      3.875125      0.000255     -5.436402     -5.438978
      3.875250      0.000321     -5.436196     -5.439375
      3.875375      0.000327     -5.434754     -5.440948
      3.875500      0.000284     -5.436054     -5.439731
      3.875625      0.000204     -5.436032     -5.439797
      3.875750      0.000097     -5.435352     -5.440495
      3.875875     -0.000026     -5.436262     -5.439587
      3.876000     -0.000154     -5.435804     -5.440042
      3.876125     -0.000280     -5.436796     -5.439050
      3.876250     -0.000396     -5.434635     -5.441219
      3.876375     -0.000501     -5.438559     -5.437315
      3.876500     -0.000604     -5.436101     -5.439795
      3.876625     -0.000709     -5.435950     -5.439966
      3.876750     -0.000810     -5.435652     -5.440288
      3.876875     -0.000853     -5.437934     -5.438088
      3.877000     -0.000764     -5.438823     -5.437413
      3.877125     -0.000567     -5.438326     -5.438232
      3.877250     -0.000353     -5.437898     -5.439000
      3.877375     -0.000178     -5.438138     -5.439059
      3.877500     -0.000057     -5.438078     -5.439365
      3.877625      0.000011     -5.437966     -5.439669
      3.877750      0.000033     -5.437129     -5.440654
      3.877875      0.000019     -5.437145     -5.440749
      3.878000     -0.000025     -5.437165     -5.440810
      3.878125     -0.000088     -5.438396     -5.439641
      3.878250     -0.000164     -5.437794     -5.440292
      3.878375     -0.000243     -5.438674     -5.439458
      3.878500     -0.000318     -5.438707     -5.439474
      3.878625     -0.000382     -5.438441     -5.439802
      3.878750     -0.000425     -5.437499     -5.440826
      3.878875     -0.000444     -5.437913     -5.440518
      3.879000     -0.000438     -5.438950     -5.439612
      3.879125     -0.000412     -5.437779     -5.440934
      3.879250     -0.000374     -5.438058     -5.440818
      3.879375     -0.000334     -5.438633     -5.440408
      3.879500     -0.000304     -5.439143     -5.440053
      3.879625     -0.000289     -5.437333     -5.442003
      3.879750     -0.000293     -5.439212     -5.440244
      3.879875     -0.000316     -5.438846     -5.440713
      3.880000     -0.000348     -5.336354     -5.543299
      3.880125     -0.000376     -5.275826     -5.603922
      3.880250     -0.000391     -5.232390     -5.647469
      3.880375     -0.000389     -5.196726     -5.683260
      3.880500     -0.000346     -5.165894     -5.714260
      3.880625      0.000272     -5.139063     -5.741834
      3.880750     -0.000153     -5.114654     -5.765943
      3.880875     -0.000202     -5.091587     -5.789086
      3.881000     -0.000336     -5.069654     -5.811010
      3.881125     -0.000475     -5.048613     -5.832036
      3.881250     -0.000598     -5.028608     -5.852044
      3.881375     -0.000684     -5.009603     -5.871088
      3.881500     -0.000713     -4.991501     -5.889286
      3.881625     -0.000676     -4.974203     -5.906746
      3.881750     -0.000587     -4.957606     -5.923557
      3.881875     -0.000477     -4.941600     -5.939798
      3.882000     -0.000382     -4.926075     -5.955543
      3.882125     -0.000328     -4.910937     -5.970861
      3.882250     -0.000317     -4.896129     -5.985804
      3.882375     -0.000291     -4.881680     -6.000404
      3.882500     -0.000135     -4.867691     -6.014674
      3.882625      0.000128     -4.854138     -6.028615
      3.882750      0.000369     -4.840888     -6.042231
      3.882875      0.000529     -4.827875     -6.055530
      3.883000      0.000603     -4.815083     -6.068521
      3.883125      0.000606     -4.802513     -6.081218
      3.883250      0.000554     -4.790170     -6.093634
      3.883375      0.000466     -4.778059     -6.105782
      3.883500      0.000357     -4.766184     -6.117673
      3.883625      0.000242     -4.754551     -6.129316
      3.883750      0.000133     -4.743166     -6.140718
      3.883875      0.000037     -4.732029     -6.151883
      3.884000     -0.000053     -4.721134     -6.162813
      3.884125     -0.000146     -4.710469     -6.173510
      3.884250     -0.000237     -4.700035     -6.183978
      3.884375     -0.000252     -4.689873     -6.194250
      3.884500     -0.000099     -4.679964     -6.204436
      3.884625      0.000161     -4.670127     -6.214658
      3.884750      0.000407     -4.660313     -6.224844
      3.884875      0.000589     -4.650584     -6.234880
      3.885000      0.000702     -4.640951     -6.244751
      3.885125      0.000753     -4.631368     -6.254510
      3.885250      0.000755     -4.621768     -6.264237
      3.885375      0.000718     -4.612144     -6.273949
      3.885500      0.000655     -4.602564     -6.283591
      3.885625      0.000576     -4.593085     -6.293116
      3.885750      0.000495     -4.583734     -6.302511
      3.885875      0.000422     -4.574523     -6.311774
      3.886000      0.000371     -4.565459     -6.320913
      3.886125      0.000350     -4.556542     -6.329933
      3.886250      0.000358     -4.547766     -6.338842
      3.886375      0.000386     -4.539110     -6.347651
      3.886500      0.000416     -4.530545     -6.356371
      3.886625      0.000428     -4.522038     -6.365016
      3.886750      0.000407     -4.513556     -6.373601
      3.886875      0.000347     -4.505084     -6.382138
      3.887000      0.000274     -4.496645     -6.390629
      3.887125      0.000264     -4.488321     -6.399068
      3.887250      0.000373     -4.480179     -6.407444
      3.887375      0.000536     -4.472167     -6.415744
      3.887500      0.000665     -4.464207     -6.423958
      3.887625      0.000728     -4.456273     -6.432080
      3.887750      0.000723     -4.448367     -6.440107
      3.887875      0.000662     -4.440498     -6.448039
      3.888000      0.000556     -4.432680     -6.455876
      3.888125      0.000418     -4.424925     -6.463618
      3.888250      0.000262     -4.417244     -6.471268
      3.888375      0.000098     -4.409649     -6.478824
      3.888500     -0.000061     -4.402153     -6.486286
      3.888625     -0.000209     -4.394765     -6.493651
      3.888750     -0.000345     -4.387490     -6.500915
      3.888875     -0.000475     -4.380326     -6.508074
      3.889000     -0.000608     -4.373269     -6.515124
      3.889125     -0.000730     -4.366330     -6.522065
      3.889250     -0.000771     -4.359550     -6.528929
      3.889375     -0.000659     -4.352913     -6.535803
      3.889500     -0.000450     -4.346270     -6.542780
      3.889625     -0.000250     -4.339575     -6.549800
      3.889750     -0.000104     -4.332879     -6.556768
      3.889875     -0.000018     -4.326193     -6.563664
      3.890000      0.000013     -4.319485     -6.570529
      3.890125     -0.000001     -4.312703     -6.577420
      3.890250     -0.000051     -4.305850     -6.584349
      3.890375     -0.000126     -4.298980     -6.591269
      3.890500     -0.000215     -4.292145     -6.598140
      3.890625     -0.000307     -4.285374     -6.604944
      3.890750     -0.000392     -4.278680     -6.611677
      3.890875     -0.000458     -4.272074     -6.618343
      3.891000     -0.000495     -4.265560     -6.624945
      3.891125     -0.000496     -4.259139     -6.631490
      3.891250     -0.000465     -4.252801     -6.637983
      3.891375     -0.000414     -4.246527     -6.644434
      3.891500     -0.000359     -4.240290     -6.650852
      3.891625     -0.000317     -4.234059     -6.657249
      3.891750     -0.000303     -4.227809     -6.663638
      3.891875     -0.000320     -4.221529     -6.670026
      3.892000     -0.000342     -4.215245     -6.676412
      3.892125     -0.000300     -4.209035     -6.682790
      3.892250     -0.000145     -4.202958     -6.689147
      3.892375      0.000063     -4.196968     -6.695470
      3.892500      0.000245     -4.190995     -6.701750
      3.892625      0.000366     -4.185012     -6.707979
      3.892750      0.000423     -4.179020     -6.714153
      3.892875      0.000423     -4.173028     -6.720269
      3.893000      0.000377     -4.167050     -6.726327
      3.893125      0.000298     -4.161098     -6.732325
      3.893250      0.000196     -4.155183     -6.738264
      3.893375      0.000083     -4.149317     -6.744141
      3.893500     -0.000032     -4.143512     -6.749956
      3.893625     -0.000140     -4.137780     -6.755705
      3.893750     -0.000237     -4.132127     -6.761386
      3.893875     -0.000327     -4.126555     -6.766993
      3.894000     -0.000419     -4.121060     -6.772521
      3.894125     -0.000515     -4.115643     -6.777968
      3.894250     -0.000576     -4.110330     -6.783344
      3.894375     -0.000520     -4.105154     -6.788701
      3.894500     -0.000326     -4.100037     -6.794137
      3.894625     -0.000090     -4.094856     -6.799679
      3.894750      0.000112     -4.089620     -6.805242
      3.894875      0.000255     -4.084363     -6.810767
      3.895000      0.000339     -4.079071     -6.816268
      3.895125      0.000371     -4.073703     -6.821793
      3.895250      0.000361     -4.068236     -6.827374
      3.895375      0.000318     -4.062707     -6.832985
      3.895500      0.000252     -4.057171     -6.838582
      3.895625      0.000174     -4.051662     -6.844138
      3.895750      0.000095     -4.046198     -6.849646
      3.895875      0.000024     -4.040791     -6.855107
      3.896000     -0.000027     -4.035450     -6.860524
      3.896125     -0.000048     -4.030178     -6.865900
      3.896250     -0.000036     -4.024974     -6.871241
      3.896375      0.000005     -4.019827     -6.876552
      3.896500      0.000060     -4.014716     -6.881844
      3.896625      0.000112     -4.009613     -6.887124
      3.896750      0.000146     -4.004490     -6.892406
      3.896875      0.000148     -3.999326     -6.897698
      3.897000      0.000122     -3.994117     -6.903005
      3.897125      0.000102     -3.988903     -6.908324
      3.897250      0.000163     -3.983769     -6.913644
      3.897375      0.000331     -3.978752     -6.918955
      3.897500      0.000529     -3.973787     -6.924242
      3.897625      0.000686     -3.968814     -6.929497
      3.897750      0.000779     -3.963816     -6.934713
      3.897875      0.000808     -3.958798     -6.939885
      3.898000      0.000782     -3.953770     -6.945011
      3.898125      0.000712     -3.948746     -6.950091
      3.898250      0.000610     -3.943737     -6.955123
      3.898375      0.000488     -3.938757     -6.960106
      3.898500      0.000355     -3.933816     -6.965039
      3.898625      0.000223     -3.928929     -6.969919
      3.898750      0.000098     -3.924105     -6.974744
      3.898875     -0.000016     -3.919350     -6.979509
      3.899000     -0.000125     -3.914665     -6.984210
      3.899125     -0.000238     -3.910045     -6.988842
      3.899250     -0.000351     -3.905494     -6.993405
      3.899375     -0.000416     -3.901045     -6.997914
      3.899500     -0.000350     -3.896719     -7.002432
      3.899625     -0.000161     -3.892417     -7.007047
      3.899750      0.000051     -3.888041     -7.011760
      3.899875      0.000220     -3.883607     -7.016488
      3.900000      0.000331     -3.879137     -7.021194
      3.900125      0.000385     -3.874607     -7.025903
      3.900250      0.000390     -3.869981     -7.030659
      3.900375      0.000355     -3.865263     -7.035467
      3.900500      0.000290     -3.860499     -7.040291
      3.900625      0.000206     -3.855736     -7.045095
      3.900750      0.000112     -3.850999     -7.049863
      3.900875      0.000018     -3.846303     -7.054590
      3.901000     -0.000064     -3.841658     -7.059278
      3.901125     -0.000125     -3.837071     -7.063929
      3.901250     -0.000154     -3.832547     -7.068549
      3.901375     -0.000151     -3.828083     -7.073141
      3.901500     -0.000120     -3.823667     -7.077713
      3.901625     -0.000074     -3.819279     -7.082272
      3.901750     -0.000030     -3.814893     -7.086827
      3.901875     -0.000003     -3.810483     -7.091389
      3.902000     -0.000005     -3.806028     -7.095967
      3.902125     -0.000034     -3.801528     -7.100563
      3.902250     -0.000056     -3.797018     -7.105175
      3.902375     -0.000004     -3.792578     -7.109793
      3.902500      0.000154     -3.788248     -7.114406
      3.902625      0.000350     -3.783973     -7.119002
      3.902750      0.000515     -3.779692     -7.123573
      3.902875      0.000621     -3.775385     -7.128111
      3.903000      0.000666     -3.771053     -7.132613
      3.903125      0.000658     -3.766707     -7.137076
      3.903250      0.000607     -3.762358     -7.141499
      3.903375      0.000524     -3.758017     -7.145882
      3.903500      0.000419     -3.753696     -7.150223
      3.903625      0.000302     -3.749405     -7.154522
      3.903750      0.000183     -3.745155     -7.158777
      3.903875      0.000068     -3.740957     -7.162986
      3.904000     -0.000037     -3.736818     -7.167145
      3.904125     -0.000134     -3.732740     -7.171251
      3.904250     -0.000231     -3.728720     -7.175299
      3.904375     -0.000334     -3.724754     -7.179287
      3.904500     -0.000427     -3.720855     -7.183219
      3.904625     -0.000446     -3.717056     -7.187123
      3.904750     -0.000332     -3.713351     -7.191066
      3.904875     -0.000132     -3.709630     -7.195114
      3.905000      0.000067     -3.705832     -7.199235
      3.905125      0.000219     -3.701979     -7.203365
      3.905250      0.000315     -3.698077     -7.207488
      3.905375      0.000359     -3.694102     -7.211632
      3.905500      0.000357     -3.690030     -7.215826
      3.905625      0.000317     -3.685880     -7.220062
      3.905750      0.000250     -3.681693     -7.224307
      3.905875      0.000163     -3.677505     -7.228533
      3.906000      0.000065     -3.673336     -7.232728
      3.906125     -0.000035     -3.669199     -7.236891
      3.906250     -0.000128     -3.665101     -7.241021
      3.906375     -0.000203     -3.661049     -7.245123
      3.906500     -0.000254     -3.657048     -7.249198
      3.906625     -0.000275     -3.653098     -7.253252
      3.906750     -0.000269     -3.649192     -7.257289
      3.906875     -0.000245     -3.645315     -7.261315
      3.907000     -0.000215     -3.641447     -7.265338
      3.907125     -0.000194     -3.637565     -7.269366
      3.907250     -0.000193     -3.633650     -7.273407
      3.907375     -0.000219     -3.629689     -7.277467
      3.907500     -0.000265     -3.625690     -7.281545
      3.907625     -0.000294     -3.621693     -7.285638
      3.907750     -0.000248     -3.617765     -7.289737
      3.907875     -0.000113     -3.613930     -7.293832
      3.908000      0.000055     -3.610140     -7.297915
      3.908125      0.000198     -3.606344     -7.301979
      3.908250      0.000292     -3.602525     -7.306017
      3.908375      0.000335     -3.598682     -7.310028
      3.908500      0.000332     -3.594822     -7.314009
      3.908625      0.000290     -3.590955     -7.317960
      3.908750      0.000220     -3.587090     -7.321880
      3.908875      0.000128     -3.583235     -7.325768
      3.909000      0.000023     -3.579398     -7.329626
      3.909125     -0.000087     -3.575587     -7.333452
      3.909250     -0.000196     -3.571809     -7.337246
      3.909375     -0.000297     -3.568070     -7.341008
      3.909500     -0.000388     -3.564376     -7.344736
      3.909625     -0.000468     -3.560726     -7.348431
      3.909750     -0.000540     -3.557119     -7.352091
      3.909875     -0.000609     -3.553549     -7.355718
      3.910000     -0.000675     -3.550013     -7.359312
      3.910125     -0.000728     -3.546514     -7.362883
      3.910250     -0.000743     -3.543062     -7.366444
      3.910375     -0.000692     -3.539662     -7.370021
      3.910500     -0.000571     -3.536287     -7.373642
      3.910625     -0.000409     -3.532892     -7.377324
      3.910750     -0.000244     -3.529440     -7.381066
      3.910875     -0.000117     -3.525897     -7.384861
      3.911000     -0.000106     -3.522165     -7.388729
      3.911125     -0.000384     -3.517912     -7.392829
      3.911250      0.000399     -3.514841     -7.396808
      3.911375      0.000476     -3.509776     -7.402075
      3.911500      0.000527     -3.505816     -7.406211
      3.911625      0.000437     -3.501944     -7.410118
      3.911750      0.000277     -3.498124     -7.413903
      3.911875      0.000089     -3.494375     -7.417588
      3.912000     -0.000101     -3.490714     -7.421185
      3.912125     -0.000272     -3.487149     -7.424703
      3.912250     -0.000415     -3.483688     -7.428147
      3.912375     -0.000534     -3.480326     -7.431516
      3.912500     -0.000645     -3.477047     -7.434809
      3.912625     -0.000754     -3.473843     -7.438029
      3.912750     -0.000794     -3.470750     -7.441206
      3.912875     -0.000650     -3.467790     -7.444435
      3.913000     -0.000383     -3.464803     -7.447814
      3.913125     -0.000133     -3.461701     -7.451291
      3.913250      0.000045     -3.458506     -7.454789
      3.913375      0.000150     -3.455201     -7.458324
      3.913500      0.000190     -3.451761     -7.461929
      3.913625      0.000181     -3.448220     -7.465587
      3.913750      0.000136     -3.444638     -7.469248
      3.913875      0.000069     -3.441059     -7.472885
      3.914000     -0.000008     -3.437505     -7.476487
      3.914125     -0.000081     -3.433989     -7.480056
      3.914250     -0.000135     -3.430521     -7.483594
      3.914375     -0.000160     -3.427108     -7.487107
      3.914500     -0.000147     -3.423753     -7.490600
      3.914625     -0.000101     -3.420443     -7.494081
      3.914750     -0.000036     -3.417157     -7.497557
      3.914875      0.000028     -3.413861     -7.501042
      3.915000      0.000072     -3.410526     -7.504546
      3.915125      0.000082     -3.407129     -7.508078
      3.915250      0.000061     -3.403669     -7.511641
      3.915375      0.000054     -3.400200     -7.515230
      3.915500      0.000145     -3.396815     -7.518831
      3.915625      0.000340     -3.393534     -7.522431
      3.915750      0.000546     -3.390279     -7.526017
      3.915875      0.000699     -3.386994     -7.529580
      3.916000      0.000781     -3.383668     -7.533113
      3.916125      0.000797     -3.380309     -7.536614
      3.916250      0.000759     -3.376930     -7.540079
      3.916375      0.000679     -3.373547     -7.543507
      3.916500      0.000570     -3.370171     -7.546899
      3.916625      0.000443     -3.366817     -7.550251
      3.916750      0.000311     -3.363497     -7.553564
      3.916875      0.000184     -3.360225     -7.556834
      3.917000      0.000067     -3.357010     -7.560057
      3.917125     -0.000041     -3.353854     -7.563230
      3.917250     -0.000149     -3.350754     -7.566347
      3.917375     -0.000263     -3.347706     -7.569406
      3.917500     -0.000359     -3.344724     -7.572417
      3.917625     -0.000361     -3.341848     -7.575416
      3.917750     -0.000215     -3.339052     -7.578483
      3.917875      0.000000     -3.336213     -7.581663
      3.918000      0.000193     -3.333286     -7.584908
      3.918125      0.000330     -3.330281     -7.588173
      3.918250      0.000405     -3.327187     -7.591468
      3.918375      0.000426     -3.323983     -7.594817
      3.918500      0.000402     -3.320691     -7.598211
      3.918625      0.000344     -3.317356     -7.601614
      3.918750      0.000262     -3.314014     -7.604999
      3.918875      0.000167     -3.310687     -7.608355
      3.919000      0.000069     -3.307389     -7.611680
      3.919125     -0.000021     -3.304128     -7.614975
      3.919250     -0.000091     -3.300914     -7.618245
      3.919375     -0.000132     -3.297751     -7.621492
      3.919500     -0.000139     -3.294640     -7.624721
      3.919625     -0.000115     -3.291571     -7.627940
      3.919750     -0.000073     -3.288523     -7.631154
      3.919875     -0.000030     -3.285470     -7.634375
      3.920000     -0.000002     -3.282385     -7.637612
      3.920125     -0.000003     -3.279248     -7.640874
      3.920250     -0.000032     -3.276055     -7.644163
      3.920375     -0.000060     -3.272840     -7.647475
      3.920500     -0.000014     -3.269685     -7.650802
      3.920625      0.000142     -3.266637     -7.654130
      3.920750      0.000341     -3.263643     -7.657449
      3.920875      0.000509     -3.260635     -7.660748
      3.921000      0.000616     -3.257593     -7.664022
      3.921125      0.000660     -3.254519     -7.667267
      3.921250      0.000651     -3.251422     -7.670479
      3.921375      0.000597     -3.248315     -7.673657
      3.921500      0.000511     -3.245209     -7.676802
      3.921625      0.000403     -3.242118     -7.679911
      3.921750      0.000284     -3.239052     -7.682983
      3.921875      0.000164     -3.236022     -7.686017
      3.922000      0.000051     -3.233041     -7.689010
      3.922125     -0.000052     -3.230115     -7.691958
      3.922250     -0.000148     -3.227244     -7.694858
      3.922375     -0.000246     -3.224423     -7.697706
      3.922500     -0.000351     -3.221649     -7.700500
      3.922625     -0.000434     -3.218938     -7.703253
      3.922750     -0.000418     -3.216328     -7.706004
      3.922875     -0.000265     -3.213784     -7.708826
      3.923000     -0.000055     -3.211192     -7.711753
      3.923125      0.000128     -3.208512     -7.714741
      3.923250      0.000255     -3.205750     -7.717755
      3.923375      0.000321     -3.202893     -7.720803
      3.923500      0.000333     -3.199930     -7.723903
      3.923625      0.000299     -3.196883     -7.727041
      3.923750      0.000230     -3.193794     -7.730186
      3.923875      0.000136     -3.190696     -7.733314
      3.924000      0.000025     -3.187609     -7.736416
      3.924125     -0.000091     -3.184545     -7.739490
      3.924250     -0.000202     -3.181512     -7.742536
      3.924375     -0.000297     -3.178519     -7.745559
      3.924500     -0.000366     -3.175573     -7.748561
      3.924625     -0.000403     -3.172674     -7.751548
      3.924750     -0.000409     -3.169816     -7.754525
      3.924875     -0.000394     -3.166982     -7.757498
      3.925000     -0.000375     -3.164148     -7.760477
      3.925125     -0.000366     -3.161288     -7.763471
      3.925250     -0.000381     -3.158380     -7.766489
      3.925375     -0.000425     -3.155415     -7.769535
      3.925500     -0.000482     -3.152410     -7.772608
      3.925625     -0.000493     -3.149433     -7.775698
      3.925750     -0.000398     -3.146555     -7.778797
      3.925875     -0.000230     -3.143754     -7.781892
      3.926000     -0.000068     -3.140959     -7.784973
      3.926125      0.000043     -3.138134     -7.788034
      3.926250      0.000092     -3.135273     -7.791069
      3.926375      0.000086     -3.132385     -7.794076
      3.926500      0.000034     -3.129481     -7.797053
      3.926625     -0.000055     -3.126572     -7.799998
      3.926750     -0.000168     -3.123670     -7.802912
      3.926875     -0.000296     -3.120786     -7.805793
      3.927000     -0.000428     -3.117932     -7.808639
      3.927125     -0.000557     -3.115119     -7.811449
      3.927250     -0.000674     -3.112356     -7.814220
      3.927375     -0.000780     -3.109647     -7.816948
      3.927500     -0.000880     -3.106990     -7.819629
      3.927625     -0.000984     -3.104380     -7.822262
      3.927750     -0.001086     -3.101817     -7.824847
      3.927875     -0.001142     -3.099328     -7.827405
      3.928000     -0.001076     -3.096939     -7.829985
      3.928125     -0.000890     -3.094582     -7.832653
      3.928250     -0.000676     -3.092159     -7.835415
      3.928375     -0.000496     -3.089653     -7.838226
      3.928500     -0.000371     -3.087062     -7.841067
      3.928625     -0.000301     -3.084373     -7.843951
      3.928750     -0.000277     -3.081590     -7.846883
      3.928875     -0.000293     -3.078742     -7.849840
      3.929000     -0.000339     -3.075866     -7.852795
      3.929125     -0.000406     -3.072988     -7.855730
      3.929250     -0.000485     -3.070125     -7.858641
      3.929375     -0.000565     -3.067285     -7.861525
      3.929500     -0.000638     -3.064477     -7.864384
      3.929625     -0.000694     -3.061708     -7.867223
      3.929750     -0.000723     -3.058984     -7.870044
      3.929875     -0.000720     -3.056304     -7.872851
      3.930000     -0.000689     -3.053661     -7.875650
      3.930125     -0.000638     -3.051040     -7.878448
      3.930250     -0.000583     -3.048416     -7.881252
      3.930375     -0.000538     -3.045766     -7.884071
      3.930500     -0.000516     -3.043069     -7.886914
      3.930625     -0.000524     -3.040316     -7.889785
      3.930750     -0.000546     -3.037523     -7.892681
      3.930875     -0.000532     -3.034748     -7.895596
      3.931000     -0.000420     -3.032061     -7.898519
      3.931125     -0.000229     -3.029455     -7.901441
      3.931250     -0.000036     -3.026863     -7.904351
      3.931375      0.000113     -3.024245     -7.907243
      3.931500      0.000202     -3.021591     -7.910112
      3.931625      0.000237     -3.018907     -7.912955
      3.931750      0.000223     -3.016203     -7.915770
      3.931875      0.000173     -3.013491     -7.918557
      3.932000      0.000094     -3.010780     -7.921314
      3.932125     -0.000003     -3.008081     -7.924041
      3.932250     -0.000109     -3.005404     -7.926738
      3.932375     -0.000215     -3.002759     -7.929401
      3.932500     -0.000315     -3.000156     -7.932030
      3.932625     -0.000404     -2.997600     -7.934621
      3.932750     -0.000485     -2.995094     -7.937172
      3.932875     -0.000565     -2.992631     -7.939679
      3.933000     -0.000650     -2.990207     -7.942143
      3.933125     -0.000729     -2.987828     -7.944568
      3.933250     -0.000748     -2.985522     -7.946980
      3.933375     -0.000647     -2.983301     -7.949427
      3.933500     -0.000451     -2.981090     -7.951959
      3.933625     -0.000241     -2.978814     -7.954571
      3.933750     -0.000066     -2.976458     -7.957226
      3.933875      0.000059     -2.974022     -7.959911
      3.934000      0.000134     -2.971498     -7.962636
      3.934125      0.000165     -2.968891     -7.965399
      3.934250      0.000160     -2.966226     -7.968183
      3.934375      0.000126     -2.963535     -7.970966
      3.934500      0.000071     -2.960838     -7.973733
      3.934625      0.000002     -2.958150     -7.976477
      3.934750     -0.000073     -2.955478     -7.979199
      3.934875     -0.000148     -2.952828     -7.981899
      3.935000     -0.000215     -2.950207     -7.984578
      3.935125     -0.000267     -2.947618     -7.987240
      3.935250     -0.000298     -2.945064     -7.989887
      3.935375     -0.000308     -2.942544     -7.992523
      3.935500     -0.000298     -2.940052     -7.995150
      3.935625     -0.000274     -2.937579     -7.997773
      3.935750     -0.000245     -2.935110     -8.000395
      3.935875     -0.000221     -2.932633     -8.003021
      3.936000     -0.000209     -2.930137     -8.005653
      3.936125     -0.000216     -2.927615     -8.008294
      3.936250     -0.000243     -2.925066     -8.010940
      3.936375     -0.000290     -2.922496     -8.013589
      3.936500     -0.000352     -2.919916     -8.016232
      3.936625     -0.000427     -2.917340     -8.018858
      3.936750     -0.000519     -2.914778     -8.021453
      3.936875     -0.000626     -2.912248     -8.024001
      3.937000     -0.000588     -2.907395     -8.029017
      3.937125     -0.000071     -2.907328     -8.029726
      3.937250      0.000343     -2.905323     -8.032270
      3.937375      0.000420     -2.902763     -8.035033
      3.937500      0.000366     -2.900080     -8.037786
      3.937625      0.000258     -2.897403     -8.040480
      3.937750      0.000139     -2.894769     -8.043120
      3.937875      0.000043     -2.892197     -8.045721
      3.938000     -0.000010     -2.889698     -8.048293
      3.938125     -0.000012     -2.887265     -8.050848
      3.938250      0.000020     -2.884870     -8.053400
      3.938375      0.000059     -2.882469     -8.055965
      3.938500      0.000076     -2.880017     -8.058558
      3.938625      0.000051     -2.877485     -8.061191
      3.938750     -0.000003     -2.874884     -8.063863
      3.938875     -0.000010     -2.872304     -8.066561
      3.939000      0.000124     -2.869855     -8.069269
      3.939125      0.000337     -2.867494     -8.071968
      3.939250      0.000516     -2.865121     -8.074645
      3.939375      0.000619     -2.862703     -8.077291
      3.939500      0.000646     -2.860245     -8.079901
      3.939625      0.000611     -2.857764     -8.082472
      3.939750      0.000530     -2.855276     -8.085004
      3.939875      0.000418     -2.852798     -8.087496
      3.940000      0.000291     -2.850345     -8.089946
      3.940125      0.000162     -2.847933     -8.092354
      3.940250      0.000042     -2.845575     -8.094717
      3.940375     -0.000064     -2.843281     -8.097030
      3.940500     -0.000160     -2.841049     -8.099290
      3.940625     -0.000260     -2.838871     -8.101494
      3.940750     -0.000365     -2.836741     -8.103644
      3.940875     -0.000429     -2.834683     -8.105763
      3.941000     -0.000354     -2.832732     -8.107914
      3.941125     -0.000150     -2.830804     -8.110171
      3.941250      0.000063     -2.828782     -8.112532
      3.941375      0.000218     -2.826641     -8.114952
      3.941500      0.000300     -2.824376     -8.117424
      3.941625      0.000313     -2.821987     -8.119951
      3.941750      0.000271     -2.819512     -8.122509
      3.941875      0.000185     -2.816994     -8.125066
      3.942000      0.000068     -2.814468     -8.127601
      3.942125     -0.000065     -2.811952     -8.130108
      3.942250     -0.000204     -2.809460     -8.132587
      3.942375     -0.000333     -2.807002     -8.135040
      3.942500     -0.000439     -2.804589     -8.137472
      3.942625     -0.000511     -2.802227     -8.139887
      3.942750     -0.000545     -2.799914     -8.142292
      3.942875     -0.000546     -2.797637     -8.144692
      3.943000     -0.000530     -2.795372     -8.147099
      3.943125     -0.000516     -2.793086     -8.149522
      3.943250     -0.000524     -2.790752     -8.151974
      3.943375     -0.000562     -2.788354     -8.154459
      3.943500     -0.000620     -2.785902     -8.156978
      3.943625     -0.000636     -2.783467     -8.159522
      3.943750     -0.000537     -2.781136     -8.162077
      3.943875     -0.000351     -2.778892     -8.164631
      3.944000     -0.000173     -2.776654     -8.167173
      3.944125     -0.000053     -2.774378     -8.169694
      3.944250     -0.000000     -2.772061     -8.172189
      3.944375     -0.000007     -2.769714     -8.174654
      3.944500     -0.000062     -2.767350     -8.177088
      3.944625     -0.000152     -2.764982     -8.179491
      3.944750     -0.000265     -2.762625     -8.181860
      3.944875     -0.000389     -2.760291     -8.184196
      3.945000     -0.000512     -2.757993     -8.186495
      3.945125     -0.000625     -2.755745     -8.188755
      3.945250     -0.000723     -2.753553     -8.190973
      3.945375     -0.000812     -2.751418     -8.193145
      3.945500     -0.000901     -2.749332     -8.195267
      3.945625     -0.000993     -2.747290     -8.197342
      3.945750     -0.001050     -2.745312     -8.199388
      3.945875     -0.000985     -2.743435     -8.201456
      3.946000     -0.000780     -2.741606     -8.203614
      3.946125     -0.000538     -2.739711     -8.205877
      3.946250     -0.000334     -2.737710     -8.208206
      3.946375     -0.000191     -2.735597     -8.210586
      3.946500     -0.000109     -2.733371     -8.213020
      3.946625     -0.000079     -2.731057     -8.215490
      3.946750     -0.000090     -2.728694     -8.217966
      3.946875     -0.000132     -2.726316     -8.220427
      3.947000     -0.000194     -2.723942     -8.222864
      3.947125     -0.000264     -2.721586     -8.225275
      3.947250     -0.000333     -2.719256     -8.227661
      3.947375     -0.000387     -2.716963     -8.230026
      3.947500     -0.000415     -2.714713     -8.232373
      3.947625     -0.000409     -2.712509     -8.234707
      3.947750     -0.000370     -2.710346     -8.237034
      3.947875     -0.000307     -2.708206     -8.239362
      3.948000     -0.000238     -2.706062     -8.241700
      3.948125     -0.000180     -2.703886     -8.244059
      3.948250     -0.000149     -2.701654     -8.246447
      3.948375     -0.000151     -2.699354     -8.248870
      3.948500     -0.000163     -2.697015     -8.251323
      3.948625     -0.000115     -2.694713     -8.253797
      3.948750      0.000047     -2.692518     -8.256279
      3.948875      0.000269     -2.690386     -8.258758
      3.949000      0.000464     -2.688241     -8.261223
      3.949125      0.000597     -2.686055     -8.263667
      3.949250      0.000663     -2.683827     -8.266086
      3.949375      0.000670     -2.681569     -8.268476
      3.949500      0.000631     -2.679294     -8.270837
      3.949625      0.000556     -2.677014     -8.273167
      3.949750      0.000458     -2.674743     -8.275465
      3.949875      0.000349     -2.672493     -8.277731
      3.950000      0.000240     -2.670278     -8.279963
      3.950125      0.000139     -2.668108     -8.282156
      3.950250      0.000051     -2.665992     -8.284310
      3.950375     -0.000029     -2.663928     -8.286418
      3.950500     -0.000111     -2.661909     -8.288480
      3.950625     -0.000198     -2.659929     -8.290498
      3.950750     -0.000253     -2.658008     -8.292489
      3.950875     -0.000192     -2.656182     -8.294502
      3.951000      0.000007     -2.654406     -8.296601
      3.951125      0.000247     -2.652569     -8.298802
      3.951250      0.000451     -2.650627     -8.301073
      3.951375      0.000595     -2.648572     -8.303398
      3.951500      0.000680     -2.646406     -8.305774
      3.951625      0.000712     -2.644154     -8.308184
      3.951750      0.000702     -2.641853     -8.310600
      3.951875      0.000661     -2.639534     -8.313002
      3.952000      0.000597     -2.637217     -8.315381
      3.952125      0.000523     -2.634914     -8.317734
      3.952250      0.000447     -2.632634     -8.320063
      3.952375      0.000382     -2.630387     -8.322370
      3.952500      0.000339     -2.628180     -8.324659
      3.952625      0.000325     -2.626016     -8.326934
      3.952750      0.000343     -2.623892     -8.329200
      3.952875      0.000382     -2.621793     -8.331464
      3.953000      0.000428     -2.619693     -8.333735
      3.953125      0.000463     -2.617565     -8.336022
      3.953250      0.000469     -2.615384     -8.338335
      3.953375      0.000438     -2.613136     -8.340677
      3.953500      0.000385     -2.610837     -8.343048
      3.953625      0.000366     -2.608553     -8.345438
      3.953750      0.000451     -2.606366     -8.347836
      3.953875      0.000615     -2.604261     -8.350229
      3.954000      0.000768     -2.602161     -8.352607
      3.954125      0.000864     -2.600027     -8.354961
      3.954250      0.000892     -2.597854     -8.357288
      3.954375      0.000859     -2.595651     -8.359583
      3.954500      0.000776     -2.593431     -8.361846
      3.954625      0.000656     -2.591206     -8.364075
      3.954750      0.000510     -2.588990     -8.366270
      3.954875      0.000349     -2.586795     -8.368430
      3.955000      0.000187     -2.584634     -8.370553
      3.955125      0.000031     -2.582519     -8.372637
      3.955250     -0.000110     -2.580459     -8.374680
      3.955375     -0.000240     -2.578457     -8.376678
      3.955500     -0.000366     -2.576506     -8.378628
      3.955625     -0.000496     -2.574598     -8.380531
      3.955750     -0.000615     -2.572739     -8.382396
      3.955875     -0.000652     -2.570963     -8.384259
      3.956000     -0.000544     -2.569275     -8.386181
      3.956125     -0.000349     -2.567573     -8.388203
      3.956250     -0.000164     -2.565780     -8.390306
      3.956375     -0.000030     -2.563881     -8.392464
      3.956500      0.000045     -2.561872     -8.394673
      3.956625      0.000066     -2.559772     -8.396919
      3.956750      0.000042     -2.557615     -8.399177
      3.956875     -0.000016     -2.555434     -8.401425
      3.957000     -0.000098     -2.553252     -8.403650
      3.957125     -0.000194     -2.551082     -8.405848
      3.957250     -0.000294     -2.548936     -8.408021
      3.957375     -0.000386     -2.546820     -8.410169
      3.957500     -0.000458     -2.544744     -8.412298
      3.957625     -0.000501     -2.542714     -8.414410
      3.957750     -0.000509     -2.540730     -8.416511
      3.957875     -0.000485     -2.538783     -8.418607
      3.958000     -0.000442     -2.536852     -8.420706
      3.958125     -0.000396     -2.534911     -8.422817
      3.958250     -0.000365     -2.532933     -8.424952
      3.958375     -0.000362     -2.530896     -8.427117
      3.958500     -0.000387     -2.528798     -8.429315
      3.958625     -0.000408     -2.526678     -8.431539
      3.958750     -0.000351     -2.524618     -8.433781
      3.958875     -0.000183     -2.522664     -8.436028
      3.959000      0.000023     -2.520755     -8.438268
      3.959125      0.000195     -2.518826     -8.440494
      3.959250      0.000305     -2.516857     -8.442698
      3.959375      0.000352     -2.514851     -8.444877
      3.959500      0.000345     -2.512817     -8.447027
      3.959625      0.000294     -2.510770     -8.449149
      3.959750      0.000212     -2.508721     -8.451241
      3.959875      0.000110     -2.506683     -8.453302
      3.960000     -0.000002     -2.504667     -8.455331
      3.960125     -0.000112     -2.502687     -8.457326
      3.960250     -0.000212     -2.500753     -8.459285
      3.960375     -0.000300     -2.498872     -8.461203
      3.960500     -0.000379     -2.497042     -8.463079
      3.960625     -0.000460     -2.495255     -8.464910
      3.960750     -0.000546     -2.493504     -8.466700
      3.960875     -0.000602     -2.491807     -8.468466
      3.961000     -0.000547     -2.490198     -8.470255
      3.961125     -0.000357     -2.488642     -8.472126
      3.961250     -0.000121     -2.487032     -8.474097
      3.961375      0.000082     -2.485317     -8.476139
      3.961500      0.000226     -2.483489     -8.478238
      3.961625      0.000312     -2.481553     -8.480384
      3.961750      0.000345     -2.479537     -8.482558
      3.961875      0.000335     -2.477476     -8.484735
      3.962000      0.000293     -2.475397     -8.486896
      3.962125      0.000229     -2.473319     -8.489035
      3.962250      0.000152     -2.471253     -8.491149
      3.962375      0.000073     -2.469208     -8.493240
      3.962500      0.000004     -2.467194     -8.495310
      3.962625     -0.000044     -2.465218     -8.497363
      3.962750     -0.000063     -2.463285     -8.499403
      3.962875     -0.000049     -2.461392     -8.501434
      3.963000     -0.000008     -2.459528     -8.503464
      3.963125      0.000045     -2.457669     -8.505501
      3.963250      0.000092     -2.455788     -8.507554
      3.963375      0.000119     -2.453860     -8.509634
      3.963500      0.000114     -2.451868     -8.511746
      3.963625      0.000084     -2.449821     -8.513888
      3.963750      0.000076     -2.447771     -8.516056
      3.963875      0.000164     -2.445803     -8.518236
      3.964000      0.000347     -2.443928     -8.520418
      3.964125      0.000541     -2.442074     -8.522592
      3.964250      0.000686     -2.440189     -8.524747
      3.964375      0.000767     -2.438262     -8.526880
      3.964500      0.000785     -2.436299     -8.528986
      3.964625      0.000751     -2.434312     -8.531064
      3.964750      0.000676     -2.432314     -8.533113
      3.964875      0.000572     -2.430316     -8.535131
      3.965000      0.000449     -2.428331     -8.537118
      3.965125      0.000319     -2.426372     -8.539072
      3.965250      0.000192     -2.424451     -8.540991
      3.965375      0.000076     -2.422578     -8.542873
      3.965500     -0.000029     -2.420757     -8.544714
      3.965625     -0.000128     -2.418985     -8.546512
      3.965750     -0.000232     -2.417253     -8.548265
      3.965875     -0.000337     -2.415558     -8.549980
      3.966000     -0.000399     -2.413922     -8.551680
      3.966125     -0.000334     -2.412375     -8.553417
      3.966250     -0.000148     -2.410859     -8.555243
      3.966375      0.000062     -2.409274     -8.557162
      3.966500      0.000230     -2.407581     -8.559149
      3.966625      0.000340     -2.405777     -8.561189
      3.966750      0.000393     -2.403873     -8.563270
      3.966875      0.000396     -2.401902     -8.565369
      3.967000      0.000359     -2.399896     -8.567464
      3.967125      0.000293     -2.397879     -8.569539
      3.967250      0.000208     -2.395868     -8.571590
      3.967375      0.000113     -2.393873     -8.573615
      3.967500      0.000020     -2.391904     -8.575617
      3.967625     -0.000060     -2.389968     -8.577598
      3.967750     -0.000116     -2.388073     -8.579561
      3.967875     -0.000140     -2.386224     -8.581511
      3.968000     -0.000130     -2.384417     -8.583453
      3.968125     -0.000095     -2.382636     -8.585394
      3.968250     -0.000048     -2.380858     -8.587343
      3.968375     -0.000008     -2.379057     -8.589310
      3.968500      0.000009     -2.377207     -8.591302
      3.968625     -0.000003     -2.375296     -8.593326
      3.968750     -0.000033     -2.373337     -8.595379
      3.968875     -0.000028     -2.371393     -8.597454
      3.969000      0.000082     -2.369543     -8.599539
      3.969125      0.000276     -2.367778     -8.601623
      3.969250      0.000469     -2.366024     -8.603696
      3.969375      0.000610     -2.364236     -8.605749
      3.969500      0.000686     -2.362408     -8.607778
      3.969625      0.000701     -2.360546     -8.609781
      3.969750      0.000666     -2.358662     -8.611754
      3.969875      0.000590     -2.356768     -8.613697
      3.970000      0.000486     -2.354876     -8.615610
      3.970125      0.000363     -2.352996     -8.617492
      3.970250      0.000232     -2.351142     -8.619341
      3.970375      0.000104     -2.349324     -8.621154
      3.970500     -0.000017     -2.347553     -8.622931
      3.970625     -0.000129     -2.345830     -8.624667
      3.970750     -0.000239     -2.344152     -8.626359
      3.970875     -0.000357     -2.342509     -8.628009
      3.971000     -0.000478     -2.340898     -8.629624
      3.971125     -0.000549     -2.339346     -8.631231
      3.971250     -0.000491     -2.337878     -8.632882
      3.971375     -0.000322     -2.336428     -8.634626
      3.971500     -0.000139     -2.334900     -8.636460
      3.971625     -0.000001     -2.333262     -8.638362
      3.971750      0.000077     -2.331511     -8.640316
      3.971875      0.000098     -2.329666     -8.642308
      3.972000      0.000072     -2.327758     -8.644314
      3.972125      0.000007     -2.325818     -8.646313
      3.972250     -0.000087     -2.323870     -8.648293
      3.972375     -0.000198     -2.321927     -8.650250
      3.972500     -0.000317     -2.320001     -8.652183
      3.972625     -0.000433     -2.318099     -8.654094
      3.972750     -0.000534     -2.316230     -8.655986
      3.972875     -0.000610     -2.314402     -8.657863
      3.973000     -0.000652     -2.312619     -8.659729
      3.973125     -0.000661     -2.310875     -8.661589
      3.973250     -0.000644     -2.309155     -8.663451
      3.973375     -0.000617     -2.307436     -8.665322
      3.973500     -0.000597     -2.305690     -8.667214
      3.973625     -0.000598     -2.303893     -8.669134
      3.973750     -0.000628     -2.302035     -8.671086
      3.973875     -0.000674     -2.300132     -8.673070
      3.974000     -0.000677     -2.298247     -8.675075
      3.974125     -0.000573     -2.296460     -8.677092
      3.974250     -0.000388     -2.294753     -8.679109
      3.974375     -0.000207     -2.293053     -8.681115
      3.974500     -0.000078     -2.291319     -8.683103
      3.974625     -0.000012     -2.289545     -8.685069
      3.974750     -0.000003     -2.287739     -8.687009
      3.974875     -0.000041     -2.285913     -8.688921
      3.975000     -0.000115     -2.284079     -8.690806
      3.975125     -0.000215     -2.282249     -8.692661
      3.975250     -0.000329     -2.280435     -8.694487
      3.975375     -0.000446     -2.278649     -8.696281
      3.975500     -0.000557     -2.276903     -8.698041
      3.975625     -0.000654     -2.275205     -8.699765
      3.975750     -0.000739     -2.273560     -8.701451
      3.975875     -0.000819     -2.271961     -8.703095
      3.976000     -0.000903     -2.270400     -8.704698
      3.976125     -0.000985     -2.268872     -8.706268
      3.976250     -0.001015     -2.267402     -8.707834
      3.976375     -0.000914     -2.266016     -8.709446
      3.976500     -0.000700     -2.264650     -8.711150
      3.976625     -0.000471     -2.263209     -8.712945
      3.976750     -0.000285     -2.261656     -8.714809
      3.976875     -0.000157     -2.259993     -8.716725
      3.977000     -0.000086     -2.258237     -8.718677
      3.977125     -0.000062     -2.256421     -8.720642
      3.977250     -0.000077     -2.254574     -8.722599
      3.977375     -0.000121     -2.252717     -8.724536
      3.977500     -0.000184     -2.250865     -8.726451
      3.977625     -0.000255     -2.249026     -8.728343
      3.977750     -0.000325     -2.247210     -8.730214
      3.977875     -0.000382     -2.245425     -8.732067
      3.978000     -0.000416     -2.243679     -8.733906
      3.978125     -0.000418     -2.241974     -8.735733
      3.978250     -0.000387     -2.240307     -8.737555
      3.978375     -0.000333     -2.238663     -8.739379
      3.978500     -0.000270     -2.237017     -8.741214
      3.978625     -0.000214     -2.235343     -8.743068
      3.978750     -0.000182     -2.233617     -8.744951
      3.978875     -0.000180     -2.231828     -8.746867
      3.979000     -0.000196     -2.229990     -8.748814
      3.979125     -0.000175     -2.228167     -8.750783
      3.979250     -0.000049     -2.226436     -8.752765
      3.979375      0.000158     -2.224786     -8.754747
      3.979500      0.000362     -2.223142     -8.756719
      3.979625      0.000513     -2.221464     -8.758675
      3.979750      0.000601     -2.219744     -8.760608
      3.979875      0.000630     -2.217989     -8.762516
      3.980000      0.000609     -2.216212     -8.764397
      3.980125      0.000550     -2.214424     -8.766251
      3.980250      0.000463     -2.212637     -8.768076
      3.980375      0.000361     -2.210864     -8.769872
      3.980500      0.000253     -2.209116     -8.771637
      3.980625      0.000150     -2.207405     -8.773370
      3.980750      0.000058     -2.205741     -8.775067
      3.980875     -0.000022     -2.204127     -8.776727
      3.981000     -0.000096     -2.202557     -8.778346
      3.981125     -0.000176     -2.201024     -8.779926
      3.981250     -0.000257     -2.199520     -8.781473
      3.981375     -0.000294     -2.198067     -8.783014
      3.981500     -0.000207     -2.196696     -8.784597
      3.981625     -0.000002     -2.195353     -8.786271
      3.981750      0.000228     -2.193941     -8.788037
      3.981875      0.000417     -2.192419     -8.789873
      3.982000      0.000548     -2.190785     -8.791764
      3.982125      0.000623     -2.189058     -8.793690
      3.982250      0.000648     -2.187269     -8.795629
      3.982375      0.000634     -2.185448     -8.797561
      3.982500      0.000589     -2.183615     -8.799474
      3.982625      0.000525     -2.181784     -8.801366
      3.982750      0.000451     -2.179967     -8.803234
      3.982875      0.000376     -2.178170     -8.805082
      3.983000      0.000313     -2.176402     -8.806911
      3.983125      0.000272     -2.174672     -8.808726
      3.983250      0.000261     -2.172982     -8.810529
      3.983375      0.000282     -2.171331     -8.812326
      3.983500      0.000327     -2.169703     -8.814124
      3.983625      0.000382     -2.168077     -8.815930
      3.983750      0.000429     -2.166425     -8.817754
      3.983875      0.000453     -2.164723     -8.819605
      3.984000      0.000445     -2.162958     -8.821487
      3.984125      0.000412     -2.161139     -8.823399
      3.984250      0.000405     -2.159322     -8.825333
      3.984375      0.000493     -2.157589     -8.827279
      3.984500      0.000668     -2.155944     -8.829224
      3.984625      0.000847     -2.154313     -8.831159
      3.984750      0.000973     -2.152649     -8.833074
      3.984875      0.001034     -2.150944     -8.834965
      3.985000      0.001031     -2.149202     -8.836828
      3.985125      0.000974     -2.147437     -8.838662
      3.985250      0.000875     -2.145660     -8.840465
      3.985375      0.000746     -2.143885     -8.842237
      3.985500      0.000598     -2.142122     -8.843976
      3.985625      0.000442     -2.140386     -8.845681
      3.985750      0.000288     -2.138687     -8.847351
      3.985875      0.000145     -2.137037     -8.848983
      3.986000      0.000014     -2.135439     -8.850575
      3.986125     -0.000109     -2.133891     -8.852125
      3.986250     -0.000235     -2.132383     -8.853632
      3.986375     -0.000365     -2.130907     -8.855103
      3.986500     -0.000463     -2.129477     -8.856560
      3.986625     -0.000450     -2.128128     -8.858047
      3.986750     -0.000307     -2.126828     -8.859615
      3.986875     -0.000120     -2.125481     -8.861274
      3.987000      0.000037     -2.124031     -8.863006
      3.987125      0.000139     -2.122472     -8.864792
      3.987250      0.000185     -2.120822     -8.866613
      3.987375      0.000181     -2.119110     -8.868447
      3.987500      0.000137     -2.117364     -8.870273
      3.987625      0.000063     -2.115608     -8.872080
      3.987750     -0.000032     -2.113854     -8.873863
      3.987875     -0.000138     -2.112114     -8.875622
      3.988000     -0.000245     -2.110397     -8.877359
      3.988125     -0.000341     -2.108709     -8.879075
      3.988250     -0.000417     -2.107060     -8.880774
      3.988375     -0.000462     -2.105454     -8.882460
      3.988500     -0.000473     -2.103889     -8.884137
      3.988625     -0.000456     -2.102356     -8.885813
      3.988750     -0.000422     -2.100832     -8.887496
      3.988875     -0.000389     -2.099292     -8.889194
      3.989000     -0.000373     -2.097710     -8.890917
      3.989125     -0.000385     -2.096069     -8.892671
      3.989250     -0.000421     -2.094373     -8.894457
      3.989375     -0.000443     -2.092664     -8.896268
      3.989500     -0.000379     -2.091027     -8.898094
      3.989625     -0.000212     -2.089489     -8.899924
      3.989750     -0.000016     -2.087985     -8.901748
      3.989875      0.000142     -2.086460     -8.903557
      3.990000      0.000239     -2.084894     -8.905345
      3.990125      0.000277     -2.083292     -8.907110
      3.990250      0.000263     -2.081665     -8.908848
      3.990375      0.000207     -2.080024     -8.910559
      3.990500      0.000122     -2.078381     -8.912242
      3.990625      0.000018     -2.076747     -8.913896
      3.990750     -0.000096     -2.075135     -8.915520
      3.990875     -0.000207     -2.073555     -8.917113
      3.991000     -0.000309     -2.072019     -8.918672
      3.991125     -0.000396     -2.070533     -8.920196
      3.991250     -0.000474     -2.069095     -8.921681
      3.991375     -0.000552     -2.067697     -8.923126
      3.991500     -0.000635     -2.066328     -8.924537
      3.991625     -0.000704     -2.064993     -8.925928
      3.991750     -0.000689     -2.063723     -8.927338
      3.991875     -0.000536     -2.062520     -8.928819
      3.992000     -0.000310     -2.061296     -8.930394
      3.992125     -0.000098     -2.059977     -8.932050
      3.992250      0.000062     -2.058545     -8.933767
      3.992375      0.000165     -2.057014     -8.935526
      3.992500      0.000214     -2.055410     -8.937304
      3.992625      0.000219     -2.053763     -8.939081
      3.992750      0.000189     -2.052096     -8.940843
      3.992875      0.000133     -2.050424     -8.942584
      3.993000      0.000062     -2.048760     -8.944303
      3.993125     -0.000014     -2.047111     -8.945999
      3.993250     -0.000086     -2.045487     -8.947677
      3.993375     -0.000142     -2.043895     -8.949338
      3.993500     -0.000172     -2.042341     -8.950987
      3.993625     -0.000171     -2.040828     -8.952627
      3.993750     -0.000140     -2.039347     -8.954264
      3.993875     -0.000089     -2.037881     -8.955905
      3.994000     -0.000035     -2.036406     -8.957559
      3.994125      0.000006     -2.034895     -8.959237
      3.994250      0.000021     -2.033327     -8.960944
      3.994375      0.000006     -2.031697     -8.962684
      3.994500     -0.000015     -2.030033     -8.964453
      3.994625      0.000022     -2.028406     -8.966240
      3.994750      0.000166     -2.026879     -8.968037
      3.994875      0.000369     -2.025414     -8.969830
      3.995000      0.000551     -2.023939     -8.971612
      3.995125      0.000677     -2.022427     -8.973375
      3.995250      0.000739     -2.020874     -8.975116
      3.995375      0.000745     -2.019290     -8.976831
      3.995500      0.000705     -2.017686     -8.978519
      3.995625      0.000629     -2.016074     -8.980179
      3.995750      0.000528     -2.014466     -8.981812
      3.995875      0.000413     -2.012873     -8.983415
      3.996000      0.000294     -2.011307     -8.984987
      3.996125      0.000181     -2.009779     -8.986527
      3.996250      0.000080     -2.008298     -8.988032
      3.996375     -0.000010     -2.006865     -8.989500
      3.996500     -0.000097     -2.005474     -8.990929
      3.996625     -0.000190     -2.004115     -8.992320
      3.996750     -0.000284     -2.002782     -8.993684
      3.996875     -0.000331     -2.001495     -8.995049
      3.997000     -0.000255     -2.000283     -8.996462
      3.997125     -0.000067     -1.999095     -8.997963
      3.997250      0.000140     -1.997837     -8.999553
      3.997375      0.000307     -1.996472     -9.001211
      3.997500      0.000416     -1.995000     -9.002917
      3.997625      0.000470     -1.993445     -9.004650
      3.997750      0.000474     -1.991835     -9.006389
      3.997875      0.000439     -1.990198     -9.008116
      3.998000      0.000374     -1.988550     -9.009823
      3.998125      0.000288     -1.986905     -9.011508
      3.998250      0.000193     -1.985273     -9.013170
      3.998375      0.000097     -1.983661     -9.014811
      3.998500      0.000011     -1.982078     -9.016434
      3.998625     -0.000053     -1.980531     -9.018041
      3.998750     -0.000087     -1.979026     -9.019637
      3.998875     -0.000090     -1.977559     -9.021226
      3.999000     -0.000066     -1.976118     -9.022815
      3.999125     -0.000031     -1.974682     -9.024412
      3.999250      0.000001     -1.973225     -9.026026
      3.999375      0.000014     -1.971723     -9.027666
      3.999500     -0.000002     -1.970162     -9.029336
      3.999625     -0.000040     -1.968548     -9.031037
      3.999750     -0.000057     -1.966932     -9.032760
      3.999875      0.000018     -1.965395     -9.034498
      4.000000      0.000189     -1.963953     -9.036237
      4.000125      0.000380     -1.962538     -9.037967
      4.000250      0.000529     -1.961097     -9.039682
      4.000375      0.000618     -1.959618     -9.041375
      4.000500      0.000648     -1.958105     -9.043043
      4.000625      0.000628     -1.956569     -9.044685
      4.000750      0.000569     -1.955020     -9.046298
      4.000875      0.000480     -1.953471     -9.047884
      4.001000      0.000373     -1.951933     -9.049440
      4.001125      0.000258     -1.950417     -9.050965
      4.001250      0.000144     -1.948935     -9.052459
      4.001375      0.000040     -1.947496     -9.053919
      4.001500     -0.000050     -1.946107     -9.055344
      4.001625     -0.000130     -1.944765     -9.056730
      4.001750     -0.000211     -1.943462     -9.058077
      4.001875     -0.000298     -1.942186     -9.059391
      4.002000     -0.000376     -1.940938     -9.060687
      4.002125     -0.000378     -1.939747     -9.062000
      4.002250     -0.000248     -1.938623     -9.063379
      4.002375     -0.000039     -1.937486     -9.064850
      4.002500      0.000160     -1.936258     -9.066402
      4.002625      0.000308     -1.934921     -9.068012
      4.002750      0.000396     -1.933485     -9.069661
      4.002875      0.000429     -1.931976     -9.071328
      4.003000      0.000414     -1.930421     -9.072993
      4.003125      0.000360     -1.928844     -9.074642
      4.003250      0.000278     -1.927259     -9.076269
      4.003375      0.000177     -1.925677     -9.077875
      4.003500      0.000065     -1.924107     -9.079459
      4.003625     -0.000045     -1.922557     -9.081024
      4.003750     -0.000143     -1.921035     -9.082572
      4.003875     -0.000219     -1.919550     -9.084107
      4.004000     -0.000266     -1.918103     -9.085632
      4.004125     -0.000283     -1.916689     -9.087153
      4.004250     -0.000279     -1.915294     -9.088677
      4.004375     -0.000267     -1.913895     -9.090212
      4.004500     -0.000265     -1.912468     -9.091768
      4.004625     -0.000284     -1.910989     -9.093352
      4.004750     -0.000333     -1.909450     -9.094967
      4.004875     -0.000396     -1.907866     -9.096613
      4.005000     -0.000420     -1.906300     -9.098280
      4.005125     -0.000342     -1.904825     -9.099958
      4.005250     -0.000183     -1.903430     -9.101637
      4.005375     -0.000023     -1.902045     -9.103307
      4.005500      0.000089     -1.900628     -9.104961
      4.005625      0.000142     -1.899174     -9.106594
      4.005750      0.000140     -1.897687     -9.108203
      4.005875      0.000090     -1.896178     -9.109787
      4.006000      0.000004     -1.894660     -9.111345
      4.006125     -0.000107     -1.893142     -9.112876
      4.006250     -0.000234     -1.891637     -9.114379
      4.006375     -0.000367     -1.890155     -9.115854
      4.006500     -0.000495     -1.888707     -9.117298
      4.006625     -0.000611     -1.887303     -9.118711
      4.006750     -0.000713     -1.885948     -9.120089
      4.006875     -0.000805     -1.884639     -9.121431
      4.007000     -0.000896     -1.883366     -9.122737
      4.007125     -0.000993     -1.882119     -9.124013
      4.007250     -0.001075     -1.880899     -9.125276
      4.007375     -0.001073     -1.879738     -9.126564
      4.007500     -0.000940     -1.878639     -9.127921
      4.007625     -0.000733     -1.877523     -9.129369
      4.007750     -0.000537     -1.876319     -9.130895
      4.007875     -0.000388     -1.875009     -9.132478
      4.008000     -0.000295     -1.873608     -9.134097
      4.008125     -0.000253     -1.872140     -9.135732
      4.008250     -0.000253     -1.870633     -9.137364
      4.008375     -0.000288     -1.869107     -9.138980
      4.008500     -0.000348     -1.867576     -9.140577
      4.008625     -0.000423     -1.866050     -9.142152
      4.008750     -0.000504     -1.864538     -9.143708
      4.008875     -0.000583     -1.863048     -9.145244
      4.009000     -0.000647     -1.861587     -9.146766
      4.009125     -0.000689     -1.860162     -9.148274
      4.009250     -0.000700     -1.858776     -9.149774
      4.009375     -0.000681     -1.857424     -9.151270
      4.009500     -0.000639     -1.856093     -9.152768
      4.009625     -0.000588     -1.854760     -9.154277
      4.009750     -0.000543     -1.853402     -9.155805
      4.009875     -0.000518     -1.851996     -9.157361
      4.010000     -0.000522     -1.850531     -9.158948
      4.010125     -0.000543     -1.849018     -9.160564
      4.010250     -0.000538     -1.847508     -9.162203
      4.010375     -0.000441     -1.846078     -9.163856
      4.010500     -0.000255     -1.844735     -9.165510
      4.010625     -0.000054     -1.843413     -9.167158
      4.010750      0.000106     -1.842064     -9.168792
      4.010875      0.000208     -1.840677     -9.170407
      4.011000      0.000253     -1.839255     -9.171999
      4.011125      0.000250     -1.837808     -9.173567
      4.011250      0.000207     -1.836348     -9.175110
      4.011375      0.000136     -1.834884     -9.176627
      4.011500      0.000045     -1.833427     -9.178118
      4.011625     -0.000056     -1.831987     -9.179582
      4.011750     -0.000156     -1.830576     -9.181018
      4.011875     -0.000249     -1.829203     -9.182423
      4.012000     -0.000329     -1.827874     -9.183797
      4.012125     -0.000398     -1.826589     -9.185137
      4.012250     -0.000464     -1.825343     -9.186443
      4.012375     -0.000535     -1.824122     -9.187717
      4.012500     -0.000608     -1.822922     -9.188970
      4.012625     -0.000641     -1.821756     -9.190228
      4.012750     -0.000565     -1.820655     -9.191530
      4.012875     -0.000377     -1.819585     -9.192913
      4.013000     -0.000158     -1.818464     -9.194378
      4.013125      0.000031     -1.817246     -9.195909
      4.013250      0.000168     -1.815932     -9.197486
      4.013375      0.000253     -1.814539     -9.199089
      4.013500      0.000291     -1.813093     -9.200698
      4.013625      0.000289     -1.811615     -9.202299
      4.013750      0.000256     -1.810123     -9.203884
      4.013875      0.000201     -1.808627     -9.205449
      4.014000      0.000132     -1.807138     -9.206993
      4.014125      0.000057     -1.805662     -9.208519
      4.014250     -0.000015     -1.804207     -9.210029
      4.014375     -0.000074     -1.802779     -9.211523
      4.014500     -0.000112     -1.801383     -9.213006
      4.014625     -0.000123     -1.800023     -9.214480
      4.014750     -0.000107     -1.798694     -9.215950
      4.014875     -0.000070     -1.797384     -9.217421
      4.015000     -0.000024     -1.796076     -9.218901
      4.015125      0.000018     -1.794747     -9.220396
      4.015250      0.000043     -1.793379     -9.221914
      4.015375      0.000043     -1.791960     -9.223458
      4.015500      0.000020     -1.790491     -9.225029
      4.015625      0.000001     -1.789004     -9.226622
      4.015750      0.000039     -1.787560     -9.228229
      4.015875      0.000167     -1.786201     -9.229841
      4.016000      0.000346     -1.784896     -9.231450
      4.016125      0.000515     -1.783591     -9.233049
      4.016250      0.000641     -1.782258     -9.234633
      4.016375      0.000717     -1.780894     -9.236198
      4.016500      0.000745     -1.779504     -9.237742
      4.016625      0.000733     -1.778094     -9.239264
      4.016750      0.000688     -1.776675     -9.240764
      4.016875      0.000619     -1.775253     -9.242241
      4.017000      0.000533     -1.773837     -9.243697
      4.017125      0.000437     -1.772432     -9.245130
      4.017250      0.000337     -1.771046     -9.246541
      4.017375      0.000239     -1.769684     -9.247930
      4.017500      0.000146     -1.768349     -9.249297
      4.017625      0.000062     -1.767043     -9.250644
      4.017750     -0.000015     -1.765763     -9.251972
      4.017875     -0.000088     -1.764504     -9.253283
      4.018000     -0.000160     -1.763256     -9.254585
      4.018125     -0.000235     -1.762006     -9.255884
      4.018250     -0.000317     -1.760734     -9.257199
      4.018375     -0.000411     -1.759402     -9.258562
      4.018500     -0.000537     -1.757881     -9.260082
      4.018625     -0.000439     -1.755902     -9.262284
      4.018750      0.000054     -1.755212     -9.263592
      4.018875      0.000053     -1.753625     -9.265303
      4.019000      0.000226     -1.752190     -9.267036
      4.019125      0.000514     -1.750913     -9.268726
      4.019250      0.000672     -1.749566     -9.270356
      4.019375      0.000697     -1.748149     -9.271923
      4.019500      0.000631     -1.746698     -9.273433
      4.019625      0.000509     -1.745245     -9.274889
      4.019750      0.000360     -1.743815     -9.276295
      4.019875      0.000206     -1.742429     -9.277652
      4.020000      0.000065     -1.741105     -9.278960
      4.020125     -0.000051     -1.739855     -9.280218
      4.020250     -0.000146     -1.738679     -9.281425
      4.020375     -0.000234     -1.737560     -9.282581
      4.020500     -0.000328     -1.736474     -9.283698
      4.020625     -0.000394     -1.735424     -9.284808
      4.020750     -0.000326     -1.734452     -9.285972
      4.020875     -0.000109     -1.733521     -9.287246
      4.021000      0.000131     -1.732501     -9.288629
      4.021125      0.000308     -1.731342     -9.290091
      4.021250      0.000405     -1.730058     -9.291597
      4.021375      0.000427     -1.728686     -9.293116
      4.021500      0.000387     -1.727261     -9.294626
      4.021625      0.000298     -1.725811     -9.296112
      4.021750      0.000175     -1.724353     -9.297572
      4.021875      0.000033     -1.722901     -9.299007
      4.022000     -0.000113     -1.721468     -9.300419
      4.022125     -0.000247     -1.720067     -9.301812
      4.022250     -0.000355     -1.718706     -9.303189
      4.022375     -0.000426     -1.717393     -9.304556
      4.022500     -0.000459     -1.716122     -9.305920
      4.022625     -0.000465     -1.714871     -9.307289
      4.022750     -0.000462     -1.713612     -9.308676
      4.022875     -0.000471     -1.712313     -9.310090
      4.023000     -0.000508     -1.710950     -9.311542
      4.023125     -0.000571     -1.709522     -9.313032
      4.023250     -0.000621     -1.708077     -9.314553
      4.023375     -0.000572     -1.706709     -9.316094
      4.023500     -0.000409     -1.705451     -9.317640
      4.023625     -0.000222     -1.704223     -9.319180
      4.023750     -0.000081     -1.702965     -9.320703
      4.023875     -0.000007     -1.701663     -9.322204
      4.024000      0.000004     -1.700325     -9.323679
      4.024125     -0.000036     -1.698962     -9.325127
      4.024250     -0.000116     -1.697589     -9.326545
      4.024375     -0.000221     -1.696220     -9.327934
      4.024500     -0.000340     -1.694867     -9.329293
      4.024625     -0.000461     -1.693544     -9.330620
      4.024750     -0.000572     -1.692264     -9.331913
      4.024875     -0.000667     -1.691037     -9.333171
      4.025000     -0.000746     -1.689863     -9.334392
      4.025125     -0.000819     -1.688732     -9.335574
      4.025250     -0.000898     -1.687631     -9.336722
      4.025375     -0.000972     -1.686550     -9.337853
      4.025500     -0.000980     -1.685515     -9.339006
      4.025625     -0.000845     -1.684550     -9.340230
      4.025750     -0.000611     -1.683583     -9.341556
      4.025875     -0.000381     -1.682525     -9.342969
      4.026000     -0.000204     -1.681352     -9.344445
      4.026125     -0.000089     -1.680081     -9.345955
      4.026250     -0.000032     -1.678744     -9.347475
      4.026375     -0.000021     -1.677368     -9.348986
      4.026500     -0.000048     -1.675975     -9.350478
      4.026625     -0.000100     -1.674578     -9.351947
      4.026750     -0.000167     -1.673189     -9.353395
      4.026875     -0.000238     -1.671816     -9.354821
      4.027000     -0.000300     -1.670470     -9.356230
      4.027125     -0.000342     -1.669159     -9.357624
      4.027250     -0.000353     -1.667889     -9.359008
      4.027375     -0.000331     -1.666659     -9.360386
      4.027500     -0.000280     -1.665454     -9.361766
      4.027625     -0.000217     -1.664252     -9.363156
      4.027750     -0.000159     -1.663023     -9.364569
      4.027875     -0.000123     -1.661740     -9.366012
      4.028000     -0.000119     -1.660389     -9.367491
      4.028125     -0.000135     -1.658985     -9.369005
      4.028250     -0.000113     -1.657593     -9.370545
      4.028375      0.000019     -1.656296     -9.372098
      4.028500      0.000233     -1.655080     -9.373653
      4.028625      0.000440     -1.653866     -9.375199
      4.028750      0.000590     -1.652613     -9.376727
      4.028875      0.000674     -1.651316     -9.378234
      4.029000      0.000697     -1.649983     -9.379715
      4.029125      0.000670     -1.648626     -9.381170
      4.029250      0.000606     -1.647259     -9.382597
      4.029375      0.000515     -1.645894     -9.383996
      4.029500      0.000410     -1.644544     -9.385367
      4.029625      0.000303     -1.643221     -9.386707
      4.029750      0.000203     -1.641939     -9.388015
      4.029875      0.000118     -1.640704     -9.389289
      4.030000      0.000046     -1.639519     -9.390527
      4.030125     -0.000021     -1.638375     -9.391729
      4.030250     -0.000096     -1.637256     -9.392899
      4.030375     -0.000169     -1.636154     -9.394052
      4.030500     -0.000184     -1.635091     -9.395225
      4.030625     -0.000064     -1.634095     -9.396466
      4.030750      0.000159     -1.633107     -9.397802
      4.030875      0.000387     -1.632037     -9.399225
      4.031000      0.000566     -1.630857     -9.400709
      4.031125      0.000684     -1.629580     -9.402228
      4.031250      0.000744     -1.628236     -9.403758
      4.031375      0.000756     -1.626851     -9.405280
      4.031500      0.000729     -1.625446     -9.406783
      4.031625      0.000674     -1.624036     -9.408263
      4.031750      0.000599     -1.622630     -9.409720
      4.031875      0.000517     -1.621238     -9.411154
      4.032000      0.000436     -1.619868     -9.412568
      4.032125      0.000369     -1.618530     -9.413965
      4.032250      0.000326     -1.617229     -9.415347
      4.032375      0.000311     -1.615967     -9.416719
      4.032500      0.000321     -1.614734     -9.418087
      4.032625      0.000344     -1.613510     -9.419459
      4.032750      0.000363     -1.612268     -9.420845
      4.032875      0.000360     -1.610980     -9.422255
      4.033000      0.000324     -1.609630     -9.423694
      4.033125      0.000258     -1.608218     -9.425165
      4.033250      0.000201     -1.606792     -9.426659
      4.033375      0.000231     -1.605438     -9.428168
      4.033500      0.000364     -1.604187     -9.429677
      4.033625      0.000521     -1.602969     -9.431178
      4.033750      0.000636     -1.601727     -9.432660
      4.033875      0.000688     -1.600445     -9.434118
      4.034000      0.000678     -1.599129     -9.435548
      4.034125      0.000615     -1.597790     -9.436950
      4.034250      0.000512     -1.596441     -9.438321
      4.034375      0.000381     -1.595093     -9.439662
      4.034500      0.000232     -1.593760     -9.440972
      4.034625      0.000078     -1.592453     -9.442250
      4.034750     -0.000071     -1.591185     -9.443494
      4.034875     -0.000206     -1.589966     -9.444703
      4.035000     -0.000324     -1.588800     -9.445876
      4.035125     -0.000430     -1.587684     -9.447011
      4.035250     -0.000537     -1.586604     -9.448109
      4.035375     -0.000648     -1.585546     -9.449181
      4.035500     -0.000739     -1.584511     -9.450250
      4.035625     -0.000731     -1.583534     -9.451360
      4.035750     -0.000586     -1.582612     -9.452552
      4.035875     -0.000382     -1.581657     -9.453836
      4.036000     -0.000202     -1.580605     -9.455193
      4.036125     -0.000076     -1.579451     -9.456598
      4.036250     -0.000008     -1.578218     -9.458024
      4.036375      0.000008     -1.576932     -9.459451
      4.036500     -0.000017     -1.575618     -9.460865
      4.036625     -0.000074     -1.574293     -9.462258
      4.036750     -0.000153     -1.572968     -9.463629
      4.036875     -0.000244     -1.571653     -9.464978
      4.037000     -0.000334     -1.570358     -9.466308
      4.037125     -0.000415     -1.569090     -9.467620
      4.037250     -0.000473     -1.567858     -9.468919
      4.037375     -0.000500     -1.566668     -9.470207
      4.037500     -0.000494     -1.565516     -9.471490
      4.037625     -0.000460     -1.564390     -9.472775
      4.037750     -0.000413     -1.563266     -9.474071
      4.037875     -0.000370     -1.562117     -9.475387
      4.038000     -0.000349     -1.560918     -9.476734
      4.038125     -0.000356     -1.559654     -9.478115
      4.038250     -0.000381     -1.558340     -9.479529
      4.038375     -0.000370     -1.557037     -9.480968
      4.038500     -0.000254     -1.555825     -9.482421
      4.038625     -0.000052     -1.554697     -9.483876
      4.038750      0.000150     -1.553578     -9.485322
      4.038875      0.000301     -1.552424     -9.486752
      4.039000      0.000389     -1.551228     -9.488161
      4.039125      0.000417     -1.549997     -9.489545
      4.039250      0.000396     -1.548743     -9.490903
      4.039375      0.000338     -1.547478     -9.492235
      4.039500      0.000252     -1.546214     -9.493538
      4.039625      0.000152     -1.544963     -9.494814
      4.039750      0.000047     -1.543737     -9.496060
      4.039875     -0.000051     -1.542548     -9.497275
      4.040000     -0.000137     -1.541406     -9.498457
      4.040125     -0.000208     -1.540312     -9.499605
      4.040250     -0.000272     -1.539260     -9.500718
      4.040375     -0.000341     -1.538236     -9.501798
      4.040500     -0.000415     -1.537227     -9.502858
      4.040625     -0.000459     -1.536240     -9.503926
      4.040750     -0.000394     -1.535311     -9.505045
      4.040875     -0.000202     -1.534421     -9.506252
      4.041000      0.000027     -1.533479     -9.507548
      4.041125      0.000222     -1.532435     -9.508912
      4.041250      0.000358     -1.531292     -9.510316
      4.041375      0.000435     -1.530073     -9.511737
      4.041500      0.000460     -1.528805     -9.513155
      4.041625      0.000443     -1.527511     -9.514557
      4.041750      0.000393     -1.526204     -9.515939
      4.041875      0.000321     -1.524897     -9.517299
      4.042000      0.000237     -1.523600     -9.518638
      4.042125      0.000152     -1.522320     -9.519957
      4.042250      0.000077     -1.521068     -9.521260
      4.042375      0.000023     -1.519850     -9.522549
      4.042500     -0.000002     -1.518671     -9.523828
      4.042625      0.000005     -1.517527     -9.525102
      4.042750      0.000034     -1.516405     -9.526379
      4.042875      0.000073     -1.515280     -9.527667
      4.043000      0.000103     -1.514126     -9.528977
      4.043125      0.000109     -1.512917     -9.530317
      4.043250      0.000084     -1.511644     -9.531690
      4.043375      0.000045     -1.510324     -9.533096
      4.043500      0.000049     -1.509025     -9.534524
      4.043625      0.000160     -1.507821     -9.535964
      4.043750      0.000346     -1.506693     -9.537403
      4.043875      0.000524     -1.505567     -9.538832
      4.044000      0.000647     -1.504404     -9.540244
      4.044125      0.000707     -1.503199     -9.541633
      4.044250      0.000708     -1.501962     -9.542996
      4.044375      0.000661     -1.500703     -9.544333
      4.044500      0.000577     -1.499436     -9.545641
      4.044625      0.000468     -1.498171     -9.546922
      4.044750      0.000345     -1.496922     -9.548173
      4.044875      0.000218     -1.495700     -9.549393
      4.045000      0.000098     -1.494517     -9.550582
      4.045125     -0.000007     -1.493381     -9.551737
      4.045250     -0.000098     -1.492296     -9.552856
      4.045375     -0.000181     -1.491254     -9.553940
      4.045500     -0.000269     -1.490241     -9.554991
      4.045625     -0.000361     -1.489243     -9.556022
      4.045750     -0.000419     -1.488269     -9.557062
      4.045875     -0.000366     -1.487354     -9.558155
      4.046000     -0.000188     -1.486478     -9.559334
      4.046125      0.000027     -1.485554     -9.560598
      4.046250      0.000208     -1.484532     -9.561926
      4.046375      0.000333     -1.483417     -9.563291
      4.046500      0.000401     -1.482231     -9.564670
      4.046625      0.000419     -1.481001     -9.566043
      4.046750      0.000397     -1.479748     -9.567399
      4.046875      0.000344     -1.478486     -9.568733
      4.047000      0.000270     -1.477226     -9.570044
      4.047125      0.000186     -1.475978     -9.571333
      4.047250      0.000102     -1.474750     -9.572601
      4.047375      0.000028     -1.473551     -9.573852
      4.047500     -0.000025     -1.472387     -9.575089
      4.047625     -0.000048     -1.471263     -9.576314
      4.047750     -0.000041     -1.470175     -9.577534
      4.047875     -0.000011     -1.469108     -9.578756
      4.048000      0.000027     -1.468039     -9.579988
      4.048125      0.000055     -1.466939     -9.581241
      4.048250      0.000057     -1.465784     -9.582523
      4.048375      0.000026     -1.464562     -9.583839
      4.048500     -0.000024     -1.463291     -9.585186
      4.048625     -0.000035     -1.462035     -9.586556
      4.048750      0.000058     -1.460870     -9.587937
      4.048875      0.000224     -1.459780     -9.589320
      4.049000      0.000382     -1.458690     -9.590692
      4.049125      0.000484     -1.457562     -9.592047
      4.049250      0.000521     -1.456390     -9.593381
      4.049375      0.000499     -1.455184     -9.594690
      4.049500      0.000427     -1.453954     -9.595973
      4.049625      0.000317     -1.452714     -9.597229
      4.049750      0.000182     -1.451475     -9.598457
      4.049875      0.000032     -1.450249     -9.599658
      4.050000     -0.000121     -1.449049     -9.600829
      4.050125     -0.000268     -1.447887     -9.601970
      4.050250     -0.000399     -1.446771     -9.603079
      4.050375     -0.000515     -1.445705     -9.604155
      4.050500     -0.000621     -1.444682     -9.605197
      4.050625     -0.000730     -1.443688     -9.606207
      4.050750     -0.000843     -1.442707     -9.607200
      4.050875     -0.000929     -1.441746     -9.608200
      4.051000     -0.000910     -1.440839     -9.609251
      4.051125     -0.000761     -1.439977     -9.610388
      4.051250     -0.000564     -1.439074     -9.611612
      4.051375     -0.000395     -1.438078     -9.612902
      4.051500     -0.000280     -1.436988     -9.614232
      4.051625     -0.000221     -1.435826     -9.615578
      4.051750     -0.000212     -1.434616     -9.616922
      4.051875     -0.000243     -1.433381     -9.618251
      4.052000     -0.000304     -1.432135     -9.619560
      4.052125     -0.000387     -1.430890     -9.620848
      4.052250     -0.000479     -1.429655     -9.622116
      4.052375     -0.000572     -1.428438     -9.623365
      4.052500     -0.000655     -1.427248     -9.624597
      4.052625     -0.000715     -1.426093     -9.625817
      4.052750     -0.000745     -1.424979     -9.627026
      4.052875     -0.000741     -1.423902     -9.628231
      4.053000     -0.000711     -1.422851     -9.629438
      4.053125     -0.000667     -1.421802     -9.630656
      4.053250     -0.000627     -1.420729     -9.631894
      4.053375     -0.000606     -1.419608     -9.633162
      4.053500     -0.000613     -1.418423     -9.634464
      4.053625     -0.000639     -1.417188     -9.635799
      4.053750     -0.000631     -1.415959     -9.637160
      4.053875     -0.000522     -1.414818     -9.638535
      4.054000     -0.000324     -1.413763     -9.639913
      4.054125     -0.000120     -1.412721     -9.641284
      4.054250      0.000036     -1.411646     -9.642640
      4.054375      0.000131     -1.410530     -9.643975
      4.054500      0.000167     -1.409379     -9.645288
      4.054625      0.000154     -1.408204     -9.646575
      4.054750      0.000103     -1.407017     -9.647836
      4.054875      0.000024     -1.405829     -9.649071
      4.055000     -0.000070     -1.404652     -9.650278
      4.055125     -0.000170     -1.403498     -9.651458
      4.055250     -0.000265     -1.402378     -9.652608
      4.055375     -0.000346     -1.401301     -9.653727
      4.055500     -0.000413     -1.400273     -9.654814
      4.055625     -0.000470     -1.399287     -9.655867
      4.055750     -0.000529     -1.398331     -9.656890
      4.055875     -0.000596     -1.397387     -9.657893
      4.056000     -0.000647     -1.396454     -9.658899
      4.056125     -0.000614     -1.395564     -9.659947
      4.056250     -0.000449     -1.394725     -9.661076
      4.056375     -0.000217     -1.393865     -9.662294
      4.056500     -0.000003     -1.392916     -9.663582
      4.056625      0.000158     -1.391869     -9.664914
      4.056750      0.000260     -1.390744     -9.666266
      4.056875      0.000309     -1.389566     -9.667618
      4.057000      0.000313     -1.388356     -9.668957
      4.057125      0.000282     -1.387130     -9.670278
      4.057250      0.000227     -1.385900     -9.671577
      4.057375      0.000156     -1.384675     -9.672856
      4.057500      0.000081     -1.383464     -9.674117
      4.057625      0.000012     -1.382276     -9.675361
      4.057750     -0.000040     -1.381119     -9.676591
      4.057875     -0.000065     -1.379999     -9.677811
      4.058000     -0.000058     -1.378916     -9.679025
      4.058125     -0.000025     -1.377860     -9.680240
      4.058250      0.000024     -1.376811     -9.681464
      4.058375      0.000072     -1.375742     -9.682705
      4.058500      0.000103     -1.374628     -9.683975
      4.058625      0.000105     -1.373452     -9.685278
      4.058750      0.000083     -1.372217     -9.686616
      4.058875      0.000076     -1.370969     -9.687981
      4.059000      0.000157     -1.369792     -9.689365
      4.059125      0.000339     -1.368711     -9.690754
      4.059250      0.000546     -1.367658     -9.692138
      4.059375      0.000714     -1.366580     -9.693509
      4.059500      0.000820     -1.365459     -9.694861
      4.059625      0.000867     -1.364301     -9.696190
      4.059750      0.000861     -1.363116     -9.697495
      4.059875      0.000815     -1.361916     -9.698774
      4.060000      0.000739     -1.360712     -9.700027
      4.060125      0.000644     -1.359516     -9.701252
      4.060250      0.000540     -1.358340     -9.702450
      4.060375      0.000439     -1.357196     -9.703618
      4.060500      0.000348     -1.356093     -9.704756
      4.060625      0.000273     -1.355038     -9.705861
      4.060750      0.000209     -1.354028     -9.706932
      4.060875      0.000146     -1.353051     -9.707971
      4.061000      0.000075     -1.352090     -9.708985
      4.061125      0.000004     -1.351137     -9.709993
      4.061250     -0.000008     -1.350212     -9.711030
      4.061375      0.000107     -1.349344     -9.712138
      4.061500      0.000313     -1.348481     -9.713332
      4.061625      0.000519     -1.347544     -9.714599
      4.061750      0.000674     -1.346510     -9.715914
      4.061875      0.000768     -1.345391     -9.717252
      4.062000      0.000802     -1.344212     -9.718590
      4.062125      0.000785     -1.342995     -9.719915
      4.062250      0.000727     -1.341758     -9.721219
      4.062375      0.000638     -1.340514     -9.722499
      4.062500      0.000527     -1.339272     -9.723755
      4.062625      0.000406     -1.338043     -9.724988
      4.062750      0.000285     -1.336835     -9.726200
      4.062875      0.000177     -1.335657     -9.727395
      4.063000      0.000091     -1.334517     -9.728574
      4.063125      0.000036     -1.333418     -9.729743
      4.063250      0.000010     -1.332353     -9.730907
      4.063375      0.000004     -1.331306     -9.732073
      4.063500      0.000004     -1.330252     -9.733252
      4.063625     -0.000009     -1.329165     -9.734452
      4.063750     -0.000046     -1.328023     -9.735682
      4.063875     -0.000109     -1.326822     -9.736944
      4.064000     -0.000174     -1.325592     -9.738234
      4.064125     -0.000172     -1.324410     -9.739543
      4.064250     -0.000059     -1.323331     -9.740860
      4.064375      0.000108     -1.322310     -9.742173
      4.064500      0.000253     -1.321279     -9.743474
      4.064625      0.000342     -1.320212     -9.744755
      4.064750      0.000372     -1.319108     -9.746014
      4.064875      0.000348     -1.317976     -9.747247
      4.065000      0.000281     -1.316828     -9.748454
      4.065125      0.000182     -1.315674     -9.749634
      4.065250      0.000062     -1.314527     -9.750786
      4.065375     -0.000068     -1.313397     -9.751910
      4.065500     -0.000198     -1.312297     -9.753005
      4.065625     -0.000319     -1.311236     -9.754070
      4.065750     -0.000423     -1.310223     -9.755103
      4.065875     -0.000512     -1.309259     -9.756104
      4.066000     -0.000593     -1.308334     -9.757073
      4.066125     -0.000678     -1.307432     -9.758014
      4.066250     -0.000768     -1.306539     -9.758943
      4.066375     -0.000824     -1.305662     -9.759889
      4.066500     -0.000770     -1.304836     -9.760894
      4.066625     -0.000594     -1.304048     -9.761983
      4.066750     -0.000381     -1.303215     -9.763154
      4.066875     -0.000200     -1.302291     -9.764384
      4.067000     -0.000074     -1.301279     -9.765647
      4.067125     -0.000003     -1.300202     -9.766920
      4.067250      0.000018     -1.299081     -9.768186
      4.067375     -0.000001     -1.297937     -9.769437
      4.067500     -0.000051     -1.296782     -9.770668
      4.067625     -0.000121     -1.295627     -9.771878
      4.067750     -0.000201     -1.294481     -9.773068
      4.067875     -0.000282     -1.293353     -9.774239
      4.068000     -0.000353     -1.292252     -9.775395
      4.068125     -0.000403     -1.291184     -9.776538
      4.068250     -0.000423     -1.290155     -9.777672
      4.068375     -0.000411     -1.289163     -9.778801
      4.068500     -0.000374     -1.288194     -9.779933
      4.068625     -0.000325     -1.287225     -9.781075
      4.068750     -0.000281     -1.286231     -9.782238
      4.068875     -0.000258     -1.285187     -9.783431
      4.069000     -0.000263     -1.284080     -9.784657
      4.069125     -0.000285     -1.282923     -9.785917
      4.069250     -0.000272     -1.281776     -9.787202
      4.069375     -0.000158     -1.280716     -9.788501
      4.069500      0.000042     -1.279739     -9.789803
      4.069625      0.000244     -1.278772     -9.791097
      4.069750      0.000399     -1.277772     -9.792376
      4.069875      0.000492     -1.276731     -9.793636
      4.070000      0.000526     -1.275655     -9.794872
      4.070125      0.000511     -1.274554     -9.796083
      4.070250      0.000458     -1.273440     -9.797268
      4.070375      0.000378     -1.272326     -9.798427
      4.070500      0.000281     -1.271221     -9.799560
      4.070625      0.000177     -1.270138     -9.800665
      4.070750      0.000078     -1.269087     -9.801741
      4.070875     -0.000009     -1.268079     -9.802786
      4.071000     -0.000082     -1.267118     -9.803800
      4.071125     -0.000144     -1.266198     -9.804783
      4.071250     -0.000208     -1.265307     -9.805736
      4.071375     -0.000281     -1.264425     -9.806669
      4.071500     -0.000346     -1.263549     -9.807606
      4.071625     -0.000340     -1.262703     -9.808583
      4.071750     -0.000204     -1.261910     -9.809636
      4.071875      0.000010     -1.261110     -9.810775
      4.072000      0.000216     -1.260234     -9.811982
      4.072125      0.000372     -1.259264     -9.813232
      4.072250      0.000468     -1.258217     -9.814501
      4.072375      0.000511     -1.257117     -9.815769
      4.072500      0.000507     -1.255983     -9.817024
      4.072625      0.000466     -1.254831     -9.818260
      4.072750      0.000398     -1.253674     -9.819474
      4.072875      0.000313     -1.252520     -9.820668
      4.073000      0.000222     -1.251379     -9.821843
      4.073125      0.000134     -1.250259     -9.823000
      4.073250      0.000060     -1.249168     -9.824142
      4.073375      0.000011     -1.248114     -9.825272
      4.073500     -0.000008     -1.247098     -9.826394
      4.073625      0.000002     -1.246112     -9.827515
      4.073750      0.000029     -1.245137     -9.828642
      4.073875      0.000058     -1.244150     -9.829784
      4.074000      0.000073     -1.243123     -9.830950
      4.074125      0.000061     -1.242038     -9.832148
      4.074250      0.000023     -1.240893     -9.833380
      4.074375     -0.000011     -1.239723     -9.834640
      4.074500      0.000028     -1.238609     -9.835920
      4.074625      0.000174     -1.237593     -9.837206
      4.074750      0.000363     -1.236625     -9.838489
      4.074875      0.000523     -1.235639     -9.839758
      4.075000      0.000624     -1.234615     -9.841009
      4.075125      0.000665     -1.233553     -9.842237
      4.075250      0.000653     -1.232463     -9.843440
      4.075375      0.000598     -1.231357     -9.844616
      4.075500      0.000511     -1.230246     -9.845765
      4.075625      0.000403     -1.229141     -9.846887
      4.075750      0.000285     -1.228055     -9.847980
      4.075875      0.000167     -1.226998     -9.849044
      4.076000      0.000058     -1.225981     -9.850077
      4.076125     -0.000034     -1.225012     -9.851078
      4.076250     -0.000112     -1.224091     -9.852047
      4.076375     -0.000183     -1.223209     -9.852983
      4.076500     -0.000259     -1.222347     -9.853894
      4.076625     -0.000340     -1.221492     -9.854793
      4.076750     -0.000388     -1.220650     -9.855712
      4.076875     -0.000327     -1.219858     -9.856689
      4.077000     -0.000147     -1.219103     -9.857750
      4.077125      0.000070     -1.218307     -9.858887
      4.077250      0.000254     -1.217425     -9.860079
      4.077375      0.000383     -1.216459     -9.861299
      4.077500      0.000455     -1.215430     -9.862526
      4.077625      0.000477     -1.214359     -9.863743
      4.077750      0.000458     -1.213264     -9.864944
      4.077875      0.000406     -1.212158     -9.866123
      4.078000      0.000331     -1.211052     -9.867280
      4.078125      0.000243     -1.209952     -9.868416
      4.078250      0.000151     -1.208868     -9.869533
      4.078375      0.000066     -1.207808     -9.870633
      4.078500     -0.000002     -1.206778     -9.871720
      4.078625     -0.000044     -1.205785     -9.872796
      4.078750     -0.000059     -1.204824     -9.873867
      4.078875     -0.000053     -1.203883     -9.874939
      4.079000     -0.000038     -1.202941     -9.876021
      4.079125     -0.000032     -1.201971     -9.877122
      4.079250     -0.000049     -1.200949     -9.878252
      4.079375     -0.000097     -1.199862     -9.879416
      4.079500     -0.000164     -1.198724     -9.880612
      4.079625     -0.000200     -1.197592     -9.881833
      4.079750     -0.000137     -1.196545     -9.883069
      4.079875      0.000012     -1.195580     -9.884307
      4.080000      0.000166     -1.194628     -9.885538
      4.080125      0.000274     -1.193645     -9.886754
      4.080250      0.000321     -1.192620     -9.887950
      4.080375      0.000310     -1.191562     -9.889124
      4.080500      0.000252     -1.190480     -9.890272
      4.080625      0.000156     -1.189386     -9.891396
      4.080750      0.000035     -1.188292     -9.892493
      4.080875     -0.000102     -1.187209     -9.893564
      4.081000     -0.000244     -1.186148     -9.894608
      4.081125     -0.000381     -1.185121     -9.895623
      4.081250     -0.000503     -1.184137     -9.896610
      4.081375     -0.000608     -1.183202     -9.897565
      4.081500     -0.000699     -1.182311     -9.898490
      4.081625     -0.000788     -1.181450     -9.899387
      4.081750     -0.000884     -1.180601     -9.900265
      4.081875     -0.000975     -1.179755     -9.901146
      4.082000     -0.001003     -1.178933     -9.902064
      4.082125     -0.000904     -1.178165     -9.903056
      4.082250     -0.000712     -1.177406     -9.904132
      4.082375     -0.000515     -1.176582     -9.905278
      4.082500     -0.000363     -1.175670     -9.906467
      4.082625     -0.000267     -1.174683     -9.907676
      4.082750     -0.000223     -1.173642     -9.908884
      4.082875     -0.000225     -1.172569     -9.910081
      4.083000     -0.000262     -1.171478     -9.911260
      4.083125     -0.000325     -1.170381     -9.912419
      4.083250     -0.000405     -1.169288     -9.913558
      4.083375     -0.000491     -1.168207     -9.914677
      4.083500     -0.000573     -1.167147     -9.915780
      4.083625     -0.000640     -1.166116     -9.916869
      4.083750     -0.000683     -1.165121     -9.917946
      4.083875     -0.000695     -1.164165     -9.919015
      4.084000     -0.000676     -1.163241     -9.920083
      4.084125     -0.000636     -1.162334     -9.921156
      4.084250     -0.000589     -1.161418     -9.922243
      4.084375     -0.000554     -1.160467     -9.923354
      4.084500     -0.000542     -1.159461     -9.924497
      4.084625     -0.000557     -1.158393     -9.925675
      4.084750     -0.000574     -1.157291     -9.926885
      4.084875     -0.000529     -1.156230     -9.928116
      4.085000     -0.000376     -1.155267     -9.929358
      4.085125     -0.000166     -1.154361     -9.930599
      4.085250      0.000025     -1.153445     -9.931830
      4.085375      0.000161     -1.152491     -9.933045
      4.085500      0.000236     -1.151497     -9.934239
      4.085625      0.000257     -1.150472     -9.935410
      4.085750      0.000234     -1.149427     -9.936557
      4.085875      0.000176     -1.148373     -9.937678
      4.086000      0.000095     -1.147321     -9.938774
      4.086125      0.000001     -1.146282     -9.939844
      4.086250     -0.000096     -1.145268     -9.940887
      4.086375     -0.000185     -1.144289     -9.941902
      4.086500     -0.000259     -1.143354     -9.942887
      4.086625     -0.000319     -1.142464     -9.943842
      4.086750     -0.000370     -1.141612     -9.944768
      4.086875     -0.000425     -1.140781     -9.945669
      4.087000     -0.000488     -1.139953     -9.946558
      4.087125     -0.000536     -1.139127     -9.947462
      4.087250     -0.000497     -1.138335     -9.948418
      4.087375     -0.000332     -1.137590     -9.949454
      4.087500     -0.000105     -1.136824     -9.950571
      4.087625      0.000102     -1.135980     -9.951747
      4.087750      0.000257     -1.135050     -9.952957
      4.087875      0.000355     -1.134050     -9.954179
      4.088000      0.000399     -1.133003     -9.955396
      4.088125      0.000400     -1.131927     -9.956599
      4.088250      0.000367     -1.130835     -9.957782
      4.088375      0.000309     -1.129739     -9.958946
      4.088500      0.000236     -1.128647     -9.960090
      4.088625      0.000158     -1.127568     -9.961216
      4.088750      0.000086     -1.126510     -9.962326
      4.088875      0.000030     -1.125483     -9.963422
      4.089000     -0.000000     -1.124491     -9.964509
      4.089125      0.000000     -1.123536     -9.965589
      4.089250      0.000028     -1.122608     -9.966670
      4.089375      0.000071     -1.121687     -9.967759
      4.089500      0.000114     -1.120748     -9.968866
      4.089625      0.000141     -1.119767     -9.969999
      4.089750      0.000140     -1.118724     -9.971166
      4.089875      0.000117     -1.117624     -9.972368
      4.090000      0.000107     -1.116509     -9.973598
      4.090125      0.000181     -1.115459     -9.974847
      4.090250      0.000356     -1.114504     -9.976102
      4.090375      0.000562     -1.113583     -9.977354
      4.090500      0.000732     -1.112639     -9.978593
      4.090625      0.000844     -1.111654     -9.979815
      4.090750      0.000896     -1.110632     -9.981014
      4.090875      0.000897     -1.109583     -9.982189
      4.091000      0.000857     -1.108517     -9.983339
      4.091125      0.000785     -1.107447     -9.984463
      4.091250      0.000694     -1.106383     -9.985561
      4.091375      0.000593     -1.105336     -9.986632
      4.091500      0.000492     -1.104318     -9.987674
      4.091625      0.000400     -1.103338     -9.988687
      4.091750      0.000323     -1.102404     -9.989668
      4.091875      0.000258     -1.101515     -9.990619
      4.092000      0.000198     -1.100659     -9.991539
      4.092125      0.000128     -1.099818     -9.992435
      4.092250      0.000050     -1.098977     -9.993324
      4.092375      0.000000     -1.098140     -9.994236
      4.092500      0.000052     -1.097345     -9.995207
      4.092625      0.000218     -1.096585     -9.996258
      4.092750      0.000417     -1.095786     -9.997381
      4.092875      0.000581     -1.094904     -9.998552
      4.093000      0.000686     -1.093940     -9.999746
      4.093125      0.000731     -1.092914    -10.000942
      4.093250      0.000723     -1.091846    -10.002127
      4.093375      0.000671     -1.090754    -10.003292
      4.093500      0.000585     -1.089650    -10.004435
      4.093625      0.000476     -1.088546    -10.005555
      4.093750      0.000353     -1.087451    -10.006652
      4.093875      0.000227     -1.086373    -10.007729
      4.094000      0.000109     -1.085321    -10.008788
      4.094125      0.000011     -1.084304    -10.009831
      4.094250     -0.000060     -1.083327    -10.010863
      4.094375     -0.000100     -1.082388    -10.011888
      4.094500     -0.000114     -1.081475    -10.012912
      4.094625     -0.000115     -1.080567    -10.013944
      4.094750     -0.000119     -1.079638    -10.014994
      4.094875     -0.000141     -1.078663    -10.016071
      4.095000     -0.000190     -1.077630    -10.017181
      4.095125     -0.000255     -1.076548    -10.018322
      4.095250     -0.000289     -1.075473    -10.019489
      4.095375     -0.000224     -1.074482    -10.020670
      4.095500     -0.000068     -1.073578    -10.021854
      4.095625      0.000098     -1.072693    -10.023031
      4.095750      0.000222     -1.071779    -10.024193
      4.095875      0.000288     -1.070827    -10.025336
      4.096000      0.000297     -1.069842    -10.026455
      4.096125      0.000258     -1.068833    -10.027550
      4.096250      0.000183     -1.067813    -10.028620
      4.096375      0.000080     -1.066791    -10.029664
      4.096500     -0.000038     -1.065780    -10.030682
      4.096625     -0.000163     -1.064790    -10.031673
      4.096750     -0.000283     -1.063831    -10.032636
      4.096875     -0.000389     -1.062914    -10.033571
      4.097000     -0.000479     -1.062045    -10.034477
      4.097125     -0.000554     -1.061219    -10.035352
      4.097250     -0.000625     -1.060424    -10.036201
      4.097375     -0.000703     -1.059641    -10.037031
      4.097500     -0.000782     -1.058855    -10.037863
      4.097625     -0.000817     -1.058081    -10.038728
      4.097750     -0.000735     -1.057355    -10.039660
      4.097875     -0.000545     -1.056654    -10.040675
      4.098000     -0.000335     -1.055906    -10.041759
      4.098125     -0.000161     -1.055076    -10.042888
      4.098250     -0.000043     -1.054170    -10.044037
      4.098375      0.000021     -1.053209    -10.045187
      4.098500      0.000038     -1.052211    -10.046327
      4.098625      0.000016     -1.051192    -10.047449
      4.098750     -0.000035     -1.050165    -10.048551
      4.098875     -0.000104     -1.049138    -10.049633
      4.099000     -0.000183     -1.048121    -10.050696
      4.099125     -0.000262     -1.047121    -10.051742
      4.099250     -0.000330     -1.046147    -10.052773
      4.099375     -0.000376     -1.045208    -10.053792
      4.099500     -0.000393     -1.044306    -10.054802
      4.099625     -0.000379     -1.043438    -10.055808
      4.099750     -0.000342     -1.042591    -10.056817
      4.099875     -0.000296     -1.041741    -10.057838
      4.100000     -0.000256     -1.040864    -10.058880
      4.100125     -0.000238     -1.039934    -10.059953
      4.100250     -0.000247     -1.038943    -10.061060
      4.100375     -0.000269     -1.037907    -10.062199
      4.100500     -0.000248     -1.036888    -10.063364
      4.100625     -0.000123     -1.035960    -10.064542
      4.100750      0.000078     -1.035106    -10.065722
      4.100875      0.000276     -1.034256    -10.066895
      4.101000      0.000425     -1.033372    -10.068053
      4.101125      0.000513     -1.032447    -10.069191
      4.101250      0.000545     -1.031488    -10.070307
      4.101375      0.000529     -1.030505    -10.071399
      4.101500      0.000476     -1.029510    -10.072466
      4.101625      0.000397     -1.028513    -10.073508
      4.101750      0.000301     -1.027526    -10.074524
      4.101875      0.000199     -1.026560    -10.075514
      4.102000      0.000101     -1.025624    -10.076477
      4.102125      0.000016     -1.024730    -10.077411
      4.102250     -0.000054     -1.023881    -10.078315
      4.102375     -0.000113     -1.023071    -10.079191
      4.102500     -0.000171     -1.022288    -10.080041
      4.102625     -0.000238     -1.021511    -10.080876
      4.102750     -0.000306     -1.020727    -10.081716
      4.102875     -0.000323     -1.019956    -10.082596
      4.103000     -0.000221     -1.019233    -10.083546
      4.103125     -0.000022     -1.018526    -10.084577
      4.103250      0.000187     -1.017765    -10.085672
      4.103375      0.000353     -1.016921    -10.086807
      4.103500      0.000462     -1.016004    -10.087958
      4.103625      0.000515     -1.015033    -10.089107
      4.103750      0.000520     -1.014026    -10.090244
      4.103875      0.000487     -1.013000    -10.091362
      4.104000      0.000425     -1.011965    -10.092460
      4.104125      0.000343     -1.010930    -10.093538
      4.104250      0.000251     -1.009905    -10.094596
      4.104375      0.000160     -1.008898    -10.095637
      4.104500      0.000079     -1.007917    -10.096662
      4.104625      0.000020     -1.006970    -10.097675
      4.104750     -0.000010     -1.006061    -10.098679
      4.104875     -0.000011     -1.005184    -10.099680
      4.105000      0.000008     -1.004326    -10.100683
      4.105125      0.000035     -1.003462    -10.101698
      4.105250      0.000053     -1.002568    -10.102734
      4.105375      0.000047     -1.001622    -10.103801
      4.105500      0.000015     -1.000613    -10.104901
      4.105625     -0.000026     -0.999566    -10.106033
      4.105750     -0.000016     -0.998546    -10.107187
      4.105875      0.000099     -0.997621    -10.108353
      4.106000      0.000283     -0.996764    -10.109519
      4.106125      0.000457     -0.995907    -10.110676
      4.106250      0.000580     -0.995015    -10.111816
      4.106375      0.000644     -0.994084    -10.112935
      4.106500      0.000652     -0.993122    -10.114030
      4.106625      0.000615     -0.992139    -10.115101
      4.106750      0.000542     -0.991148    -10.116145
      4.106875      0.000445     -0.990158    -10.117163
      4.107000      0.000334     -0.989181    -10.118154
      4.107125      0.000220     -0.988228    -10.119117
      4.107250      0.000111     -0.987309    -10.120052
      4.107375      0.000017     -0.986435    -10.120957
      4.107500     -0.000060     -0.985608    -10.121833
      4.107625     -0.000124     -0.984822    -10.122678
      4.107750     -0.000188     -0.984064    -10.123498
      4.107875     -0.000260     -0.983312    -10.124303
      4.108000     -0.000330     -0.982554    -10.125115
      4.108125     -0.000344     -0.981812    -10.125969
      4.108250     -0.000236     -0.981121    -10.126893
      4.108375     -0.000035     -0.980445    -10.127895
      4.108500      0.000173     -0.979716    -10.128958
      4.108625      0.000338     -0.978907    -10.130056
      4.108750      0.000446     -0.978028    -10.131168
      4.108875      0.000499     -0.977099    -10.132276
      4.109000      0.000505     -0.976136    -10.133369
      4.109125      0.000472     -0.975153    -10.134444
      4.109250      0.000409     -0.974162    -10.135497
      4.109375      0.000325     -0.973171    -10.136529
      4.109500      0.000231     -0.972188    -10.137542
      4.109625      0.000134     -0.971222    -10.138537
      4.109750      0.000047     -0.970280    -10.139517
      4.109875     -0.000022     -0.969369    -10.140484
      4.110000     -0.000064     -0.968493    -10.141443
      4.110125     -0.000081     -0.967647    -10.142397
      4.110250     -0.000079     -0.966816    -10.143355
      4.110375     -0.000074     -0.965976    -10.144325
      4.110500     -0.000080     -0.965103    -10.145318
      4.110625     -0.000111     -0.964174    -10.146340
      4.110750     -0.000170     -0.963182    -10.147398
      4.110875     -0.000237     -0.962152    -10.148486
      4.111000     -0.000251     -0.961151    -10.149598
      4.111125     -0.000158     -0.960245    -10.150722
      4.111250     -0.000001     -0.959402    -10.151846
      4.111375      0.000144     -0.958557    -10.152962
      4.111500      0.000238     -0.957676    -10.154063
      4.111625      0.000273     -0.956756    -10.155143
      4.111750      0.000255     -0.955804    -10.156201
      4.111875      0.000192     -0.954832    -10.157234
      4.112000      0.000095     -0.953851    -10.158244
      4.112125     -0.000025     -0.952872    -10.159228
      4.112250     -0.000158     -0.951905    -10.160187
      4.112375     -0.000294     -0.950961    -10.161120
      4.112500     -0.000422     -0.950051    -10.162027
      4.112625     -0.000535     -0.949185    -10.162905
      4.112750     -0.000630     -0.948364    -10.163756
      4.112875     -0.000712     -0.947585    -10.164579
      4.113000     -0.000792     -0.946831    -10.165378
      4.113125     -0.000879     -0.946082    -10.166165
      4.113250     -0.000964     -0.945325    -10.166961
      4.113375     -0.000993     -0.944581    -10.167800
      4.113500     -0.000902     -0.943886    -10.168712
      4.113625     -0.000714     -0.943209    -10.169701
      4.113750     -0.000517     -0.942481    -10.170752
      4.113875     -0.000360     -0.941676    -10.171839
      4.114000     -0.000257     -0.940803    -10.172940
      4.114125     -0.000208     -0.939879    -10.174038
      4.114250     -0.000203     -0.938923    -10.175124
      4.114375     -0.000235     -0.937949    -10.176191
      4.114500     -0.000294     -0.936967    -10.177239
      4.114625     -0.000370     -0.935988    -10.178267
      4.114750     -0.000454     -0.935019    -10.179277
      4.114875     -0.000536     -0.934068    -10.180271
      4.115000     -0.000605     -0.933145    -10.181250
      4.115125     -0.000652     -0.932256    -10.182217
      4.115250     -0.000669     -0.931405    -10.183176
      4.115375     -0.000656     -0.930586    -10.184132
      4.115500     -0.000621     -0.929787    -10.185092
      4.115625     -0.000578     -0.928982    -10.186065
      4.115750     -0.000543     -0.928147    -10.187060
      4.115875     -0.000529     -0.927260    -10.188086
      4.116000     -0.000543     -0.926311    -10.189147
      4.116125     -0.000563     -0.925322    -10.190240
      4.116250     -0.000532     -0.924361    -10.191358
      4.116375     -0.000395     -0.923492    -10.192489
      4.116500     -0.000189     -0.922690    -10.193621
      4.116625      0.000007     -0.921886    -10.194746
      4.116750      0.000152     -0.921046    -10.195856
      4.116875      0.000238     -0.920167    -10.196947
      4.117000      0.000270     -0.919255    -10.198015
      4.117125      0.000255     -0.918320    -10.199061
      4.117250      0.000206     -0.917374    -10.200082
      4.117375      0.000130     -0.916427    -10.201079
      4.117500      0.000041     -0.915490    -10.202051
      4.117625     -0.000054     -0.914573    -10.202997
      4.117750     -0.000144     -0.913689    -10.203918
      4.117875     -0.000220     -0.912844    -10.204811
      4.118000     -0.000280     -0.912044    -10.205677
      4.118125     -0.000328     -0.911283    -10.206515
      4.118250     -0.000374     -0.910545    -10.207330
      4.118375     -0.000430     -0.909812    -10.208133
      4.118500     -0.000488     -0.909068    -10.208944
      4.118625     -0.000500     -0.908329    -10.209796
      4.118750     -0.000398     -0.907634    -10.210717
      4.118875     -0.000195     -0.906963    -10.211717
      4.119000      0.000025     -0.906247    -10.212778
      4.119125      0.000205     -0.905453    -10.213877
      4.119250      0.000330     -0.904589    -10.214991
      4.119375      0.000400     -0.903672    -10.216103
      4.119500      0.000422     -0.902719    -10.217203
      4.119625      0.000405     -0.901745    -10.218285
      4.119750      0.000358     -0.900760    -10.219348
      4.119875      0.000292     -0.899775    -10.220392
      4.120000      0.000214     -0.898797    -10.221418
      4.120125      0.000137     -0.897835    -10.222426
      4.120250      0.000068     -0.896898    -10.223420
      4.120375      0.000021     -0.895993    -10.224403
      4.120500      0.000000     -0.895124    -10.225377
      4.120625      0.000009     -0.894288    -10.226347
      4.120750      0.000041     -0.893471    -10.227319
      4.120875      0.000081     -0.892652    -10.228304
      4.121000      0.000114     -0.891805    -10.229309
      4.121125      0.000126     -0.890907    -10.230345
      4.121250      0.000111     -0.889947    -10.231415
      4.121375      0.000084     -0.888941    -10.232518
      4.121500      0.000100     -0.887954    -10.233647
      4.121625      0.000218     -0.887054    -10.234790
      4.121750      0.000413     -0.886228    -10.235936
      4.121875      0.000607     -0.885407    -10.237075
      4.122000      0.000753     -0.884554    -10.238200
      4.122125      0.000841     -0.883661    -10.239305
      4.122250      0.000873     -0.882734    -10.240389
      4.122375      0.000858     -0.881785    -10.241449
      4.122500      0.000807     -0.880823    -10.242484
      4.122625      0.000729     -0.879860    -10.243495
      4.122750      0.000635     -0.878906    -10.244479
      4.122875      0.000535     -0.877973    -10.245437
      4.123000      0.000438     -0.877070    -10.246369
      4.123125      0.000354     -0.876207    -10.247272
      4.123250      0.000285     -0.875390    -10.248146
      4.123375      0.000229     -0.874613    -10.248991
      4.123500      0.000175     -0.873864    -10.249811
      4.123625      0.000112     -0.873122    -10.250615
      4.123750      0.000040     -0.872369    -10.251421
      4.123875     -0.000000     -0.871614    -10.252261
      4.124000      0.000060     -0.870897    -10.253163
      4.124125      0.000230     -0.870214    -10.254141
      4.124250      0.000429     -0.869499    -10.255179
      4.124375      0.000592     -0.868711    -10.256256
      4.124500      0.000699     -0.867851    -10.257348
      4.124625      0.000747     -0.866935    -10.258437
      4.124750      0.000742     -0.865980    -10.259513
      4.124875      0.000695     -0.865001    -10.260568
      4.125000      0.000613     -0.864012    -10.261602
      4.125125      0.000508     -0.863020    -10.262614
      4.125250      0.000389     -0.862035    -10.263604
      4.125375      0.000266     -0.861067    -10.264575
      4.125500      0.000150     -0.860122    -10.265528
      4.125625      0.000052     -0.859211    -10.266466
      4.125750     -0.000020     -0.858337    -10.267393
      4.125875     -0.000063     -0.857500    -10.268312
      4.126000     -0.000080     -0.856689    -10.269231
      4.126125     -0.000085     -0.855883    -10.270157
      4.126250     -0.000092     -0.855057    -10.271101
      4.126375     -0.000117     -0.854188    -10.272070
      4.126500     -0.000167     -0.853260    -10.273073
      4.126625     -0.000234     -0.852282    -10.274108
      4.126750     -0.000272     -0.851308    -10.275170
      4.126875     -0.000214     -0.850414    -10.276247
      4.127000     -0.000065     -0.849606    -10.277329
      4.127125      0.000100     -0.848820    -10.278405
      4.127250      0.000225     -0.848007    -10.279468
      4.127375      0.000294     -0.847156    -10.280513
      4.127500      0.000307     -0.846272    -10.281535
      4.127625      0.000273     -0.845363    -10.282535
      4.127750      0.000201     -0.844441    -10.283509
      4.127875      0.000102     -0.843517    -10.284460
      4.128000     -0.000015     -0.842600    -10.285385
      4.128125     -0.000138     -0.841702    -10.286285
      4.128250     -0.000258     -0.840832    -10.287160
      4.128375     -0.000367     -0.840001    -10.288007
      4.128500     -0.000457     -0.839215    -10.288828
      4.128625     -0.000532     -0.838472    -10.289621
      4.128750     -0.000598     -0.837762    -10.290390
      4.128875     -0.000669     -0.837064    -10.291142
      4.129000     -0.000747     -0.836360    -10.291893
      4.129125     -0.000807     -0.835646    -10.292672
      4.129250     -0.000782     -0.834959    -10.293509
      4.129375     -0.000635     -0.834319    -10.294421
      4.129500     -0.000429     -0.833670    -10.295402
      4.129625     -0.000240     -0.832958    -10.296428
      4.129750     -0.000100     -0.832174    -10.297477
      4.129875     -0.000014     -0.831332    -10.298529
      4.130000      0.000021     -0.830448    -10.299573
      4.130125      0.000015     -0.829539    -10.300601
      4.130250     -0.000024     -0.828616    -10.301610
      4.130375     -0.000087     -0.827689    -10.302599
      4.130500     -0.000164     -0.826767    -10.303570
      4.130625     -0.000245     -0.825857    -10.304523
      4.130750     -0.000321     -0.824969    -10.305460
      4.130875     -0.000381     -0.824110    -10.306384
      4.131000     -0.000417     -0.823286    -10.307297
      4.131125     -0.000422     -0.822499    -10.308204
      4.131250     -0.000401     -0.821740    -10.309109
      4.131375     -0.000362     -0.820992    -10.310021
      4.131500     -0.000322     -0.820229    -10.310949
      4.131625     -0.000295     -0.819428    -10.311902
      4.131750     -0.000294     -0.818569    -10.312888
      4.131875     -0.000315     -0.817652    -10.313908
      4.132000     -0.000327     -0.816715    -10.314959
      4.132125     -0.000263     -0.815833    -10.316030
      4.132250     -0.000096     -0.815044    -10.317110
      4.132375      0.000110     -0.814296    -10.318189
      4.132500      0.000288     -0.813530    -10.319258
      4.132625      0.000411     -0.812725    -10.320311
      4.132750      0.000475     -0.811882    -10.321343
      4.132875      0.000488     -0.811010    -10.322353
      4.133000      0.000459     -0.810119    -10.323340
      4.133125      0.000397     -0.809219    -10.324303
      4.133250      0.000313     -0.808322    -10.325242
      4.133375      0.000218     -0.807437    -10.326156
      4.133500      0.000120     -0.806576    -10.327044
      4.133625      0.000030     -0.805747    -10.327907
      4.133750     -0.000046     -0.804960    -10.328744
      4.133875     -0.000106     -0.804216    -10.329553
      4.134000     -0.000155     -0.803507    -10.330338
      4.134125     -0.000206     -0.802816    -10.331103
      4.134250     -0.000268     -0.802122    -10.331860
      4.134375     -0.000328     -0.801413    -10.332634
      4.134500     -0.000335     -0.800710    -10.333455
      4.134625     -0.000226     -0.800052    -10.334347
      4.134750     -0.000026     -0.799412    -10.335311
      4.134875      0.000180     -0.798726    -10.336329
      4.135000      0.000344     -0.797968    -10.337376
      4.135125      0.000453     -0.797145    -10.338433
      4.135250      0.000507     -0.796273    -10.339484
      4.135375      0.000515     -0.795369    -10.340521
      4.135500      0.000485     -0.794445    -10.341540
      4.135625      0.000426     -0.793513    -10.342539
      4.135750      0.000348     -0.792580    -10.343518
      4.135875      0.000260     -0.791656    -10.344479
      4.136000      0.000171     -0.790748    -10.345423
      4.136125      0.000093     -0.789865    -10.346353
      4.136250      0.000034     -0.789015    -10.347269
      4.136375      0.000003     -0.788200    -10.348177
      4.136500     -0.000001     -0.787418    -10.349081
      4.136625      0.000017     -0.786655    -10.349987
      4.136750      0.000042     -0.785888    -10.350904
      4.136875      0.000058     -0.785093    -10.351841
      4.137000      0.000054     -0.784246    -10.352807
      4.137125      0.000022     -0.783340    -10.353808
      4.137250     -0.000019     -0.782391    -10.354840
      4.137375     -0.000014     -0.781463    -10.355897
      4.137500      0.000092     -0.780624    -10.356968
      4.137625      0.000271     -0.779855    -10.358041
      4.137750      0.000447     -0.779091    -10.359106
      4.137875      0.000576     -0.778294    -10.360157
      4.138000      0.000647     -0.777458    -10.361189
      4.138125      0.000664     -0.776590    -10.362198
      4.138250      0.000634     -0.775700    -10.363184
      4.138375      0.000568     -0.774798    -10.364145
      4.138500      0.000477     -0.773896    -10.365081
      4.138625      0.000369     -0.773002    -10.365992
      4.138750      0.000256     -0.772129    -10.366877
      4.138875      0.000147     -0.771286    -10.367736
      4.139000      0.000050     -0.770482    -10.368568
      4.139125     -0.000029     -0.769724    -10.369372
      4.139250     -0.000093     -0.769007    -10.370150
      4.139375     -0.000151     -0.768320    -10.370903
      4.139500     -0.000216     -0.767642    -10.371642
      4.139625     -0.000288     -0.766954    -10.372384
      4.139750     -0.000338     -0.766256    -10.373156
      4.139875     -0.000300     -0.765587    -10.373988
      4.140000     -0.000144     -0.764964    -10.374892
      4.140125      0.000064     -0.764332    -10.375857
      4.140250      0.000252     -0.763639    -10.376863
      4.140375      0.000390     -0.762879    -10.377886
      4.140500      0.000473     -0.762064    -10.378909
      4.140625      0.000507     -0.761212    -10.379920
      4.140750      0.000498     -0.760334    -10.380914
      4.140875      0.000457     -0.759444    -10.381888
      4.141000      0.000391     -0.758550    -10.382842
      4.141125      0.000310     -0.757660    -10.383776
      4.141250      0.000223     -0.756782    -10.384691
      4.141375      0.000139     -0.755925    -10.385590
      4.141500      0.000069     -0.755095    -10.386474
      4.141625      0.000020     -0.754298    -10.387347
      4.141750     -0.000002     -0.753535    -10.388213
      4.141875     -0.000000     -0.752799    -10.389076
      4.142000      0.000015     -0.752070    -10.389945
      4.142125      0.000028     -0.751325    -10.390828
      4.142250      0.000025     -0.750540    -10.391735
      4.142375     -0.000006     -0.749695    -10.392674
      4.142500     -0.000062     -0.748791    -10.393647
      4.142625     -0.000112     -0.747863    -10.394650
      4.142750     -0.000089     -0.746987    -10.395673
      4.142875      0.000032     -0.746202    -10.396706
      4.143000      0.000194     -0.745457    -10.397737
      4.143125      0.000329     -0.744696    -10.398758
      4.143250      0.000409     -0.743896    -10.399763
      4.143375      0.000432     -0.743058    -10.400749
      4.143500      0.000403     -0.742191    -10.401712
      4.143625      0.000332     -0.741305    -10.402652
      4.143750      0.000230     -0.740411    -10.403569
      4.143875      0.000106     -0.739518    -10.404462
      4.144000     -0.000030     -0.738639    -10.405331
      4.144125     -0.000168     -0.737782    -10.406175
      4.144250     -0.000297     -0.736958    -10.406995
      4.144375     -0.000411     -0.736176    -10.407788
      4.144500     -0.000507     -0.735437    -10.408556
      4.144625     -0.000589     -0.734736    -10.409300
      4.144750     -0.000669     -0.734057    -10.410024
      4.144875     -0.000757     -0.733379    -10.410740
      4.145000     -0.000847     -0.732684    -10.411468
      4.145125     -0.000899     -0.731987    -10.412239
      4.145250     -0.000844     -0.731330    -10.413077
      4.145375     -0.000683     -0.730707    -10.413985
      4.145500     -0.000494     -0.730057    -10.414949
      4.145625     -0.000336     -0.729344    -10.415945
      4.145750     -0.000229     -0.728566    -10.416954
      4.145875     -0.000175     -0.727740    -10.417960
      4.146000     -0.000167     -0.726880    -10.418954
      4.146125     -0.000196     -0.725999    -10.419930
      4.146250     -0.000254     -0.725108    -10.420888
      4.146375     -0.000333     -0.724216    -10.421826
      4.146500     -0.000422     -0.723331    -10.422747
      4.146625     -0.000512     -0.722461    -10.423651
      4.146750     -0.000595     -0.721615    -10.424541
      4.146875     -0.000659     -0.720799    -10.425417
      4.147000     -0.000697     -0.720019    -10.426285
      4.147125     -0.000705     -0.719274    -10.427146
      4.147250     -0.000688     -0.718554    -10.428008
      4.147375     -0.000657     -0.717840    -10.428878
      4.147500     -0.000628     -0.717107    -10.429765
      4.147625     -0.000614     -0.716332    -10.430679
      4.147750     -0.000624     -0.715500    -10.431626
      4.147875     -0.000653     -0.714615    -10.432607
      4.148000     -0.000660     -0.713723    -10.433617
      4.148125     -0.000583     -0.712897    -10.434646
      4.148250     -0.000410     -0.712158    -10.435683
      4.148375     -0.000210     -0.711448    -10.436717
      4.148500     -0.000043     -0.710716    -10.437741
      4.148625      0.000069     -0.709946    -10.438749
      4.148750      0.000127     -0.709140    -10.439737
      4.148875      0.000135     -0.708306    -10.440704
      4.149000      0.000104     -0.707456    -10.441648
      4.149125      0.000042     -0.706598    -10.442570
      4.149250     -0.000039     -0.705743    -10.443468
      4.149375     -0.000131     -0.704901    -10.444343
      4.149500     -0.000225     -0.704081    -10.445194
      4.149625     -0.000310     -0.703294    -10.446021
      4.149750     -0.000380     -0.702548    -10.446823
      4.149875     -0.000433     -0.701842    -10.447600
      4.150000     -0.000475     -0.701171    -10.448354
      4.150125     -0.000516     -0.700519    -10.449090
      4.150250     -0.000567     -0.699863    -10.449820
      4.150375     -0.000622     -0.699189    -10.450565
      4.150500     -0.000637     -0.698509    -10.451354
      4.150625     -0.000549     -0.697868    -10.452208
      4.150750     -0.000359     -0.697260    -10.453132
      4.150875     -0.000143     -0.696624    -10.454108
      4.151000      0.000041     -0.695926    -10.455115
      4.151125      0.000172     -0.695164    -10.456133
      4.151250      0.000251     -0.694353    -10.457148
      4.151375      0.000283     -0.693507    -10.458151
      4.151500      0.000276     -0.692639    -10.459137
      4.151625      0.000238     -0.691759    -10.460105
      4.151750      0.000179     -0.690876    -10.461054
      4.151875      0.000108     -0.689998    -10.461985
      4.152000      0.000032     -0.689133    -10.462900
      4.152125     -0.000037     -0.688288    -10.463800
      4.152250     -0.000091     -0.687472    -10.464687
      4.152375     -0.000121     -0.686689    -10.465565
      4.152500     -0.000123     -0.685940    -10.466437
      4.152625     -0.000101     -0.685216    -10.467308
      4.152750     -0.000066     -0.684498    -10.468186
      4.152875     -0.000031     -0.683765    -10.469079
      4.153000     -0.000011     -0.682992    -10.469998
      4.153125     -0.000015     -0.682162    -10.470948
      4.153250     -0.000041     -0.681278    -10.471932
      4.153375     -0.000056     -0.680374    -10.472945
      4.153500      0.000002     -0.679524    -10.473979
      4.153625      0.000158     -0.678760    -10.475022
      4.153750      0.000353     -0.678038    -10.476065
      4.153875      0.000524     -0.677300    -10.477099
      4.154000      0.000645     -0.676526    -10.478119
      4.154125      0.000709     -0.675714    -10.479120
      4.154250      0.000724     -0.674873    -10.480100
      4.154375      0.000697     -0.674013    -10.481059
      4.154500      0.000638     -0.673142    -10.481995
      4.154625      0.000556     -0.672272    -10.482909
      4.154750      0.000460     -0.671410    -10.483800
      4.154875      0.000360     -0.670568    -10.484668
      4.155000      0.000265     -0.669753    -10.485512
      4.155125      0.000183     -0.668976    -10.486332
      4.155250      0.000117     -0.668239    -10.487128
      4.155375      0.000065     -0.667540    -10.487900
      4.155500      0.000018     -0.666865    -10.488653
      4.155625     -0.000034     -0.666197    -10.489394
      4.155750     -0.000096     -0.665514    -10.490140
      4.155875     -0.000145     -0.664815    -10.490915
      4.156000     -0.000125     -0.664131    -10.491744
      4.156125      0.000007     -0.663493    -10.492639
      4.156250      0.000207     -0.662864    -10.493593
      4.156375      0.000402     -0.662191    -10.494586
      4.156500      0.000555     -0.661456    -10.495599
      4.156625      0.000657     -0.660667    -10.496614
      4.156750      0.000710     -0.659839    -10.497621
      4.156875      0.000721     -0.658982    -10.498613
      4.157000      0.000697     -0.658110    -10.499588
      4.157125      0.000648     -0.657230    -10.500543
      4.157250      0.000580     -0.656351    -10.501479
      4.157375      0.000503     -0.655480    -10.502398
      4.157500      0.000424     -0.654624    -10.503300
      4.157625      0.000353     -0.653790    -10.504188
      4.157750      0.000298     -0.652985    -10.505063
      4.157875      0.000265     -0.652213    -10.505927
      4.158000      0.000258     -0.651473    -10.506785
      4.158125      0.000273     -0.650756    -10.507642
      4.158250      0.000298     -0.650045    -10.508504
      4.158375      0.000323     -0.649319    -10.509378
      4.158500      0.000332     -0.648557    -10.510275
      4.158625      0.000319     -0.647744    -10.511200
      4.158750      0.000284     -0.646880    -10.512154
      4.158875      0.000253     -0.645993    -10.513135
      4.159000      0.000280     -0.645144    -10.514136
      4.159125      0.000397     -0.644377    -10.515145
      4.159250      0.000566     -0.643661    -10.516155
      4.159375      0.000726     -0.642943    -10.517158
      4.159500      0.000843     -0.642196    -10.518147
      4.159625      0.000910     -0.641415    -10.519120
      4.159750      0.000929     -0.640605    -10.520074
      4.159875      0.000908     -0.639774    -10.521008
      4.160000      0.000853     -0.638931    -10.521922
      4.160125      0.000773     -0.638083    -10.522816
      4.160250      0.000677     -0.637238    -10.523689
      4.160375      0.000572     -0.636404    -10.524543
      4.160500      0.000465     -0.635589    -10.525377
      4.160625      0.000365     -0.634799    -10.526191
      4.160750      0.000276     -0.634040    -10.526986
      4.160875      0.000202     -0.633315    -10.527762
      4.161000      0.000142     -0.632622    -10.528520
      4.161125      0.000092     -0.631954    -10.529264
      4.161250      0.000044     -0.631298    -10.529997
      4.161375     -0.000007     -0.630640    -10.530728
      4.161500     -0.000061     -0.629969    -10.531470
      4.161625     -0.000103     -0.629287    -10.532236
      4.161750     -0.000101     -0.628611    -10.533038
      4.161875     -0.000030     -0.627963    -10.533882
      4.162000      0.000100     -0.627338    -10.534761
      4.162125      0.000253     -0.626713    -10.535665
      4.162250      0.000396     -0.626069    -10.536577
      4.162375      0.000508     -0.625403    -10.537480
      4.162500      0.000570     -0.624720    -10.538350
      4.162625      0.000546     -0.624032    -10.539138
      4.162750      0.000329     -0.623376    -10.539704
      4.162875     -0.000003     -0.622153    -10.540720
      4.163000      0.000513     -0.621030    -10.542484
      4.163125      0.000679     -0.620305    -10.543498
      4.163250      0.000630     -0.619530    -10.544350
      4.163375      0.000473     -0.618722    -10.545126
      4.163500      0.000259     -0.617905    -10.545854
      4.163625      0.000033     -0.617115    -10.546543
      4.163750     -0.000168     -0.616386    -10.547197
      4.163875     -0.000336     -0.615719    -10.547821
      4.164000     -0.000487     -0.615089    -10.548424
      4.164125     -0.000640     -0.614453    -10.549031
      4.164250     -0.000776     -0.613790    -10.549684
      4.164375     -0.000799     -0.613150    -10.550426
      4.164500     -0.000653     -0.612577    -10.551270
      4.164625     -0.000450     -0.611985    -10.552190
      4.164750     -0.000288     -0.611314    -10.553148
      4.164875     -0.000192     -0.610568    -10.554115
      4.165000     -0.000159     -0.609768    -10.555072
      4.165125     -0.000179     -0.608937    -10.556010
      4.165250     -0.000236     -0.608090    -10.556925
      4.165375     -0.000318     -0.607241    -10.557817
      4.165500     -0.000412     -0.606401    -10.558687
      4.165625     -0.000505     -0.605582    -10.559539
      4.165750     -0.000583     -0.604793    -10.560373
      4.165875     -0.000635     -0.604045    -10.561195
      4.166000     -0.000651     -0.603342    -10.562008
      4.166125     -0.000632     -0.602675    -10.562818
      4.166250     -0.000591     -0.602023    -10.563636
      4.166375     -0.000547     -0.601356    -10.564472
      4.166500     -0.000519     -0.600642    -10.565339
      4.166625     -0.000519     -0.599858    -10.566248
      4.166750     -0.000538     -0.599015    -10.567198
      4.166875     -0.000518     -0.598175    -10.568181
      4.167000     -0.000385     -0.597429    -10.569186
      4.167125     -0.000165     -0.596763    -10.570197
      4.167250      0.000051     -0.596100    -10.571201
      4.167375      0.000213     -0.595396    -10.572191
      4.167500      0.000308     -0.594647    -10.573161
      4.167625      0.000343     -0.593862    -10.574107
      4.167750      0.000329     -0.593052    -10.575028
      4.167875      0.000278     -0.592230    -10.575924
      4.168000      0.000202     -0.591408    -10.576794
      4.168125      0.000112     -0.590599    -10.577638
      4.168250      0.000020     -0.589814    -10.578456
      4.168375     -0.000062     -0.589066    -10.579247
      4.168500     -0.000126     -0.588362    -10.580012
      4.168625     -0.000172     -0.587702    -10.580751
      4.168750     -0.000209     -0.587075    -10.581467
      4.168875     -0.000250     -0.586456    -10.582169
      4.169000     -0.000304     -0.585820    -10.582877
      4.169125     -0.000350     -0.585156    -10.583619
      4.169250     -0.000321     -0.584504    -10.584425
      4.169375     -0.000164     -0.583903    -10.585309
      4.169500      0.000061     -0.583304    -10.586256
      4.169625      0.000266     -0.582649    -10.587243
      4.169750      0.000417     -0.581923    -10.588244
      4.169875      0.000507     -0.581139    -10.589243
      4.170000      0.000542     -0.580314    -10.590229
      4.170125      0.000532     -0.579461    -10.591196
      4.170250      0.000488     -0.578595    -10.592143
      4.170375      0.000420     -0.577726    -10.593069
      4.170500      0.000338     -0.576863    -10.593975
      4.170625      0.000254     -0.576016    -10.594863
      4.170750      0.000180     -0.575195    -10.595735
      4.170875      0.000126     -0.574407    -10.596593
      4.171000      0.000101     -0.573659    -10.597441
      4.171125      0.000107     -0.572948    -10.598284
      4.171250      0.000136     -0.572257    -10.599129
      4.171375      0.000173     -0.571563    -10.599985
      4.171500      0.000201     -0.570837    -10.600864
      4.171625      0.000205     -0.570055    -10.601775
      4.171750      0.000184     -0.569210    -10.602723
      4.171875      0.000166     -0.568335    -10.603706
      4.172000      0.000220     -0.567508    -10.604712
      4.172125      0.000383     -0.566780    -10.605729
      4.172250      0.000593     -0.566099    -10.606744
      4.172375      0.000775     -0.565402    -10.607747
      4.172500      0.000896     -0.564664    -10.608732
      4.172625      0.000954     -0.563887    -10.609693
      4.172750      0.000955     -0.563078    -10.610627
      4.172875      0.000909     -0.562249    -10.611535
      4.173000      0.000827     -0.561412    -10.612415
      4.173125      0.000718     -0.560577    -10.613266
      4.173250      0.000594     -0.559754    -10.614090
      4.173375      0.000465     -0.558955    -10.614885
      4.173500      0.000342     -0.558192    -10.615650
      4.173625      0.000233     -0.557471    -10.616387
      4.173750      0.000138     -0.556792    -10.617096
      4.173875      0.000050     -0.556145    -10.617780
      4.174000     -0.000045     -0.555507    -10.618449
      4.174125     -0.000152     -0.554853    -10.619119
      4.174250     -0.000256     -0.554174    -10.619819
      4.174375     -0.000294     -0.553504    -10.620577
      4.174500     -0.000208     -0.552887    -10.621405
      4.174625     -0.000045     -0.552287    -10.622294
      4.174750      0.000112     -0.551642    -10.623220
      4.174875      0.000219     -0.550933    -10.624161
      4.175000      0.000271     -0.550171    -10.625100
      4.175125      0.000270     -0.549370    -10.626025
      4.175250      0.000226     -0.548544    -10.626932
      4.175375      0.000148     -0.547705    -10.627819
      4.175500      0.000047     -0.546864    -10.628684
      4.175625     -0.000067     -0.546029    -10.629529
      4.175750     -0.000185     -0.545210    -10.630355
      4.175875     -0.000295     -0.544416    -10.631164
      4.176000     -0.000386     -0.543655    -10.631959
      4.176125     -0.000449     -0.542932    -10.632743
      4.176250     -0.000481     -0.542249    -10.633520
      4.176375     -0.000485     -0.541594    -10.634297
      4.176500     -0.000474     -0.540945    -10.635081
      4.176625     -0.000465     -0.540276    -10.635884
      4.176750     -0.000473     -0.539560    -10.636717
      4.176875     -0.000506     -0.538782    -10.637587
      4.177000     -0.000551     -0.537956    -10.638493
      4.177125     -0.000552     -0.537143    -10.639430
      4.177250     -0.000448     -0.536417    -10.640384
      4.177375     -0.000262     -0.535768    -10.641345
      4.177500     -0.000075     -0.535124    -10.642300
      4.177625      0.000065     -0.534447    -10.643243
      4.177750      0.000147     -0.533730    -10.644167
      4.177875      0.000173     -0.532978    -10.645070
      4.178000      0.000153     -0.532203    -10.645950
      4.178125      0.000097     -0.531415    -10.646806
      4.178250      0.000015     -0.530626    -10.647639
      4.178375     -0.000081     -0.529847    -10.648447
      4.178500     -0.000182     -0.529087    -10.649231
      4.178625     -0.000276     -0.528358    -10.649991
      4.178750     -0.000355     -0.527670    -10.650725
      4.178875     -0.000415     -0.527026    -10.651435
      4.179000     -0.000458     -0.526421    -10.652122
      4.179125     -0.000496     -0.525839    -10.652791
      4.179250     -0.000542     -0.525255    -10.653454
      4.179375     -0.000597     -0.524646    -10.654132
      4.179500     -0.000630     -0.524017    -10.654853
      4.179625     -0.000569     -0.523414    -10.655641
      4.179750     -0.000392     -0.522860    -10.656498
      4.179875     -0.000170     -0.522298    -10.657408
      4.180000      0.000026     -0.521679    -10.658346
      4.180125      0.000167     -0.520998    -10.659294
      4.180250      0.000252     -0.520266    -10.660236
      4.180375      0.000286     -0.519497    -10.661165
      4.180500      0.000279     -0.518705    -10.662074
      4.180625      0.000240     -0.517901    -10.662964
      4.180750      0.000178     -0.517094    -10.663834
      4.180875      0.000104     -0.516293    -10.664686
      4.181000      0.000027     -0.515507    -10.665520
      4.181125     -0.000042     -0.514745    -10.666338
      4.181250     -0.000092     -0.514014    -10.667144
      4.181375     -0.000116     -0.513320    -10.667939
      4.181500     -0.000111     -0.512660    -10.668729
      4.181625     -0.000084     -0.512021    -10.669521
      4.181750     -0.000049     -0.511379    -10.670322
      4.181875     -0.000022     -0.510708    -10.671145
      4.182000     -0.000018     -0.509983    -10.671999
      4.182125     -0.000040     -0.509194    -10.672891
      4.182250     -0.000067     -0.508365    -10.673818
      4.182375     -0.000038     -0.507566    -10.674772
      4.182500      0.000099     -0.506858    -10.675741
      4.182625      0.000296     -0.506208    -10.676713
      4.182750      0.000479     -0.505551    -10.677678
      4.182875      0.000608     -0.504854    -10.678629
      4.183000      0.000677     -0.504117    -10.679561
      4.183125      0.000691     -0.503346    -10.680470
      4.183250      0.000658     -0.502552    -10.681356
      4.183375      0.000591     -0.501747    -10.682218
      4.183500      0.000498     -0.500941    -10.683056
      4.183625      0.000390     -0.500145    -10.683870
      4.183750      0.000279     -0.499370    -10.684659
      4.183875      0.000173     -0.498626    -10.685423
      4.184000      0.000083     -0.497922    -10.686161
      4.184125      0.000012     -0.497262    -10.686875
      4.184250     -0.000046     -0.496639    -10.687566
      4.184375     -0.000101     -0.496034    -10.688240
      4.184500     -0.000166     -0.495425    -10.688909
      4.184625     -0.000239     -0.494789    -10.689597
      4.184750     -0.000286     -0.494134    -10.690330
      4.184875     -0.000236     -0.493511    -10.691128
      4.185000     -0.000072     -0.492936    -10.691991
      4.185125      0.000128     -0.492351    -10.692902
      4.185250      0.000299     -0.491711    -10.693838
      4.185375      0.000417     -0.491012    -10.694779
      4.185500      0.000479     -0.490267    -10.695712
      4.185625      0.000492     -0.489488    -10.696629
      4.185750      0.000465     -0.488689    -10.697527
      4.185875      0.000408     -0.487881    -10.698402
      4.186000      0.000330     -0.487073    -10.699257
      4.186125      0.000241     -0.486274    -10.700092
      4.186250      0.000151     -0.485494    -10.700907
      4.186375      0.000071     -0.484740    -10.701706
      4.186500      0.000010     -0.484021    -10.702490
      4.186625     -0.000022     -0.483341    -10.703262
      4.186750     -0.000025     -0.482698    -10.704028
      4.186875     -0.000005     -0.482077    -10.704793
      4.187000      0.000024     -0.481457    -10.705567
      4.187125      0.000045     -0.480809    -10.706360
      4.187250      0.000044     -0.480110    -10.707184
      4.187375      0.000018     -0.479350    -10.708043
      4.187500     -0.000011     -0.478553    -10.708936
      4.187625      0.000018     -0.477788    -10.709855
      4.187750      0.000152     -0.477114    -10.710788
      4.187875      0.000345     -0.476497    -10.711723
      4.188000      0.000522     -0.475872    -10.712650
      4.188125      0.000644     -0.475207    -10.713562
      4.188250      0.000704     -0.474501    -10.714454
      4.188375      0.000707     -0.473759    -10.715323
      4.188500      0.000662     -0.472993    -10.716169
      4.188625      0.000578     -0.472212    -10.716991
      4.188750      0.000466     -0.471428    -10.717788
      4.188875      0.000337     -0.470651    -10.718561
      4.189000      0.000201     -0.469892    -10.719309
      4.189125      0.000070     -0.469162    -10.720033
      4.189250     -0.000049     -0.468470    -10.720731
      4.189375     -0.000150     -0.467819    -10.721406
      4.189500     -0.000237     -0.467204    -10.722058
      4.189625     -0.000322     -0.466609    -10.722694
      4.189750     -0.000415     -0.466009    -10.723327
      4.189875     -0.000518     -0.465381    -10.723976
      4.190000     -0.000599     -0.464731    -10.724669
      4.190125     -0.000590     -0.464107    -10.725427
      4.190250     -0.000465     -0.463535    -10.726251
      4.190375     -0.000292     -0.462960    -10.727123
      4.190500     -0.000143     -0.462335    -10.728022
      4.190625     -0.000044     -0.461651    -10.728929
      4.190750     -0.000000     -0.460920    -10.729830
      4.190875     -0.000004     -0.460154    -10.730717
      4.191000     -0.000048     -0.459367    -10.731585
      4.191125     -0.000122     -0.458569    -10.732435
      4.191250     -0.000217     -0.457769    -10.733264
      4.191375     -0.000323     -0.456977    -10.734075
      4.191500     -0.000430     -0.456201    -10.734869
      4.191625     -0.000528     -0.455449    -10.735648
      4.191750     -0.000607     -0.454730    -10.736413
      4.191875     -0.000657     -0.454049    -10.737168
      4.192000     -0.000678     -0.453405    -10.737918
      4.192125     -0.000673     -0.452784    -10.738668
      4.192250     -0.000657     -0.452167    -10.739426
      4.192375     -0.000645     -0.451526    -10.740205
      4.192500     -0.000651     -0.450836    -10.741014
      4.192625     -0.000681     -0.450085    -10.741859
      4.192750     -0.000717     -0.449291    -10.742741
      4.192875     -0.000704     -0.448518    -10.743653
      4.193000     -0.000585     -0.447833    -10.744582
      4.193125     -0.000392     -0.447216    -10.745517
      4.193250     -0.000204     -0.446600    -10.746446
      4.193375     -0.000063     -0.445949    -10.747364
      4.193500      0.000021     -0.445258    -10.748263
      4.193625      0.000051     -0.444534    -10.749142
      4.193750      0.000036     -0.443788    -10.749999
      4.193875     -0.000014     -0.443029    -10.750833
      4.194000     -0.000089     -0.442268    -10.751644
      4.194125     -0.000178     -0.441515    -10.752432
      4.194250     -0.000273     -0.440781    -10.753196
      4.194375     -0.000361     -0.440076    -10.753937
      4.194500     -0.000435     -0.439410    -10.754655
      4.194625     -0.000490     -0.438786    -10.755349
      4.194750     -0.000527     -0.438201    -10.756022
      4.194875     -0.000557     -0.437639    -10.756679
      4.195000     -0.000594     -0.437076    -10.757330
      4.195125     -0.000642     -0.436489    -10.757994
      4.195250     -0.000681     -0.435872    -10.758697
      4.195375     -0.000647     -0.435266    -10.759462
      4.195500     -0.000494     -0.434713    -10.760293
      4.195625     -0.000276     -0.434173    -10.761176
      4.195750     -0.000069     -0.433590    -10.762091
      4.195875      0.000089     -0.432948    -10.763016
      4.196000      0.000191     -0.432253    -10.763938
      4.196125      0.000242     -0.431519    -10.764848
      4.196250      0.000248     -0.430759    -10.765740
      4.196375      0.000220     -0.429982    -10.766613
      4.196500      0.000167     -0.429200    -10.767467
      4.196625      0.000098     -0.428421    -10.768302
      4.196750      0.000023     -0.427653    -10.769120
      4.196875     -0.000048     -0.426905    -10.769923
      4.197000     -0.000104     -0.426185    -10.770711
      4.197125     -0.000137     -0.425499    -10.771489
      4.197250     -0.000142     -0.424849    -10.772259
      4.197375     -0.000123     -0.424225    -10.773028
      4.197500     -0.000090     -0.423608    -10.773803
      4.197625     -0.000059     -0.422972    -10.774594
      4.197750     -0.000045     -0.422292    -10.775414
      4.197875     -0.000057     -0.421550    -10.776269
      4.198000     -0.000085     -0.420754    -10.777161
      4.198125     -0.000083     -0.419956    -10.778085
      4.198250      0.000014     -0.419233    -10.779031
      4.198375      0.000199     -0.418589    -10.779985
      4.198500      0.000397     -0.417960    -10.780937
      4.198625      0.000554     -0.417301    -10.781879
      4.198750      0.000654     -0.416600    -10.782803
      4.198875      0.000697     -0.415863    -10.783708
      4.199000      0.000691     -0.415099    -10.784592
      4.199125      0.000646     -0.414319    -10.785452
      4.199250      0.000573     -0.413534    -10.786290
      4.199375      0.000482     -0.412753    -10.787104
      4.199500      0.000382     -0.411987    -10.787895
      4.199625      0.000284     -0.411247    -10.788663
      4.199750      0.000198     -0.410542    -10.789406
      4.199875      0.000131     -0.409879    -10.790127
      4.200000      0.000082     -0.409258    -10.790824
      4.200125      0.000044     -0.408665    -10.791504
      4.200250      0.000004     -0.408081    -10.792173
      4.200375     -0.000048     -0.407479    -10.792848
      4.200500     -0.000103     -0.406844    -10.793553
      4.200625     -0.000110     -0.406203    -10.794312
      4.200750     -0.000007     -0.405607    -10.795136
      4.200875      0.000190     -0.405050    -10.796015
      4.201000      0.000399     -0.404469    -10.796930
      4.201125      0.000569     -0.403834    -10.797860
      4.201250      0.000683     -0.403146    -10.798788
      4.201375      0.000744     -0.402415    -10.799703
      4.201500      0.000757     -0.401656    -10.800601
      4.201625      0.000732     -0.400879    -10.801477
      4.201750      0.000677     -0.400094    -10.802332
      4.201875      0.000601     -0.399310    -10.803166
      4.202000      0.000514     -0.398535    -10.803979
      4.202125      0.000425     -0.397777    -10.804773
      4.202250      0.000344     -0.397045    -10.805550
      4.202375      0.000281     -0.396345    -10.806311
      4.202500      0.000241     -0.395680    -10.807061
      4.202625      0.000225     -0.395046    -10.807805
      4.202750      0.000224     -0.394426    -10.808548
      4.202875      0.000223     -0.393796    -10.809302
      4.203000      0.000207     -0.393132    -10.810076
      4.203125      0.000165     -0.392410    -10.810881
      4.203250      0.000099     -0.391628    -10.811721
      4.203375      0.000039     -0.390820    -10.812594
      4.203500      0.000051     -0.390061    -10.813490
      4.203625      0.000166     -0.389393    -10.814398
      4.203750      0.000323     -0.388767    -10.815306
      4.203875      0.000454     -0.388124    -10.816205
      4.204000      0.000530     -0.387443    -10.817088
      4.204125      0.000550     -0.386725    -10.817950
      4.204250      0.000519     -0.385979    -10.818790
      4.204375      0.000446     -0.385215    -10.819607
      4.204500      0.000343     -0.384443    -10.820400
      4.204625      0.000218     -0.383675    -10.821169
      4.204750      0.000083     -0.382919    -10.821914
      4.204875     -0.000052     -0.382187    -10.822636
      4.205000     -0.000178     -0.381489    -10.823333
      4.205125     -0.000286     -0.380832    -10.824008
      4.205250     -0.000373     -0.380218    -10.824659
      4.205375     -0.000443     -0.379641    -10.825290
      4.205500     -0.000509     -0.379083    -10.825908
      4.205625     -0.000582     -0.378517    -10.826526
      4.205750     -0.000665     -0.377922    -10.827163
      4.205875     -0.000727     -0.377302    -10.827846
      4.206000     -0.000702     -0.376705    -10.828592
      4.206125     -0.000562     -0.376163    -10.829399
      4.206250     -0.000372     -0.375627    -10.830251
      4.206375     -0.000202     -0.375047    -10.831126
      4.206500     -0.000081     -0.374411    -10.832008
      4.206625     -0.000014     -0.373728    -10.832883
      4.206750      0.000004     -0.373011    -10.833743
      4.206875     -0.000018     -0.372272    -10.834586
      4.207000     -0.000071     -0.371520    -10.835409
      4.207125     -0.000146     -0.370766    -10.836213
      4.207250     -0.000233     -0.370018    -10.836999
      4.207375     -0.000324     -0.369284    -10.837767
      4.207500     -0.000407     -0.368572    -10.838520
      4.207625     -0.000473     -0.367892    -10.839260
      4.207750     -0.000513     -0.367249    -10.839988
      4.207875     -0.000524     -0.366641    -10.840710
      4.208000     -0.000510     -0.366059    -10.841431
      4.208125     -0.000485     -0.365481    -10.842160
      4.208250     -0.000462     -0.364882    -10.842906
      4.208375     -0.000458     -0.364236    -10.843681
      4.208500     -0.000477     -0.363531    -10.844493
      4.208625     -0.000505     -0.362778    -10.845341
      4.208750     -0.000490     -0.362039    -10.846221
      4.208875     -0.000373     -0.361382    -10.847120
      4.209000     -0.000178     -0.360795    -10.848027
      4.209125      0.000019     -0.360214    -10.848930
      4.209250      0.000172     -0.359600    -10.849822
      4.209375      0.000268     -0.358946    -10.850697
      4.209500      0.000310     -0.358258    -10.851552
      4.209625      0.000305     -0.357545    -10.852385
      4.209750      0.000264     -0.356818    -10.853196
      4.209875      0.000196     -0.356087    -10.853985
      4.210000      0.000112     -0.355361    -10.854751
      4.210125      0.000021     -0.354652    -10.855494
      4.210250     -0.000067     -0.353969    -10.856214
      4.210375     -0.000142     -0.353321    -10.856912
      4.210500     -0.000198     -0.352715    -10.857587
      4.210625     -0.000236     -0.352147    -10.858242
      4.210750     -0.000264     -0.351605    -10.858880
      4.210875     -0.000296     -0.351067    -10.859512
      4.211000     -0.000341     -0.350506    -10.860153
      4.211125     -0.000389     -0.349909    -10.860827
      4.211250     -0.000391     -0.349302    -10.861556
      4.211375     -0.000285     -0.348741    -10.862349
      4.211500     -0.000087     -0.348217    -10.863196
      4.211625      0.000122     -0.347672    -10.864076
      4.211750      0.000292     -0.347072    -10.864970
      4.211875      0.000406     -0.346419    -10.865863
      4.212000      0.000467     -0.345722    -10.866744
      4.212125      0.000480     -0.344995    -10.867610
      4.212250      0.000455     -0.344249    -10.868456
      4.212375      0.000401     -0.343493    -10.869283
      4.212500      0.000327     -0.342737    -10.870090
      4.212625      0.000243     -0.341988    -10.870880
      4.212750      0.000158     -0.341256    -10.871652
      4.212875      0.000083     -0.340548    -10.872410
      4.213000      0.000028     -0.339873    -10.873155
      4.213125     -0.000002     -0.339234    -10.873890
      4.213250     -0.000005     -0.338626    -10.874620
      4.213375      0.000009     -0.338033    -10.875351
      4.213500      0.000028     -0.337433    -10.876095
      4.213625      0.000034     -0.336799    -10.876860
      4.213750      0.000017     -0.336110    -10.877657
      4.213875     -0.000022     -0.335361    -10.878492
      4.214000     -0.000052     -0.334587    -10.879362
      4.214125     -0.000009     -0.333859    -10.880257
      4.214250      0.000137     -0.333221    -10.881166
      4.214375      0.000326     -0.332624    -10.882077
      4.214500      0.000490     -0.332010    -10.882980
      4.214625      0.000601     -0.331358    -10.883868
      4.214750      0.000654     -0.330667    -10.884737
      4.214875      0.000657     -0.329947    -10.885585
      4.215000      0.000617     -0.329207    -10.886410
      4.215125      0.000545     -0.328459    -10.887211
      4.215250      0.000451     -0.327712    -10.887989
      4.215375      0.000345     -0.326977    -10.888743
      4.215500      0.000237     -0.326263    -10.889474
      4.215625      0.000136     -0.325580    -10.890181
      4.215750      0.000053     -0.324938    -10.890865
      4.215875     -0.000011     -0.324339    -10.891525
      4.216000     -0.000058     -0.323776    -10.892166
      4.216125     -0.000100     -0.323233    -10.892792
      4.216250     -0.000149     -0.322684    -10.893417
      4.216375     -0.000210     -0.322106    -10.894059
      4.216500     -0.000260     -0.321497    -10.894743
      4.216625     -0.000238     -0.320902    -10.895485
      4.216750     -0.000100     -0.320364    -10.896286
      4.216875      0.000102     -0.319847    -10.897130
      4.217000      0.000293     -0.319295    -10.897998
      4.217125      0.000437     -0.318691    -10.898871
      4.217250      0.000526     -0.318040    -10.899736
      4.217375      0.000565     -0.317353    -10.900587
      4.217500      0.000560     -0.316643    -10.901418
      4.217625      0.000521     -0.315918    -10.902228
      4.217750      0.000457     -0.315189    -10.903018
      4.217875      0.000377     -0.314464    -10.903788
      4.218000      0.000290     -0.313751    -10.904539
      4.218125      0.000205     -0.313057    -10.905272
      4.218250      0.000132     -0.312392    -10.905990
      4.218375      0.000080     -0.311760    -10.906695
      4.218500      0.000053     -0.311162    -10.907391
      4.218625      0.000048     -0.310590    -10.908083
      4.218750      0.000053     -0.310024    -10.908779
      4.218875      0.000054     -0.309440    -10.909489
      4.219000      0.000035     -0.308811    -10.910224
      4.219125     -0.000010     -0.308121    -10.910994
      4.219250     -0.000074     -0.307376    -10.911801
      4.219375     -0.000109     -0.306626    -10.912640
      4.219500     -0.000053     -0.305946    -10.913501
      4.219625      0.000090     -0.305344    -10.914371
      4.219750      0.000247     -0.304757    -10.915240
      4.219875      0.000363     -0.304140    -10.916099
      4.220000      0.000423     -0.303482    -10.916941
      4.220125      0.000428     -0.302789    -10.917764
      4.220250      0.000384     -0.302069    -10.918566
      4.220375      0.000303     -0.301333    -10.919345
      4.220500      0.000194     -0.300592    -10.920102
      4.220625      0.000066     -0.299855    -10.920836
      4.220750     -0.000069     -0.299133    -10.921548
      4.220875     -0.000202     -0.298436    -10.922237
      4.221000     -0.000322     -0.297774    -10.922904
      4.221125     -0.000423     -0.297152    -10.923550
      4.221250     -0.000503     -0.296572    -10.924175
      4.221375     -0.000569     -0.296024    -10.924783
      4.221500     -0.000632     -0.295487    -10.925382
      4.221625     -0.000704     -0.294935    -10.925987
      4.221750     -0.000785     -0.294347    -10.926619
      4.221875     -0.000840     -0.293735    -10.927300
      4.222000     -0.000805     -0.293153    -10.928042
      4.222125     -0.000659     -0.292626    -10.928841
      4.222250     -0.000471     -0.292103    -10.929677
      4.222375     -0.000306     -0.291538    -10.930531
      4.222500     -0.000192     -0.290921    -10.931388
      4.222625     -0.000130     -0.290259    -10.932236
      4.222750     -0.000116     -0.289565    -10.933069
      4.222875     -0.000141     -0.288850    -10.933884
      4.223000     -0.000196     -0.288124    -10.934680
      4.223125     -0.000272     -0.287396    -10.935458
      4.223250     -0.000360     -0.286673    -10.936217
      4.223375     -0.000450     -0.285966    -10.936959
      4.223500     -0.000533     -0.285282    -10.937685
      4.223625     -0.000598     -0.284629    -10.938399
      4.223750     -0.000637     -0.284012    -10.939101
      4.223875     -0.000647     -0.283431    -10.939797
      4.224000     -0.000635     -0.282874    -10.940491
      4.224125     -0.000611     -0.282321    -10.941193
      4.224250     -0.000592     -0.281745    -10.941913
      4.224375     -0.000591     -0.281122    -10.942662
      4.224500     -0.000612     -0.280439    -10.943449
      4.224625     -0.000639     -0.279714    -10.944273
      4.224750     -0.000616     -0.279007    -10.945127
      4.224875     -0.000489     -0.278384    -10.946002
      4.225000     -0.000291     -0.277825    -10.946884
      4.225125     -0.000095     -0.277266    -10.947764
      4.225250      0.000055     -0.276674    -10.948632
      4.225375      0.000149     -0.276041    -10.949483
      4.225500      0.000190     -0.275375    -10.950315
      4.225625      0.000186     -0.274685    -10.951126
      4.225750      0.000147     -0.273981    -10.951916
      4.225875      0.000081     -0.273273    -10.952683
      4.226000      0.000000     -0.272571    -10.953429
      4.226125     -0.000087     -0.271885    -10.954153
      4.226250     -0.000171     -0.271224    -10.954855
      4.226375     -0.000242     -0.270598    -10.955535
      4.226500     -0.000294     -0.270012    -10.956195
      4.226625     -0.000326     -0.269463    -10.956835
      4.226750     -0.000348     -0.268941    -10.957461
      4.226875     -0.000373     -0.268421    -10.958082
      4.227000     -0.000410     -0.267878    -10.958713
      4.227125     -0.000454     -0.267294    -10.959376
      4.227250     -0.000465     -0.266692    -10.960093
      4.227375     -0.000377     -0.266127    -10.960870
      4.227500     -0.000190     -0.265612    -10.961699
      4.227625      0.000024     -0.265089    -10.962560
      4.227750      0.000204     -0.264519    -10.963435
      4.227875      0.000331     -0.263896    -10.964310
      4.228000      0.000404     -0.263230    -10.965174
      4.228125      0.000429     -0.262532    -10.966023
      4.228250      0.000415     -0.261812    -10.966853
      4.228375      0.000370     -0.261081    -10.967664
      4.228500      0.000303     -0.260347    -10.968456
      4.228625      0.000225     -0.259619    -10.969230
      4.228750      0.000144     -0.258906    -10.969988
      4.228875      0.000070     -0.258215    -10.970730
      4.229000      0.000014     -0.257555    -10.971459
      4.229125     -0.000017     -0.256930    -10.972178
      4.229250     -0.000023     -0.256337    -10.972890
      4.229375     -0.000008     -0.255765    -10.973602
      4.229500      0.000014     -0.255191    -10.974323
      4.229625      0.000027     -0.254589    -10.975064
      4.229750      0.000020     -0.253935    -10.975835
      4.229875     -0.000010     -0.253222    -10.976643
      4.230000     -0.000039     -0.252473    -10.977488
      4.230125     -0.000006     -0.251756    -10.978363
      4.230250      0.000130     -0.251125    -10.979255
      4.230375      0.000325     -0.250546    -10.980153
      4.230500      0.000505     -0.249959    -10.981046
      4.230625      0.000637     -0.249335    -10.981927
      4.230750      0.000712     -0.248672    -10.982789
      4.230875      0.000735     -0.247978    -10.983632
      4.231000      0.000715     -0.247263    -10.984453
      4.231125      0.000662     -0.246536    -10.985251
      4.231250      0.000584     -0.245808    -10.986027
      4.231375      0.000493     -0.245088    -10.986780
      4.231500      0.000397     -0.244386    -10.987511
      4.231625      0.000306     -0.243713    -10.988218
      4.231750      0.000230     -0.243077    -10.988903
      4.231875      0.000174     -0.242482    -10.989567
      4.232000      0.000137     -0.241926    -10.990210
      4.232125      0.000109     -0.241395    -10.990839
      4.232250      0.000078     -0.240865    -10.991464
      4.232375      0.000034     -0.240310    -10.992099
      4.232500     -0.000016     -0.239715    -10.992769
      4.232625     -0.000028     -0.239106    -10.993490
      4.232750      0.000061     -0.238542    -10.994269
      4.232875      0.000245     -0.238027    -10.995093
      4.233000      0.000446     -0.237502    -10.995945
      4.233125      0.000611     -0.236931    -10.996805
      4.233250      0.000721     -0.236309    -10.997661
      4.233375      0.000775     -0.235646    -10.998504
      4.233500      0.000779     -0.234951    -10.999328
      4.233625      0.000742     -0.234236    -11.000131
      4.233750      0.000672     -0.233509    -11.000913
      4.233875      0.000578     -0.232779    -11.001674
      4.234000      0.000471     -0.232056    -11.002415
      4.234125      0.000358     -0.231346    -11.003137
      4.234250      0.000252     -0.230660    -11.003843
      4.234375      0.000161     -0.230004    -11.004533
      4.234500      0.000093     -0.229383    -11.005210
      4.234625      0.000050     -0.228795    -11.005880
      4.234750      0.000024     -0.228226    -11.006549
      4.234875      0.000004     -0.227654    -11.007225
      4.235000     -0.000026     -0.227054    -11.007920
      4.235125     -0.000077     -0.226403    -11.008645
      4.235250     -0.000149     -0.225694    -11.009407
      4.235375     -0.000215     -0.224955    -11.010205
      4.235500     -0.000214     -0.224256    -11.011030
      4.235625     -0.000109     -0.223644    -11.011873
      4.235750      0.000049     -0.223080    -11.012719
      4.235875      0.000191     -0.222505    -11.013561
      4.236000      0.000283     -0.221895    -11.014389
      4.236125      0.000321     -0.221247    -11.015199
      4.236250      0.000310     -0.220570    -11.015989
      4.236375      0.000257     -0.219874    -11.016758
      4.236500      0.000172     -0.219167    -11.017505
      4.236625      0.000065     -0.218461    -11.018229
      4.236750     -0.000054     -0.217763    -11.018932
      4.236875     -0.000176     -0.217085    -11.019614
      4.237000     -0.000291     -0.216435    -11.020274
      4.237125     -0.000390     -0.215823    -11.020912
      4.237250     -0.000467     -0.215252    -11.021531
      4.237375     -0.000525     -0.214719    -11.022132
      4.237500     -0.000571     -0.214208    -11.022720
      4.237625     -0.000620     -0.213698    -11.023307
      4.237750     -0.000681     -0.213161    -11.023908
      4.237875     -0.000747     -0.212584    -11.024544
      4.238000     -0.000775     -0.211991    -11.025235
      4.238125     -0.000701     -0.211442    -11.025983
      4.238250     -0.000529     -0.210943    -11.026777
      4.238375     -0.000335     -0.210439    -11.027600
      4.238500     -0.000174     -0.209892    -11.028434
      4.238625     -0.000064     -0.209296    -11.029265
      4.238750     -0.000007     -0.208659    -11.030084
      4.238875      0.000006     -0.207993    -11.030888
      4.239000     -0.000020     -0.207308    -11.031673
      4.239125     -0.000073     -0.206613    -11.032439
      4.239250     -0.000147     -0.205917    -11.033186
      4.239375     -0.000230     -0.205230    -11.033915
      4.239500     -0.000315     -0.204558    -11.034628
      4.239625     -0.000390     -0.203910    -11.035325
      4.239750     -0.000446     -0.203294    -11.036009
      4.239875     -0.000477     -0.202715    -11.036683
      4.240000     -0.000482     -0.202169    -11.037349
      4.240125     -0.000466     -0.201643    -11.038016
      4.240250     -0.000443     -0.201117    -11.038691
      4.240375     -0.000427     -0.200563    -11.039385
      4.240500     -0.000432     -0.199958    -11.040110
      4.240625     -0.000457     -0.199295    -11.040873
      4.240750     -0.000477     -0.198599    -11.041674
      4.240875     -0.000432     -0.197939    -11.042504
      4.241000     -0.000283     -0.197365    -11.043353
      4.241125     -0.000080     -0.196838    -11.044208
      4.241250      0.000107     -0.196299    -11.045058
      4.241375      0.000245     -0.195724    -11.045897
      4.241500      0.000328     -0.195109    -11.046719
      4.241625      0.000359     -0.194463    -11.047522
      4.241750      0.000348     -0.193795    -11.048303
      4.241875      0.000303     -0.193115    -11.049064
      4.242000      0.000234     -0.192432    -11.049803
      4.242125      0.000151     -0.191755    -11.050521
      4.242250      0.000063     -0.191096    -11.051217
      4.242375     -0.000020     -0.190462    -11.051893
      4.242500     -0.000090     -0.189862    -11.052548
      4.242625     -0.000140     -0.189302    -11.053184
      4.242750     -0.000171     -0.188777    -11.053802
      4.242875     -0.000192     -0.188275    -11.054408
      4.243000     -0.000216     -0.187773    -11.055011
      4.243125     -0.000253     -0.187244    -11.055628
      4.243250     -0.000300     -0.186671    -11.056278
      4.243375     -0.000320     -0.186075    -11.056981
      4.243500     -0.000247     -0.185514    -11.057740
      4.243625     -0.000073     -0.185007    -11.058545
      4.243750      0.000133     -0.184503    -11.059380
      4.243875      0.000310     -0.183958    -11.060226
      4.244000      0.000434     -0.183364    -11.061071
      4.244125      0.000505     -0.182726    -11.061904
      4.244250      0.000528     -0.182056    -11.062722
      4.244375      0.000510     -0.181364    -11.063520
      4.244500      0.000460     -0.180660    -11.064300
      4.244625      0.000389     -0.179953    -11.065061
      4.244750      0.000303     -0.179250    -11.065803
      4.244875      0.000214     -0.178561    -11.066528
      4.245000      0.000131     -0.177894    -11.067237
      4.245125      0.000064     -0.177257    -11.067932
      4.245250      0.000020     -0.176654    -11.068615
      4.245375      0.000001     -0.176086    -11.069290
      4.245500      0.000002     -0.175539    -11.069963
      4.245625      0.000012     -0.174995    -11.070642
      4.245750      0.000016     -0.174428    -11.071338
      4.245875     -0.000000     -0.173813    -11.072062
      4.246000     -0.000038     -0.173140    -11.072822
      4.246125     -0.000078     -0.172427    -11.073621
      4.246250     -0.000061     -0.171738    -11.074450
      4.246375      0.000057     -0.171133    -11.075300
      4.246500      0.000240     -0.170584    -11.076157
      4.246625      0.000416     -0.170031    -11.077010
      4.246750      0.000546     -0.169443    -11.077853
      4.246875      0.000620     -0.168817    -11.078678
      4.247000      0.000643     -0.168160    -11.079484
      4.247125      0.000622     -0.167480    -11.080268
      4.247250      0.000567     -0.166787    -11.081030
      4.247375      0.000487     -0.166092    -11.081770
      4.247500      0.000391     -0.165404    -11.082487
      4.247625      0.000289     -0.164732    -11.083183
      4.247750      0.000191     -0.164085    -11.083856
      4.247875      0.000107     -0.163474    -11.084508
      4.248000      0.000042     -0.162903    -11.085139
      4.248125     -0.000002     -0.162371    -11.085752
      4.248250     -0.000032     -0.161868    -11.086350
      4.248375     -0.000061     -0.161371    -11.086943
      4.248500     -0.000101     -0.160855    -11.087544
      4.248625     -0.000153     -0.160299    -11.088173
      4.248750     -0.000190     -0.159711    -11.088849
      4.248875     -0.000151     -0.159144    -11.089579
      4.249000     -0.000004     -0.158640    -11.090357
      4.249125      0.000197     -0.158157    -11.091165
      4.249250      0.000382     -0.157646    -11.091987
      4.249375      0.000520     -0.157088    -11.092807
      4.249500      0.000603     -0.156486    -11.093617
      4.249625      0.000637     -0.155851    -11.094411
      4.249750      0.000627     -0.155192    -11.095185
      4.249875      0.000583     -0.154518    -11.095940
      4.250000      0.000513     -0.153839    -11.096674
      4.250125      0.000426     -0.153163    -11.097388
      4.250250      0.000331     -0.152496    -11.098084
      4.250375      0.000236     -0.151848    -11.098763
      4.250500      0.000152     -0.151226    -11.099427
      4.250625      0.000087     -0.150636    -11.100076
      4.250750      0.000045     -0.150079    -11.100716
      4.250875      0.000022     -0.149546    -11.101351
      4.251000      0.000009     -0.149021    -11.101988
      4.251125     -0.000008     -0.148479    -11.102638
      4.251250     -0.000043     -0.147894    -11.103313
      4.251375     -0.000102     -0.147250    -11.104022
      4.251500     -0.000173     -0.146557    -11.104770
      4.251625     -0.000208     -0.145865    -11.105552
      4.251750     -0.000147     -0.145245    -11.106358
      4.251875     -0.000005     -0.144695    -11.107176
      4.252000      0.000149     -0.144155    -11.107993
      4.252125      0.000264     -0.143586    -11.108803
      4.252250      0.000325     -0.142977    -11.109598
      4.252375      0.000334     -0.142335    -11.110374
      4.252500      0.000297     -0.141667    -11.111130
      4.252625      0.000224     -0.140983    -11.111866
      4.252750      0.000124     -0.140294    -11.112580
      4.252875      0.000007     -0.139608    -11.113274
      4.253000     -0.000119     -0.138935    -11.113946
      4.253125     -0.000242     -0.138284    -11.114598
      4.253250     -0.000355     -0.137665    -11.115230
      4.253375     -0.000449     -0.137083    -11.115843
      4.253500     -0.000520     -0.136542    -11.116438
      4.253625     -0.000573     -0.136033    -11.117019
      4.253750     -0.000619     -0.135538    -11.117593
      4.253875     -0.000671     -0.135032    -11.118172
      4.254000     -0.000737     -0.134490    -11.118773
      4.254125     -0.000803     -0.133905    -11.119417
      4.254250     -0.000820     -0.133316    -11.120114
      4.254375     -0.000732     -0.132781    -11.120862
      4.254500     -0.000559     -0.132293    -11.121648
      4.254625     -0.000376     -0.131795    -11.122455
      4.254750     -0.000229     -0.131255    -11.123266
      4.254875     -0.000133     -0.130670    -11.124072
      4.255000     -0.000088     -0.130048    -11.124864
      4.255125     -0.000086     -0.129399    -11.125640
      4.255250     -0.000120     -0.128733    -11.126397
      4.255375     -0.000180     -0.128059    -11.127136
      4.255500     -0.000259     -0.127385    -11.127856
      4.255625     -0.000347     -0.126720    -11.128558
      4.255750     -0.000434     -0.126072    -11.129244
      4.255875     -0.000511     -0.125449    -11.129915
      4.256000     -0.000570     -0.124858    -11.130572
      4.256125     -0.000603     -0.124304    -11.131218
      4.256250     -0.000610     -0.123782    -11.131858
      4.256375     -0.000600     -0.123279    -11.132497
      4.256500     -0.000583     -0.122772    -11.133144
      4.256625     -0.000576     -0.122237    -11.133811
      4.256750     -0.000589     -0.121652    -11.134510
      4.256875     -0.000619     -0.121010    -11.135247
      4.257000     -0.000636     -0.120343    -11.136021
      4.257125     -0.000578     -0.119720    -11.136827
      4.257250     -0.000420     -0.119180    -11.137650
      4.257375     -0.000219     -0.118677    -11.138480
      4.257500     -0.000038     -0.118157    -11.139306
      4.257625      0.000094     -0.117599    -11.140120
      4.257750      0.000171     -0.117003    -11.140918
      4.257875      0.000200     -0.116377    -11.141698
      4.258000      0.000188     -0.115731    -11.142457
      4.258125      0.000144     -0.115072    -11.143197
      4.258250      0.000077     -0.114412    -11.143915
      4.258375     -0.000003     -0.113758    -11.144613
      4.258500     -0.000088     -0.113120    -11.145292
      4.258625     -0.000168     -0.112507    -11.145950
      4.258750     -0.000233     -0.111927    -11.146590
      4.258875     -0.000278     -0.111385    -11.147211
      4.259000     -0.000304     -0.110879    -11.147817
      4.259125     -0.000317     -0.110395    -11.148413
      4.259250     -0.000331     -0.109911    -11.149008
      4.259375     -0.000357     -0.109402    -11.149615
      4.259500     -0.000397     -0.108848    -11.150255
      4.259625     -0.000424     -0.108259    -11.150942
      4.259750     -0.000379     -0.107689    -11.151682
      4.259875     -0.000228     -0.107180    -11.152467
      4.260000     -0.000023     -0.106696    -11.153281
      4.260125      0.000168     -0.106186    -11.154107
      4.260250      0.000313     -0.105630    -11.154933
      4.260375      0.000405     -0.105031    -11.155748
      4.260500      0.000447     -0.104397    -11.156550
      4.260625      0.000447     -0.103739    -11.157333
      4.260750      0.000413     -0.103066    -11.158098
      4.260875      0.000355     -0.102386    -11.158844
      4.261000      0.000280     -0.101708    -11.159571
      4.261125      0.000197     -0.101040    -11.160282
      4.261250      0.000117     -0.100391    -11.160976
      4.261375      0.000048     -0.099767    -11.161656
      4.261500     -0.000001     -0.099177    -11.162322
      4.261625     -0.000025     -0.098621    -11.162979
      4.261750     -0.000028     -0.098093    -11.163630
      4.261875     -0.000017     -0.097576    -11.164282
      4.262000     -0.000008     -0.097046    -11.164946
      4.262125     -0.000013     -0.096480    -11.165632
      4.262250     -0.000040     -0.095857    -11.166353
      4.262375     -0.000078     -0.095185    -11.167112
      4.262500     -0.000084     -0.094508    -11.167908
      4.262625      0.000001     -0.093896    -11.168730
      4.262750      0.000173     -0.093355    -11.169567
      4.262875      0.000362     -0.092830    -11.170407
      4.263000      0.000517     -0.092277    -11.171240
      4.263125      0.000620     -0.091686    -11.172060
      4.263250      0.000671     -0.091059    -11.172862
      4.263375      0.000675     -0.090406    -11.173645
      4.263500      0.000642     -0.089735    -11.174407
      4.263625      0.000580     -0.089056    -11.175149
      4.263750      0.000497     -0.088377    -11.175870
      4.263875      0.000404     -0.087709    -11.176570
      4.264000      0.000310     -0.087060    -11.177251
      4.264125      0.000224     -0.086438    -11.177911
      4.264250      0.000154     -0.085852    -11.178552
      4.264375      0.000104     -0.085304    -11.179175
      4.264500      0.000075     -0.084791    -11.179784
      4.264625      0.000055     -0.084297    -11.180383
      4.264750      0.000033     -0.083800    -11.180984
      4.264875     -0.000002     -0.083273    -11.181600
      4.265000     -0.000049     -0.082702    -11.182250
      4.265125     -0.000077     -0.082102    -11.182946
      4.265250     -0.000027     -0.081531    -11.183692
      4.265375      0.000125     -0.081024    -11.184476
      4.265500      0.000324     -0.080540    -11.185284
      4.265625      0.000504     -0.080029    -11.186100
      4.265750      0.000637     -0.079476    -11.186911
      4.265875      0.000719     -0.078883    -11.187711
      4.266000      0.000752     -0.078258    -11.188493
      4.266125      0.000743     -0.077612    -11.189256
      4.266250      0.000702     -0.076952    -11.190000
      4.266375      0.000635     -0.076288    -11.190723
      4.266500      0.000552     -0.075626    -11.191426
      4.266625      0.000461     -0.074975    -11.192111
      4.266750      0.000371     -0.074343    -11.192778
      4.266875      0.000290     -0.073736    -11.193429
      4.267000      0.000228     -0.073162    -11.194065
      4.267125      0.000186     -0.072621    -11.194690
      4.267250      0.000165     -0.072107    -11.195308
      4.267375      0.000153     -0.071603    -11.195925
      4.267500      0.000139     -0.071087    -11.196552
      4.267625      0.000109     -0.070534    -11.197200
      4.267750      0.000056     -0.069927    -11.197879
      4.267875     -0.000009     -0.069270    -11.198597
      4.268000     -0.000044     -0.068606    -11.199349
      4.268125      0.000008     -0.068004    -11.200129
      4.268250      0.000146     -0.067472    -11.200923
      4.268375      0.000303     -0.066957    -11.201721
      4.268500      0.000428     -0.066416    -11.202512
      4.268625      0.000502     -0.065836    -11.203291
      4.268750      0.000526     -0.065222    -11.204053
      4.268875      0.000503     -0.064581    -11.204797
      4.269000      0.000443     -0.063923    -11.205520
      4.269125      0.000354     -0.063256    -11.206224
      4.269250      0.000245     -0.062588    -11.206907
      4.269375      0.000125     -0.061929    -11.207571
      4.269500      0.000003     -0.061287    -11.208216
      4.269625     -0.000113     -0.060670    -11.208842
      4.269750     -0.000214     -0.060086    -11.209450
      4.269875     -0.000294     -0.059538    -11.210042
      4.270000     -0.000354     -0.059026    -11.210620
      4.270125     -0.000399     -0.058536    -11.211189
      4.270250     -0.000442     -0.058050    -11.211758
      4.270375     -0.000494     -0.057543    -11.212339
      4.270500     -0.000560     -0.056993    -11.212947
      4.270625     -0.000625     -0.056402    -11.213598
      4.270750     -0.000640     -0.055813    -11.214297
      4.270875     -0.000558     -0.055280    -11.215038
      4.271000     -0.000398     -0.054794    -11.215807
      4.271125     -0.000228     -0.054306    -11.216591
      4.271250     -0.000091     -0.053782    -11.217377
      4.271375     -0.000002     -0.053218    -11.218155
      4.271500      0.000040     -0.052619    -11.218921
      4.271625      0.000040     -0.051995    -11.219671
      4.271750      0.000005     -0.051353    -11.220403
      4.271875     -0.000056     -0.050702    -11.221117
      4.272000     -0.000136     -0.050049    -11.221814
      4.272125     -0.000228     -0.049403    -11.222495
      4.272250     -0.000322     -0.048769    -11.223159
      4.272375     -0.000410     -0.048156    -11.223808
      4.272500     -0.000485     -0.047571    -11.224444
      4.272625     -0.000540     -0.047017    -11.225068
      4.272750     -0.000572     -0.046496    -11.225682
      4.272875     -0.000584     -0.045999    -11.226292
      4.273000     -0.000585     -0.045513    -11.226902
      4.273125     -0.000587     -0.045015    -11.227523
      4.273250     -0.000601     -0.044485    -11.228163
      4.273375     -0.000633     -0.043907    -11.228835
      4.273500     -0.000675     -0.043284    -11.229542
      4.273625     -0.000690     -0.042651    -11.230283
      4.273750     -0.000630     -0.042068    -11.231052
      4.273875     -0.000486     -0.041550    -11.231839
      4.274000     -0.000310     -0.041059    -11.232632
      4.274125     -0.000151     -0.040551    -11.233423
      4.274250     -0.000033     -0.040011    -11.234207
      4.274375      0.000041     -0.039437    -11.234979
      4.274500      0.000073     -0.038835    -11.235737
      4.274625      0.000069     -0.038213    -11.236481
      4.274750      0.000038     -0.037577    -11.237211
      4.274875     -0.000014     -0.036933    -11.237928
      4.275000     -0.000080     -0.036287    -11.238633
      4.275125     -0.000152     -0.035645    -11.239328
      4.275250     -0.000224     -0.035010    -11.240016
      4.275375     -0.000287     -0.034386    -11.240701
      4.275500     -0.000336     -0.033776    -11.241388
      4.275625     -0.000362     -0.033178    -11.242085
      4.275750     -0.000360     -0.032588    -11.242801
      4.275875     -0.000326     -0.031996    -11.243553
      4.276000     -0.000252     -0.031383    -11.244365
      4.276125     -0.000130     -0.030726    -11.245269
      4.276250      0.000060     -0.029992    -11.246318
      4.276375      0.000348     -0.029131    -11.247592
      4.276500      0.000790     -0.028060    -11.249231
      4.276625      0.001508     -0.026552    -11.251582
      4.276750      0.003085     -0.023353    -11.256482
      4.276875      0.002859     -0.024241    -11.255494
      4.277000      0.002139     -0.025668    -11.253471
      4.277125      0.002198     -0.026205    -11.253118
      4.277250      0.002518     -0.026500    -11.253268
      4.277375      0.002700     -0.026447    -11.253628
      4.277500      0.002675     -0.026086    -11.254089
      4.277625      0.002461     -0.025485    -11.254601
      4.277750      0.002113     -0.024726    -11.255137
      4.277875      0.001691     -0.023882    -11.255683
      4.278000      0.001241     -0.023010    -11.256231
      4.278125      0.000792     -0.022141    -11.256776
      4.278250      0.000359     -0.021295    -11.257314
      4.278375     -0.000063     -0.020466    -11.257846
      4.278500     -0.000502     -0.019621    -11.258377
      4.278625     -0.001026     -0.018679    -11.258920
      4.278750     -0.001784     -0.017470    -11.259495
      4.278875     -0.003718     -0.015031    -11.260126
      4.279000     -0.002502     -0.015671    -11.260827
      4.279125     -0.001700     -0.015833    -11.261592
      4.279250     -0.001146     -0.015705    -11.262399
      4.279375     -0.000710     -0.015441    -11.263224
      4.279500     -0.000396     -0.015057    -11.264048
      4.279625     -0.000190     -0.014576    -11.264858
      4.279750     -0.000076     -0.014027    -11.265648
      4.279875     -0.000031     -0.013430    -11.266414
      4.280000     -0.000039     -0.012806    -11.267154
      4.280125     -0.000083     -0.012172    -11.267870
      4.280250     -0.000147     -0.011543    -11.268560
      4.280375     -0.000216     -0.010934    -11.269225
      4.280500     -0.000274     -0.010359    -11.269867
      4.280625     -0.000309     -0.009829    -11.270487
      4.280750     -0.000315     -0.009346    -11.271088
      4.280875     -0.000300     -0.008899    -11.271677
      4.281000     -0.000279     -0.008457    -11.272264
      4.281125     -0.000272     -0.007986    -11.272867
      4.281250     -0.000291     -0.007455    -11.273504
      4.281375     -0.000314     -0.006874    -11.274186
      4.281500     -0.000263     -0.006326    -11.274910
      4.281625     -0.000082     -0.005884    -11.275659
      4.281750      0.000154     -0.005493    -11.276411
      4.281875      0.000351     -0.005080    -11.277146
      4.282000      0.000472     -0.004623    -11.277850
      4.282125      0.000515     -0.004129    -11.278511
      4.282250      0.000487     -0.003617    -11.279120
      4.282375      0.000402     -0.003105    -11.279672
      4.282500      0.000275     -0.002617    -11.280158
      4.282625      0.000122     -0.002178    -11.280569
      4.282750     -0.000035     -0.001818    -11.280897
      4.282875     -0.000172     -0.001568    -11.281135
      4.283000     -0.000271     -0.001451    -11.281279
      4.283125     -0.000332     -0.001457    -11.281336
      4.283250     -0.000388     -0.001527    -11.281334
      4.283375     -0.000479     -0.001568    -11.281328
      4.283500     -0.000570     -0.001557    -11.281373
      4.283625     -0.000470     -0.001678    -11.281477
      4.283750     -0.000196     -0.001954    -11.281600
      4.283875      0.000008     -0.002190    -11.281694
      4.284000      0.000073     -0.002343    -11.281730
      4.284125      0.000017     -0.002443    -11.281699
      4.284250     -0.000121     -0.002531    -11.281598
      4.284375     -0.000296     -0.002646    -11.281433
      4.284500     -0.000463     -0.002830    -11.281207
      4.284625     -0.000576     -0.003120    -11.280929
      4.284750     -0.000623     -0.003515    -11.280613
      4.284875     -0.000646     -0.003933    -11.280296
      4.285000     -0.000706     -0.004250    -11.280044
      4.285125     -0.000758     -0.004451    -11.279916
      4.285250     -0.000566     -0.004786    -11.279897
      4.285375     -0.000238     -0.005214    -11.279923
      4.285500     -0.000024     -0.005543    -11.279933
      4.285625      0.000038     -0.005767    -11.279896
      4.285750     -0.000016     -0.005933    -11.279801
      4.285875     -0.000140     -0.006088    -11.279647
      4.286000     -0.000285     -0.006277    -11.279437
      4.286125     -0.000404     -0.006546    -11.279175
      4.286250     -0.000457     -0.006923    -11.278870
      4.286375     -0.000457     -0.007375    -11.278544
      4.286500     -0.000465     -0.007788    -11.278247
      4.286625     -0.000517     -0.008056    -11.278052
      4.286750     -0.000458     -0.008303    -11.277989
      4.286875     -0.000139     -0.008727    -11.278010
      4.287000      0.000169     -0.009124    -11.278045
      4.287125      0.000322     -0.009400    -11.278047
      4.287250      0.000335     -0.009589    -11.277996
      4.287375      0.000250     -0.009739    -11.277886
      4.287500      0.000115     -0.009897    -11.277718
      4.287625     -0.000020     -0.010109    -11.277496
      4.287750     -0.000108     -0.010417    -11.277226
      4.287875     -0.000130     -0.010824    -11.276921
      4.288000     -0.000130     -0.011253    -11.276617
      4.288125     -0.000170     -0.011577    -11.276378
      4.288250     -0.000213     -0.011771    -11.276266
      4.288375     -0.000019     -0.012086    -11.276270
      4.288500      0.000316     -0.012494    -11.276322
      4.288625      0.000532     -0.012797    -11.276359
      4.288750      0.000590     -0.012990    -11.276350
      4.288875      0.000527     -0.013119    -11.276283
      4.289000      0.000390     -0.013234    -11.276157
      4.289125      0.000228     -0.013380    -11.275973
      4.289250      0.000092     -0.013605    -11.275737
      4.289375      0.000018     -0.013937    -11.275456
      4.289500     -0.000003     -0.014343    -11.275154
      4.289625     -0.000036     -0.014709    -11.274881
      4.289750     -0.000112     -0.014930    -11.274708
      4.289875     -0.000071     -0.015138    -11.274666
      4.290000      0.000230     -0.015526    -11.274704
      4.290125      0.000512     -0.015886    -11.274752
      4.290250      0.000642     -0.016129    -11.274762
      4.290375      0.000632     -0.016292    -11.274715
      4.290500      0.000529     -0.016425    -11.274604
      4.290625      0.000380     -0.016573    -11.274432
      4.290750      0.000234     -0.016785    -11.274200
      4.290875      0.000139     -0.017100    -11.273914
      4.291000      0.000110     -0.017520    -11.273590
      4.291125      0.000102     -0.017964    -11.273263
      4.291250      0.000050     -0.018301    -11.272999
      4.291375      0.000001     -0.018517    -11.272859
      4.291500      0.000189     -0.018862    -11.272827
      4.291625      0.000501     -0.019289    -11.272837
      4.291750      0.000682     -0.019605    -11.272827
      4.291875      0.000698     -0.019807    -11.272766
      4.292000      0.000587     -0.019944    -11.272644
      4.292125      0.000398     -0.020064    -11.272460
      4.292250      0.000181     -0.020215    -11.272216
      4.292375     -0.000011     -0.020445    -11.271919
      4.292500     -0.000141     -0.020783    -11.271577
      4.292625     -0.000220     -0.021191    -11.271214
      4.292750     -0.000311     -0.021556    -11.270883
      4.292875     -0.000443     -0.021776    -11.270656
      4.293000     -0.000444     -0.021996    -11.270560
      4.293125     -0.000188     -0.022394    -11.270544
      4.293250      0.000043     -0.022756    -11.270537
      4.293375      0.000123     -0.023002    -11.270495
      4.293500      0.000068     -0.023169    -11.270399
      4.293625     -0.000076     -0.023306    -11.270244
      4.293750     -0.000261     -0.023459    -11.270030
      4.293875     -0.000437     -0.023675    -11.269763
      4.294000     -0.000558     -0.023995    -11.269448
      4.294125     -0.000609     -0.024416    -11.269100
      4.294250     -0.000636     -0.024858    -11.268757
      4.294375     -0.000701     -0.025189    -11.268485
      4.294500     -0.000751     -0.025407    -11.268342
      4.294625     -0.000546     -0.025767    -11.268312
      4.294750     -0.000220     -0.026205    -11.268326
      4.294875     -0.000016     -0.026537    -11.268323
      4.295000      0.000037     -0.026764    -11.268272
      4.295125     -0.000025     -0.026936    -11.268165
      4.295250     -0.000153     -0.027098    -11.267999
      4.295375     -0.000300     -0.027299    -11.267777
      4.295500     -0.000414     -0.027582    -11.267504
      4.295625     -0.000462     -0.027973    -11.267190
      4.295750     -0.000460     -0.028432    -11.266858
      4.295875     -0.000472     -0.028841    -11.266562
      4.296000     -0.000525     -0.029101    -11.266373
      4.296125     -0.000441     -0.029368    -11.266316
      4.296250     -0.000108     -0.029804    -11.266338
      4.296375      0.000187     -0.030193    -11.266369
      4.296500      0.000325     -0.030461    -11.266364
      4.296625      0.000326     -0.030647    -11.266305
      4.296750      0.000234     -0.030798    -11.266186
      4.296875      0.000098     -0.030962    -11.266011
      4.297000     -0.000034     -0.031184    -11.265782
      4.297125     -0.000115     -0.031505    -11.265505
      4.297250     -0.000133     -0.031921    -11.265196
      4.297375     -0.000134     -0.032349    -11.264892
      4.297500     -0.000179     -0.032659    -11.264662
      4.297625     -0.000209     -0.032855    -11.264561
      4.297750      0.000013     -0.033192    -11.264571
      4.297875      0.000343     -0.033596    -11.264622
      4.298000      0.000543     -0.033889    -11.264655
      4.298125      0.000588     -0.034074    -11.264639
      4.298250      0.000516     -0.034201    -11.264565
      4.298375      0.000375     -0.034318    -11.264432
      4.298500      0.000213     -0.034472    -11.264242
      4.298625      0.000082     -0.034707    -11.263999
      4.298750      0.000015     -0.035051    -11.263714
      4.298875     -0.000004     -0.035460    -11.263410
      4.299000     -0.000041     -0.035817    -11.263142
      4.299125     -0.000118     -0.036028    -11.262980
      4.299250     -0.000051     -0.036253    -11.262946
      4.299375      0.000261     -0.036649    -11.262987
      4.299500      0.000531     -0.037000    -11.263031
      4.299625      0.000646     -0.037235    -11.263036
      4.299750      0.000626     -0.037394    -11.262983
      4.299875      0.000517     -0.037526    -11.262866
      4.300000      0.000366     -0.037679    -11.262687
      4.300125      0.000224     -0.037899    -11.262450
      4.300250      0.000134     -0.038224    -11.262160
      4.300375      0.000109     -0.038651    -11.261833
      4.300500      0.000100     -0.039093    -11.261507
      4.300625      0.000044     -0.039419    -11.261250
      4.300750      0.000005     -0.039637    -11.261118
      4.300875      0.000215     -0.039998    -11.261091
      4.301000      0.000522     -0.040422    -11.261100
      4.301125      0.000690     -0.040729    -11.261086
      4.301250      0.000696     -0.040926    -11.261020
      4.301375      0.000579     -0.041062    -11.260892
      4.301500      0.000387     -0.041184    -11.260703
      4.301625      0.000171     -0.041341    -11.260455
      4.301750     -0.000018     -0.041579    -11.260153
      4.301875     -0.000142     -0.041925    -11.259808
      4.302000     -0.000220     -0.042336    -11.259444
      4.302125     -0.000314     -0.042695    -11.259116
      4.302250     -0.000446     -0.042909    -11.258895
      4.302375     -0.000429     -0.043142    -11.258804
      4.302500     -0.000166     -0.043545    -11.258789
      4.302625      0.000056     -0.043901    -11.258780
      4.302750      0.000126     -0.044143    -11.258734
      4.302875      0.000065     -0.044307    -11.258633
      4.303000     -0.000083     -0.044445    -11.258473
      4.303125     -0.000268     -0.044601    -11.258256
      4.303250     -0.000443     -0.044823    -11.257985
      4.303375     -0.000560     -0.045149    -11.257666
      4.303500     -0.000609     -0.045575    -11.257316
      4.303625     -0.000637     -0.046015    -11.256973
      4.303750     -0.000705     -0.046341    -11.256704
      4.303875     -0.000748     -0.046562    -11.256565
      4.304000     -0.000532     -0.046932    -11.256537
      4.304125     -0.000209     -0.047368    -11.256548
      4.304250     -0.000012     -0.047696    -11.256542
      4.304375      0.000034     -0.047921    -11.256488
      4.304500     -0.000031     -0.048092    -11.256377
      4.304625     -0.000161     -0.048256    -11.256208
      4.304750     -0.000307     -0.048460    -11.255983
      4.304875     -0.000420     -0.048748    -11.255707
      4.305000     -0.000466     -0.049144    -11.255390
      4.305125     -0.000463     -0.049605    -11.255057
      4.305250     -0.000477     -0.050012    -11.254761
      4.305375     -0.000530     -0.050271    -11.254574
      4.305500     -0.000438     -0.050544    -11.254518
      4.305625     -0.000103     -0.050983    -11.254539
      4.305750      0.000187     -0.051370    -11.254567
      4.305875      0.000322     -0.051638    -11.254560
      4.306000      0.000320     -0.051823    -11.254498
      4.306125      0.000228     -0.051976    -11.254377
      4.306250      0.000091     -0.052142    -11.254199
      4.306375     -0.000040     -0.052367    -11.253968
      4.306500     -0.000120     -0.052691    -11.253689
      4.306625     -0.000136     -0.053110    -11.253378
      4.306750     -0.000137     -0.053539    -11.253073
      4.306875     -0.000183     -0.053850    -11.252842
      4.307000     -0.000211     -0.054049    -11.252740
      4.307125      0.000014     -0.054390    -11.252749
      4.307250      0.000343     -0.054795    -11.252798
      4.307375      0.000542     -0.055089    -11.252828
      4.307500      0.000586     -0.055275    -11.252811
      4.307625      0.000514     -0.055404    -11.252735
      4.307750      0.000373     -0.055523    -11.252601
      4.307875      0.000212     -0.055678    -11.252410
      4.308000      0.000081     -0.055915    -11.252166
      4.308125      0.000015     -0.056260    -11.251880
      4.308250     -0.000005     -0.056670    -11.251575
      4.308375     -0.000041     -0.057029    -11.251305
      4.308500     -0.000118     -0.057242    -11.251140
      4.308625     -0.000053     -0.057468    -11.251103
      4.308750      0.000257     -0.057865    -11.251142
      4.308875      0.000527     -0.058216    -11.251186
      4.309000      0.000644     -0.058453    -11.251191
      4.309125      0.000625     -0.058612    -11.251138
      4.309250      0.000517     -0.058745    -11.251022
      4.309375      0.000366     -0.058898    -11.250844
      4.309500      0.000223     -0.059116    -11.250607
      4.309625      0.000132     -0.059439    -11.250318
      4.309750      0.000106     -0.059865    -11.249991
      4.309875      0.000097     -0.060308    -11.249664
      4.310000      0.000044     -0.060640    -11.249404
      4.310125      0.000003     -0.060860    -11.249268
      4.310250      0.000207     -0.061219    -11.249238
      4.310375      0.000517     -0.061646    -11.249246
      4.310500      0.000692     -0.061959    -11.249233
      4.310625      0.000704     -0.062162    -11.249168
      4.310750      0.000592     -0.062301    -11.249042
      4.310875      0.000404     -0.062425    -11.248854
      4.311000      0.000190     -0.062582    -11.248607
      4.311125      0.000001     -0.062819    -11.248307
      4.311250     -0.000126     -0.063163    -11.247962
      4.311375     -0.000204     -0.063574    -11.247597
      4.311500     -0.000297     -0.063939    -11.247264
      4.311625     -0.000429     -0.064160    -11.247037
      4.311750     -0.000424     -0.064387    -11.246939
      4.311875     -0.000167     -0.064788    -11.246920
      4.312000      0.000059     -0.065149    -11.246910
      4.312125      0.000135     -0.065395    -11.246865
      4.312250      0.000077     -0.065562    -11.246765
      4.312375     -0.000068     -0.065700    -11.246607
      4.312500     -0.000254     -0.065855    -11.246391
      4.312625     -0.000431     -0.066073    -11.246121
      4.312750     -0.000552     -0.066394    -11.245804
      4.312875     -0.000605     -0.066817    -11.245453
      4.313000     -0.000634     -0.067261    -11.245106
      4.313125     -0.000700     -0.067597    -11.244828
      4.313250     -0.000751     -0.067819    -11.244680
      4.313375     -0.000551     -0.068179    -11.244645
      4.313500     -0.000227     -0.068619    -11.244654
      4.313625     -0.000022     -0.068954    -11.244648
      4.313750      0.000031     -0.069185    -11.244596
      4.313875     -0.000029     -0.069359    -11.244487
      4.314000     -0.000157     -0.069524    -11.244319
      4.314125     -0.000304     -0.069725    -11.244096
      4.314250     -0.000420     -0.070007    -11.243822
      4.314375     -0.000471     -0.070398    -11.243506
      4.314500     -0.000470     -0.070859    -11.243171
      4.314625     -0.000482     -0.071276    -11.242868
      4.314750     -0.000535     -0.071546    -11.242669
      4.314875     -0.000462     -0.071811    -11.242603
      4.315000     -0.000136     -0.072246    -11.242618
      4.315125      0.000164     -0.072643    -11.242646
      4.315250      0.000310     -0.072920    -11.242640
      4.315375      0.000317     -0.073111    -11.242581
      4.315500      0.000229     -0.073266    -11.242463
      4.315625      0.000095     -0.073432    -11.242288
      4.315750     -0.000038     -0.073653    -11.242059
      4.315875     -0.000122     -0.073970    -11.241782
      4.316000     -0.000143     -0.074386    -11.241471
      4.316125     -0.000142     -0.074821    -11.241162
      4.316250     -0.000183     -0.075148    -11.240919
      4.316375     -0.000221     -0.075351    -11.240804
      4.316500     -0.000018     -0.075678    -11.240803
      4.316625      0.000315     -0.076090    -11.240850
      4.316750      0.000528     -0.076396    -11.240882
      4.316875      0.000585     -0.076592    -11.240868
      4.317000      0.000522     -0.076725    -11.240796
      4.317125      0.000385     -0.076845    -11.240666
      4.317250      0.000225     -0.076997    -11.240478
      4.317375      0.000090     -0.077226    -11.240238
      4.317500      0.000017     -0.077563    -11.239954
      4.317625     -0.000004     -0.077973    -11.239648
      4.317750     -0.000037     -0.078344    -11.239369
      4.317875     -0.000113     -0.078572    -11.239190
      4.318000     -0.000074     -0.078785    -11.239142
      4.318125      0.000223     -0.079173    -11.239175
      4.318250      0.000506     -0.079535    -11.239220
      4.318375      0.000637     -0.079782    -11.239230
      4.318500      0.000629     -0.079947    -11.239182
      4.318625      0.000527     -0.080080    -11.239072
      4.318750      0.000378     -0.080228    -11.238901
      4.318875      0.000232     -0.080437    -11.238670
      4.319000      0.000134     -0.080748    -11.238386
      4.319125      0.000103     -0.081166    -11.238062
      4.319250      0.000096     -0.081615    -11.237732
      4.319375      0.000049     -0.081964    -11.237460
      4.319500     -0.000003     -0.082188    -11.237309
      4.319625      0.000174     -0.082529    -11.237270
      4.319750      0.000491     -0.082964    -11.237277
      4.319875      0.000686     -0.083293    -11.237268
      4.320000      0.000717     -0.083508    -11.237209
      4.320125      0.000619     -0.083655    -11.237089
      4.320250      0.000439     -0.083781    -11.236908
      4.320375      0.000226     -0.083935    -11.236667
      4.320500      0.000033     -0.084162    -11.236371
      4.320625     -0.000100     -0.084495    -11.236030
      4.320750     -0.000181     -0.084905    -11.235664
      4.320875     -0.000269     -0.085284    -11.235322
      4.321000     -0.000401     -0.085522    -11.235077
      4.321125     -0.000428     -0.085734    -11.234964
      4.321250     -0.000189     -0.086123    -11.234938
      4.321375      0.000051     -0.086497    -11.234928
      4.321500      0.000143     -0.086756    -11.234887
      4.321625      0.000098     -0.086930    -11.234793
      4.321750     -0.000040     -0.087069    -11.234640
      4.321875     -0.000225     -0.087220    -11.234430
      4.322000     -0.000407     -0.087429    -11.234165
      4.322125     -0.000538     -0.087736    -11.233851
      4.322250     -0.000599     -0.088150    -11.233502
      4.322375     -0.000627     -0.088599    -11.233149
      4.322500     -0.000689     -0.088956    -11.232856
      4.322625     -0.000754     -0.089183    -11.232688
      4.322750     -0.000592     -0.089519    -11.232640
      4.322875     -0.000266     -0.089964    -11.232645
      4.323000     -0.000042     -0.090316    -11.232642
      4.323125      0.000028     -0.090559    -11.232595
      4.323250     -0.000020     -0.090738    -11.232492
      4.323375     -0.000142     -0.090903    -11.232330
      4.323500     -0.000290     -0.091097    -11.232113
      4.323625     -0.000413     -0.091368    -11.231844
      4.323750     -0.000473     -0.091746    -11.231531
      4.323875     -0.000477     -0.092205    -11.231194
      4.324000     -0.000483     -0.092637    -11.230880
      4.324125     -0.000535     -0.092929    -11.230661
      4.324250     -0.000496     -0.093178    -11.230576
      4.324375     -0.000191     -0.093601    -11.230583
      4.324500      0.000125     -0.094015    -11.230611
      4.324625      0.000292     -0.094308    -11.230610
      4.324750      0.000316     -0.094509    -11.230556
      4.324875      0.000239     -0.094668    -11.230445
      4.325000      0.000108     -0.094831    -11.230277
      4.325125     -0.000027     -0.095044    -11.230054
      4.325250     -0.000120     -0.095348    -11.229782
      4.325375     -0.000148     -0.095755    -11.229472
      4.325500     -0.000145     -0.096197    -11.229157
      4.325625     -0.000179     -0.096548    -11.228898
      4.325750     -0.000228     -0.096760    -11.228761
      4.325875     -0.000067     -0.097062    -11.228746
      4.326000      0.000269     -0.097481    -11.228788
      4.326125      0.000505     -0.097806    -11.228824
      4.326250      0.000583     -0.098016    -11.228816
      4.326375      0.000534     -0.098158    -11.228752
      4.326500      0.000406     -0.098278    -11.228629
      4.326625      0.000247     -0.098424    -11.228448
      4.326750      0.000105     -0.098641    -11.228215
      4.326875      0.000023     -0.098963    -11.227935
      4.327000     -0.000003     -0.099369    -11.227628
      4.327125     -0.000029     -0.099756    -11.227340
      4.327250     -0.000102     -0.100008    -11.227140
      4.327375     -0.000099     -0.100204    -11.227072
      4.327500      0.000172     -0.100576    -11.227096
      4.327625      0.000471     -0.100954    -11.227143
      4.327750      0.000625     -0.101217    -11.227159
      4.327875      0.000636     -0.101391    -11.227120
      4.328000      0.000545     -0.101526    -11.227019
      4.328125      0.000400     -0.101669    -11.226856
      4.328250      0.000250     -0.101866    -11.226634
      4.328375      0.000143     -0.102160    -11.226358
      4.328500      0.000102     -0.102565    -11.226038
      4.328625      0.000096     -0.103017    -11.225704
      4.328750      0.000058     -0.103391    -11.225417
      4.328875     -0.000005     -0.103626    -11.225244
      4.329000      0.000128     -0.103938    -11.225191
      4.329125      0.000447     -0.104377    -11.225194
      4.329250      0.000669     -0.104729    -11.225189
      4.329375      0.000725     -0.104961    -11.225139
      4.329500      0.000646     -0.105117    -11.225028
      4.329625      0.000477     -0.105246    -11.224856
      4.329750      0.000267     -0.105393    -11.224624
      4.329875      0.000068     -0.105608    -11.224336
      4.330000     -0.000075     -0.105925    -11.223999
      4.330125     -0.000162     -0.106330    -11.223633
      4.330250     -0.000245     -0.106724    -11.223281
      4.330375     -0.000373     -0.106988    -11.223014
      4.330500     -0.000437     -0.107185    -11.222879
      4.330625     -0.000230     -0.107554    -11.222842
      4.330750      0.000026     -0.107944    -11.222832
      4.330875      0.000143     -0.108221    -11.222797
      4.331000      0.000117     -0.108406    -11.222711
      4.331125     -0.000010     -0.108549    -11.222566
      4.331250     -0.000190     -0.108696    -11.222364
      4.331375     -0.000376     -0.108892    -11.222107
      4.331500     -0.000519     -0.109182    -11.221799
      4.331625     -0.000591     -0.109582    -11.221452
      4.331750     -0.000621     -0.110035    -11.221094
      4.331875     -0.000674     -0.110417    -11.220784
      4.332000     -0.000752     -0.110658    -11.220591
      4.332125     -0.000640     -0.110961    -11.220524
      4.332250     -0.000318     -0.111408    -11.220524
      4.332375     -0.000070     -0.111782    -11.220524
      4.332500      0.000025     -0.112041    -11.220484
      4.332625     -0.000007     -0.112229    -11.220389
      4.332750     -0.000120     -0.112394    -11.220236
      4.332875     -0.000266     -0.112581    -11.220027
      4.333000     -0.000397     -0.112837    -11.219765
      4.333125     -0.000470     -0.113198    -11.219457
      4.333250     -0.000480     -0.113650    -11.219121
      4.333375     -0.000481     -0.114098    -11.218796
      4.333500     -0.000526     -0.114420    -11.218554
      4.333625     -0.000524     -0.114657    -11.218444
      4.333750     -0.000255     -0.115056    -11.218439
      4.333875      0.000078     -0.115487    -11.218466
      4.334000      0.000273     -0.115802    -11.218470
      4.334125      0.000318     -0.116018    -11.218426
      4.334250      0.000256     -0.116182    -11.218324
      4.334375      0.000131     -0.116342    -11.218164
      4.334500     -0.000007     -0.116544    -11.217950
      4.334625     -0.000110     -0.116831    -11.217684
      4.334750     -0.000148     -0.117223    -11.217379
      4.334875     -0.000146     -0.117670    -11.217060
      4.335000     -0.000169     -0.118048    -11.216783
      4.335125     -0.000228     -0.118279    -11.216619
      4.335250     -0.000119     -0.118548    -11.216584
      4.335375      0.000210     -0.118966    -11.216620
      4.335500      0.000474     -0.119315    -11.216659
      4.335625      0.000579     -0.119544    -11.216659
      4.335750      0.000550     -0.119696    -11.216604
      4.335875      0.000433     -0.119817    -11.216491
      4.336000      0.000276     -0.119956    -11.216320
      4.336125      0.000127     -0.120158    -11.216095
      4.336250      0.000033     -0.120462    -11.215821
      4.336375     -0.000000     -0.120859    -11.215516
      4.336500     -0.000021     -0.121261    -11.215217
      4.336625     -0.000087     -0.121544    -11.214994
      4.336750     -0.000119     -0.121731    -11.214900
      4.336875      0.000110     -0.122073    -11.214911
      4.337000      0.000425     -0.122468    -11.214957
      4.337125      0.000608     -0.122753    -11.214980
      4.337250      0.000643     -0.122941    -11.214952
      4.337375      0.000567     -0.123081    -11.214862
      4.337500      0.000429     -0.123220    -11.214710
      4.337625      0.000277     -0.123404    -11.214498
      4.337750      0.000158     -0.123678    -11.214230
      4.337875      0.000106     -0.124065    -11.213916
      4.338000      0.000098     -0.124519    -11.213580
      4.338125      0.000070     -0.124919    -11.213276
      4.338250      0.000002     -0.125176    -11.213076
      4.338375      0.000079     -0.125453    -11.213001
      4.338500      0.000387     -0.125889    -11.212998
      4.338625      0.000638     -0.126266    -11.212997
      4.338750      0.000725     -0.126519    -11.212956
      4.338875      0.000668     -0.126687    -11.212856
      4.339000      0.000512     -0.126818    -11.212695
      4.339125      0.000307     -0.126959    -11.212473
      4.339250      0.000102     -0.127158    -11.212194
      4.339375     -0.000055     -0.127455    -11.211865
      4.339500     -0.000150     -0.127849    -11.211501
      4.339625     -0.000228     -0.128258    -11.211139
      4.339750     -0.000348     -0.128555    -11.210848
      4.339875     -0.000446     -0.128745    -11.210684
      4.340000     -0.000288     -0.129081    -11.210631
      4.340125     -0.000018     -0.129487    -11.210620
      4.340250      0.000129     -0.129788    -11.210591
      4.340375      0.000129     -0.129989    -11.210515
      4.340500      0.000020     -0.130138    -11.210382
      4.340625     -0.000154     -0.130282    -11.210190
      4.340750     -0.000342     -0.130466    -11.209942
      4.340875     -0.000496     -0.130735    -11.209643
      4.341000     -0.000582     -0.131116    -11.209302
      4.341125     -0.000615     -0.131569    -11.208941
      4.341250     -0.000659     -0.131978    -11.208613
      4.341375     -0.000741     -0.132245    -11.208390
      4.341500     -0.000689     -0.132513    -11.208298
      4.341625     -0.000384     -0.132952    -11.208289
      4.341750     -0.000108     -0.133351    -11.208292
      4.341875      0.000018     -0.133632    -11.208261
      4.342000      0.000009     -0.133832    -11.208177
      4.342125     -0.000090     -0.133999    -11.208036
      4.342250     -0.000234     -0.134179    -11.207837
      4.342375     -0.000372     -0.134418    -11.207585
      4.342500     -0.000458     -0.134757    -11.207285
      4.342625     -0.000478     -0.135196    -11.206950
      4.342750     -0.000475     -0.135658    -11.206617
      4.342875     -0.000511     -0.136015    -11.206349
      4.343000     -0.000540     -0.136251    -11.206209
      4.343125     -0.000327     -0.136613    -11.206185
      4.343250      0.000018     -0.137060    -11.206209
      4.343375      0.000247     -0.137402    -11.206220
      4.343500      0.000322     -0.137635    -11.206187
      4.343625      0.000279     -0.137808    -11.206096
      4.343750      0.000164     -0.137966    -11.205948
      4.343875      0.000025     -0.138156    -11.205744
      4.344000     -0.000090     -0.138422    -11.205488
      4.344125     -0.000142     -0.138794    -11.205189
      4.344250     -0.000144     -0.139238    -11.204868
      4.344375     -0.000157     -0.139644    -11.204574
      4.344500     -0.000216     -0.139905    -11.204379
      4.344625     -0.000168     -0.140141    -11.204316
      4.344750      0.000137     -0.140545    -11.204341
      4.344875      0.000430     -0.140922    -11.204383
      4.345000      0.000569     -0.141176    -11.204393
      4.345125      0.000567     -0.141341    -11.204350
      4.345250      0.000465     -0.141467    -11.204249
      4.345375      0.000313     -0.141598    -11.204090
      4.345500      0.000158     -0.141783    -11.203875
      4.345625      0.000049     -0.142063    -11.203611
      4.345750      0.000004     -0.142445    -11.203310
      4.345875     -0.000013     -0.142859    -11.203003
      4.346000     -0.000068     -0.143179    -11.202754
      4.346125     -0.000129     -0.143370    -11.202627
      4.346250      0.000036     -0.143669    -11.202617
      4.346375      0.000361     -0.144076    -11.202660
      4.346500      0.000581     -0.144390    -11.202690
      4.346625      0.000647     -0.144598    -11.202674
      4.346750      0.000594     -0.144746    -11.202597
      4.346875      0.000466     -0.144883    -11.202458
      4.347000      0.000313     -0.145054    -11.202259
      4.347125      0.000183     -0.145305    -11.202002
      4.347250      0.000114     -0.145668    -11.201696
      4.347375      0.000101     -0.146116    -11.201360
      4.347500      0.000084     -0.146544    -11.201040
      4.347625      0.000017     -0.146835    -11.200807
      4.347750      0.000033     -0.147081    -11.200703
      4.347875      0.000308     -0.147496    -11.200687
      4.348000      0.000590     -0.147901    -11.200689
      4.348125      0.000716     -0.148182    -11.200658
      4.348250      0.000689     -0.148366    -11.200572
      4.348375      0.000552     -0.148502    -11.200425
      4.348500      0.000353     -0.148637    -11.200216
      4.348625      0.000142     -0.148818    -11.199950
      4.348750     -0.000030     -0.149089    -11.199631
      4.348875     -0.000138     -0.149465    -11.199272
      4.349000     -0.000214     -0.149883    -11.198903
      4.349125     -0.000321     -0.150220    -11.198584
      4.349250     -0.000444     -0.150421    -11.198385
      4.349375     -0.000359     -0.150708    -11.198308
      4.349500     -0.000086     -0.151124    -11.198291
      4.349625      0.000101     -0.151457    -11.198269
      4.349750      0.000137     -0.151681    -11.198206
      4.349875      0.000051     -0.151840    -11.198086
      4.350000     -0.000109     -0.151982    -11.197908
      4.350125     -0.000298     -0.152154    -11.197674
      4.350250     -0.000464     -0.152399    -11.197387
      4.350375     -0.000568     -0.152753    -11.197054
      4.350500     -0.000610     -0.153197    -11.196694
      4.350625     -0.000644     -0.153633    -11.196348
      4.350750     -0.000721     -0.153940    -11.196090
      4.350875     -0.000731     -0.154180    -11.195964
      4.351000     -0.000472     -0.154589    -11.195939
      4.351125     -0.000166     -0.155016    -11.195943
      4.351250      0.000001     -0.155328    -11.195923
      4.351375      0.000024     -0.155546    -11.195853
      4.351500     -0.000055     -0.155719    -11.195726
      4.351625     -0.000191     -0.155893    -11.195542
      4.351750     -0.000335     -0.156113    -11.195303
      4.351875     -0.000438     -0.156423    -11.195014
      4.352000     -0.000475     -0.156840    -11.194686
      4.352125     -0.000471     -0.157309    -11.194345
      4.352250     -0.000492     -0.157708    -11.194050
      4.352375     -0.000542     -0.157964    -11.193870
      4.352500     -0.000410     -0.158272    -11.193817
      4.352625     -0.000067     -0.158724    -11.193834
      4.352750      0.000203     -0.159101    -11.193852
      4.352875      0.000319     -0.159362    -11.193832
      4.353000      0.000304     -0.159547    -11.193757
      4.353125      0.000205     -0.159706    -11.193624
      4.353250      0.000067     -0.159883    -11.193435
      4.353375     -0.000059     -0.160124    -11.193192
      4.353500     -0.000131     -0.160467    -11.192903
      4.353625     -0.000142     -0.160899    -11.192583
      4.353750     -0.000146     -0.161332    -11.192273
      4.353875     -0.000195     -0.161639    -11.192040
      4.354000     -0.000208     -0.161853    -11.191939
      4.354125      0.000038     -0.162218    -11.191945
      4.354250      0.000360     -0.162624    -11.191986
      4.354375      0.000546     -0.162913    -11.192008
      4.354500      0.000581     -0.163100    -11.191980
      4.354625      0.000503     -0.163233    -11.191895
      4.354750      0.000361     -0.163359    -11.191752
      4.354875      0.000202     -0.163524    -11.191553
      4.355000      0.000075     -0.163774    -11.191301
      4.355125      0.000012     -0.164130    -11.191008
      4.355250     -0.000007     -0.164548    -11.190696
      4.355375     -0.000045     -0.164911    -11.190419
      4.355500     -0.000121     -0.165130    -11.190249
      4.355625     -0.000045     -0.165372    -11.190208
      4.355750      0.000267     -0.165776    -11.190241
      4.355875      0.000531     -0.166128    -11.190278
      4.356000      0.000642     -0.166366    -11.190277
      4.356125      0.000621     -0.166528    -11.190218
      4.356250      0.000512     -0.166665    -11.190097
      4.356375      0.000362     -0.166823    -11.189914
      4.356500      0.000220     -0.167046    -11.189674
      4.356625      0.000130     -0.167375    -11.189381
      4.356750      0.000104     -0.167806    -11.189049
      4.356875      0.000095     -0.168256    -11.188714
      4.357000      0.000042     -0.168598    -11.188444
      4.357125      0.000002     -0.168829    -11.188297
      4.357250      0.000204     -0.169195    -11.188259
      4.357375      0.000513     -0.169628    -11.188260
      4.357500      0.000691     -0.169949    -11.188242
      4.357625      0.000708     -0.170159    -11.188174
      4.357750      0.000600     -0.170306    -11.188045
      4.357875      0.000416     -0.170436    -11.187854
      4.358000      0.000203     -0.170598    -11.187605
      4.358125      0.000013     -0.170837    -11.187302
      4.358250     -0.000115     -0.171182    -11.186953
      4.358375     -0.000195     -0.171600    -11.186581
      4.358500     -0.000286     -0.171979    -11.186235
      4.358625     -0.000417     -0.172219    -11.185989
      4.358750     -0.000428     -0.172448    -11.185874
      4.358875     -0.000181     -0.172850    -11.185844
      4.359000      0.000052     -0.173223    -11.185829
      4.359125      0.000137     -0.173481    -11.185780
      4.359250      0.000088     -0.173658    -11.185679
      4.359375     -0.000052     -0.173803    -11.185520
      4.359500     -0.000235     -0.173961    -11.185304
      4.359625     -0.000414     -0.174178    -11.185033
      4.359750     -0.000542     -0.174494    -11.184714
      4.359875     -0.000600     -0.174916    -11.184358
      4.360000     -0.000629     -0.175372    -11.184000
      4.360125     -0.000690     -0.175734    -11.183701
      4.360250     -0.000753     -0.175971    -11.183526
      4.360375     -0.000585     -0.176318    -11.183472
      4.360500     -0.000260     -0.176768    -11.183472
      4.360625     -0.000039     -0.177123    -11.183463
      4.360750      0.000031     -0.177370    -11.183411
      4.360875     -0.000017     -0.177554    -11.183304
      4.361000     -0.000138     -0.177724    -11.183139
      4.361125     -0.000284     -0.177923    -11.182918
      4.361250     -0.000407     -0.178198    -11.182645
      4.361375     -0.000467     -0.178580    -11.182328
      4.361500     -0.000471     -0.179044    -11.181986
      4.361625     -0.000477     -0.179485    -11.181664
      4.361750     -0.000527     -0.179789    -11.181434
      4.361875     -0.000493     -0.180045    -11.181337
      4.362000     -0.000195     -0.180470    -11.181336
      4.362125      0.000123     -0.180891    -11.181358
      4.362250      0.000295     -0.181192    -11.181353
      4.362375      0.000323     -0.181400    -11.181298
      4.362500      0.000250     -0.181564    -11.181185
      4.362625      0.000121     -0.181731    -11.181016
      4.362750     -0.000015     -0.181944    -11.180791
      4.362875     -0.000111     -0.182247    -11.180518
      4.363000     -0.000142     -0.182653    -11.180205
      4.363125     -0.000140     -0.183102    -11.179883
      4.363250     -0.000170     -0.183470    -11.179610
      4.363375     -0.000224     -0.183696    -11.179455
      4.363500     -0.000084     -0.183991    -11.179425
      4.363625      0.000248     -0.184414    -11.179460
      4.363750      0.000494     -0.184752    -11.179492
      4.363875      0.000583     -0.184974    -11.179484
      4.364000      0.000544     -0.185123    -11.179420
      4.364125      0.000421     -0.185248    -11.179298
      4.364250      0.000263     -0.185394    -11.179119
      4.364375      0.000118     -0.185607    -11.178887
      4.364500      0.000029     -0.185923    -11.178607
      4.364625     -0.000000     -0.186329    -11.178296
      4.364750     -0.000024     -0.186731    -11.177995
      4.364875     -0.000092     -0.187009    -11.177774
      4.365000     -0.000112     -0.187206    -11.177682
      4.365125      0.000133     -0.187566    -11.177692
      4.365250      0.000443     -0.187959    -11.177734
      4.365375      0.000616     -0.188241    -11.177750
      4.365500      0.000643     -0.188429    -11.177714
      4.365625      0.000564     -0.188572    -11.177617
      4.365750      0.000425     -0.188717    -11.177458
      4.365875      0.000274     -0.188909    -11.177240
      4.366000      0.000159     -0.189192    -11.176966
      4.366125      0.000109     -0.189588    -11.176646
      4.366250      0.000102     -0.190046    -11.176305
      4.366375      0.000071     -0.190448    -11.175998
      4.366500      0.000002     -0.190708    -11.175794
      4.366625      0.000086     -0.190995    -11.175716
      4.366750      0.000393     -0.191435    -11.175708
      4.366875      0.000637     -0.191810    -11.175702
      4.367000      0.000719     -0.192063    -11.175656
      4.367125      0.000658     -0.192231    -11.175552
      4.367250      0.000501     -0.192364    -11.175386
      4.367375      0.000294     -0.192508    -11.175161
      4.367500      0.000089     -0.192710    -11.174879
      4.367625     -0.000067     -0.193011    -11.174547
      4.367750     -0.000162     -0.193409    -11.174179
      4.367875     -0.000239     -0.193823    -11.173812
      4.368000     -0.000358     -0.194129    -11.173513
      4.368125     -0.000456     -0.194328    -11.173341
      4.368250     -0.000302     -0.194666    -11.173282
      4.368375     -0.000032     -0.195078    -11.173266
      4.368500      0.000120     -0.195386    -11.173234
      4.368625      0.000124     -0.195593    -11.173156
      4.368750      0.000019     -0.195747    -11.173022
      4.368875     -0.000151     -0.195895    -11.172829
      4.369000     -0.000338     -0.196082    -11.172581
      4.369125     -0.000493     -0.196351    -11.172281
      4.369250     -0.000581     -0.196731    -11.171938
      4.369375     -0.000615     -0.197187    -11.171573
      4.369500     -0.000656     -0.197608    -11.171236
      4.369625     -0.000736     -0.197889    -11.170999
      4.369750     -0.000699     -0.198156    -11.170895
      4.369875     -0.000404     -0.198593    -11.170877
      4.370000     -0.000120     -0.199003    -11.170877
      4.370125      0.000016     -0.199295    -11.170846
      4.370250      0.000016     -0.199503    -11.170763
      4.370375     -0.000078     -0.199675    -11.170622
      4.370500     -0.000218     -0.199856    -11.170426
      4.370625     -0.000358     -0.200092    -11.170175
      4.370750     -0.000450     -0.200425    -11.169876
      4.370875     -0.000475     -0.200860    -11.169540
      4.371000     -0.000471     -0.201330    -11.169199
      4.371125     -0.000502     -0.201708    -11.168915
      4.371250     -0.000541     -0.201955    -11.168754
      4.371375     -0.000360     -0.202301    -11.168714
      4.371500     -0.000014     -0.202754    -11.168731
      4.371625      0.000231     -0.203114    -11.168742
      4.371750      0.000322     -0.203361    -11.168711
      4.371875      0.000291     -0.203542    -11.168624
      4.372000      0.000183     -0.203703    -11.168480
      4.372125      0.000045     -0.203890    -11.168280
      4.372250     -0.000075     -0.204147    -11.168028
      4.372375     -0.000137     -0.204508    -11.167731
      4.372500     -0.000143     -0.204951    -11.167406
      4.372625     -0.000151     -0.205376    -11.167098
      4.372750     -0.000206     -0.205667    -11.166877
      4.372875     -0.000193     -0.205893    -11.166789
      4.373000      0.000082     -0.206283    -11.166799
      4.373125      0.000391     -0.206679    -11.166837
      4.373250      0.000556     -0.206956    -11.166850
      4.373375      0.000575     -0.207136    -11.166813
      4.373500      0.000488     -0.207269    -11.166719
      4.373625      0.000342     -0.207400    -11.166566
      4.373750      0.000184     -0.207576    -11.166359
      4.373875      0.000064     -0.207839    -11.166100
      4.374000      0.000009     -0.208209    -11.165800
      4.374125     -0.000009     -0.208630    -11.165486
      4.374250     -0.000053     -0.208984    -11.165213
      4.374375     -0.000126     -0.209197    -11.165052
      4.374500     -0.000021     -0.209462    -11.165017
      4.374625      0.000296     -0.209872    -11.165050
      4.374750      0.000546     -0.210214    -11.165083
      4.374875      0.000644     -0.210444    -11.165074
      4.375000      0.000613     -0.210605    -11.165008
      4.375125      0.000499     -0.210744    -11.164880
      4.375250      0.000348     -0.210906    -11.164692
      4.375375      0.000208     -0.211138    -11.164446
      4.375500      0.000124     -0.211476    -11.164148
      4.375625      0.000101     -0.211914    -11.163813
      4.375750      0.000091     -0.212363    -11.163478
      4.375875      0.000035     -0.212699    -11.163211
      4.376000      0.000004     -0.212935    -11.163069
      4.376125      0.000223     -0.213315    -11.163033
      4.376250      0.000529     -0.213747    -11.163032
      4.376375      0.000699     -0.214064    -11.163010
      4.376500      0.000710     -0.214273    -11.162937
      4.376625      0.000600     -0.214422    -11.162803
      4.376750      0.000416     -0.214557    -11.162609
      4.376875      0.000205     -0.214724    -11.162356
      4.377000      0.000020     -0.214971    -11.162049
      4.377125     -0.000105     -0.215323    -11.161697
      4.377250     -0.000184     -0.215744    -11.161322
      4.377375     -0.000276     -0.216124    -11.160975
      4.377500     -0.000407     -0.216364    -11.160729
      4.377625     -0.000411     -0.216601    -11.160613
      4.377750     -0.000162     -0.217007    -11.160580
      4.377875      0.000066     -0.217379    -11.160561
      4.378000      0.000147     -0.217637    -11.160510
      4.378125      0.000095     -0.217815    -11.160405
      4.378250     -0.000046     -0.217961    -11.160243
      4.378375     -0.000230     -0.218121    -11.160024
      4.378500     -0.000409     -0.218340    -11.159750
      4.378625     -0.000538     -0.218659    -11.159429
      4.378750     -0.000597     -0.219083    -11.159071
      4.378875     -0.000626     -0.219541    -11.158708
      4.379000     -0.000689     -0.219907    -11.158404
      4.379125     -0.000753     -0.220149    -11.158224
      4.379250     -0.000590     -0.220496    -11.158164
      4.379375     -0.000267     -0.220949    -11.158160
      4.379500     -0.000045     -0.221307    -11.158148
      4.379625      0.000027     -0.221558    -11.158094
      4.379750     -0.000020     -0.221745    -11.157985
      4.379875     -0.000140     -0.221917    -11.157818
      4.380000     -0.000286     -0.222118    -11.157596
      4.380125     -0.000411     -0.222392    -11.157322
      4.380250     -0.000474     -0.222772    -11.157004
      4.380375     -0.000480     -0.223237    -11.156658
      4.380500     -0.000485     -0.223685    -11.156330
      4.380625     -0.000535     -0.224001    -11.156090
      4.380750     -0.000511     -0.224257    -11.155982
      4.380875     -0.000223     -0.224679    -11.155973
      4.381000      0.000099     -0.225107    -11.155992
      4.381125      0.000278     -0.225417    -11.155986
      4.381250      0.000313     -0.225633    -11.155930
      4.381375      0.000245     -0.225802    -11.155818
      4.381500      0.000119     -0.225970    -11.155649
      4.381625     -0.000017     -0.226182    -11.155425
      4.381750     -0.000116     -0.226482    -11.155152
      4.381875     -0.000151     -0.226885    -11.154839
      4.382000     -0.000149     -0.227339    -11.154512
      4.382125     -0.000175     -0.227723    -11.154227
      4.382250     -0.000231     -0.227963    -11.154056
      4.382375     -0.000115     -0.228248    -11.154012
      4.382500      0.000213     -0.228673    -11.154040
      4.382625      0.000472     -0.229026    -11.154071
      4.382750      0.000575     -0.229261    -11.154064
      4.382875      0.000547     -0.229419    -11.154003
      4.383000      0.000432     -0.229548    -11.153884
      4.383125      0.000277     -0.229694    -11.153708
      4.383250      0.000129     -0.229901    -11.153478
      4.383375      0.000034     -0.230209    -11.153200
      4.383500     -0.000000     -0.230611    -11.152889
      4.383625     -0.000021     -0.231024    -11.152581
      4.383750     -0.000084     -0.231324    -11.152342
      4.383875     -0.000123     -0.231521    -11.152231
      4.384000      0.000091     -0.231862    -11.152229
      4.384125      0.000407     -0.232265    -11.152267
      4.384250      0.000598     -0.232562    -11.152287
      4.384375      0.000642     -0.232760    -11.152257
      4.384500      0.000573     -0.232906    -11.152168
      4.384625      0.000440     -0.233048    -11.152017
      4.384750      0.000287     -0.233231    -11.151807
      4.384875      0.000164     -0.233498    -11.151541
      4.385000      0.000105     -0.233878    -11.151227
      4.385125      0.000095     -0.234334    -11.150886
      4.385250      0.000072     -0.234755    -11.150567
      4.385375      0.000005     -0.235038    -11.150342
      4.385500      0.000050     -0.235306    -11.150245
      4.385625      0.000343     -0.235739    -11.150229
      4.385750      0.000614     -0.236138    -11.150226
      4.385875      0.000727     -0.236415    -11.150187
      4.386000      0.000693     -0.236600    -11.150093
      4.386125      0.000555     -0.236743    -11.149937
      4.386250      0.000359     -0.236887    -11.149722
      4.386375      0.000154     -0.237081    -11.149449
      4.386500     -0.000010     -0.237366    -11.149124
      4.386625     -0.000113     -0.237753    -11.148760
      4.386750     -0.000188     -0.238176    -11.148386
      4.386875     -0.000297     -0.238513    -11.148064
      4.387000     -0.000417     -0.238721    -11.147862
      4.387125     -0.000322     -0.239022    -11.147781
      4.387250     -0.000051     -0.239441    -11.147758
      4.387375      0.000128     -0.239772    -11.147730
      4.387500      0.000157     -0.239997    -11.147660
      4.387625      0.000069     -0.240159    -11.147535
      4.387750     -0.000094     -0.240305    -11.147351
      4.387875     -0.000283     -0.240480    -11.147112
      4.388000     -0.000451     -0.240729    -11.146820
      4.388125     -0.000558     -0.241085    -11.146482
      4.388250     -0.000602     -0.241532    -11.146116
      4.388375     -0.000638     -0.241975    -11.145762
      4.388500     -0.000716     -0.242293    -11.145491
      4.388625     -0.000734     -0.242539    -11.145352
      4.388750     -0.000486     -0.242948    -11.145316
      4.388875     -0.000181     -0.243382    -11.145312
      4.389000     -0.000011     -0.243702    -11.145287
      4.389125      0.000016     -0.243927    -11.145214
      4.389250     -0.000060     -0.244106    -11.145084
      4.389375     -0.000194     -0.244283    -11.144898
      4.389500     -0.000339     -0.244503    -11.144657
      4.389625     -0.000448     -0.244810    -11.144366
      4.389750     -0.000491     -0.245225    -11.144035
      4.389875     -0.000490     -0.245699    -11.143686
      4.390000     -0.000508     -0.246118    -11.143374
      4.390125     -0.000561     -0.246394    -11.143171
      4.390250     -0.000460     -0.246693    -11.143097
      4.390375     -0.000127     -0.247146    -11.143101
      4.390500      0.000157     -0.247542    -11.143114
      4.390625      0.000288     -0.247820    -11.143093
      4.390750      0.000287     -0.248019    -11.143019
      4.390875      0.000197     -0.248185    -11.142887
      4.391000      0.000064     -0.248364    -11.142699
      4.391125     -0.000066     -0.248601    -11.142458
      4.391250     -0.000146     -0.248935    -11.142169
      4.391375     -0.000164     -0.249365    -11.141846
      4.391500     -0.000163     -0.249815    -11.141522
      4.391625     -0.000203     -0.250161    -11.141261
      4.391750     -0.000238     -0.250386    -11.141127
      4.391875     -0.000037     -0.250730    -11.141109
      4.392000      0.000295     -0.251154    -11.141141
      4.392125      0.000510     -0.251474    -11.141161
      4.392250      0.000573     -0.251685    -11.141138
      4.392375      0.000516     -0.251833    -11.141059
      4.392500      0.000386     -0.251964    -11.140922
      4.392625      0.000229     -0.252125    -11.140729
      4.392750      0.000093     -0.252360    -11.140483
      4.392875      0.000017     -0.252700    -11.140193
      4.393000     -0.000006     -0.253118    -11.139876
      4.393125     -0.000035     -0.253513    -11.139577
      4.393250     -0.000108     -0.253774    -11.139368
      4.393375     -0.000096     -0.253990    -11.139290
      4.393500      0.000178     -0.254374    -11.139305
      4.393625      0.000471     -0.254754    -11.139342
      4.393750      0.000619     -0.255020    -11.139350
      4.393875      0.000628     -0.255199    -11.139304
      4.394000      0.000537     -0.255338    -11.139199
      4.394125      0.000393     -0.255486    -11.139033
      4.394250      0.000243     -0.255685    -11.138808
      4.394375      0.000134     -0.255980    -11.138530
      4.394500      0.000091     -0.256385    -11.138207
      4.394625      0.000085     -0.256843    -11.137866
      4.394750      0.000050     -0.257235    -11.137565
      4.394875     -0.000012     -0.257490    -11.137373
      4.395000      0.000105     -0.257802    -11.137303
      4.395125      0.000423     -0.258251    -11.137297
      4.395250      0.000662     -0.258623    -11.137289
      4.395375      0.000740     -0.258877    -11.137239
      4.395500      0.000682     -0.259052    -11.137130
      4.395625      0.000531     -0.259196    -11.136960
      4.395750      0.000333     -0.259353    -11.136730
      4.395875      0.000138     -0.259569    -11.136444
      4.396000     -0.000009     -0.259883    -11.136108
      4.396125     -0.000098     -0.260290    -11.135737
      4.396250     -0.000176     -0.260706    -11.135368
      4.396375     -0.000297     -0.261010    -11.135068
      4.396500     -0.000391     -0.261214    -11.134895
      4.396625     -0.000231     -0.261561    -11.134833
      4.396750      0.000032     -0.261970    -11.134812
      4.396875      0.000173     -0.262273    -11.134775
      4.397000      0.000169     -0.262478    -11.134691
      4.397125      0.000057     -0.262632    -11.134550
      4.397250     -0.000118     -0.262780    -11.134352
      4.397375     -0.000310     -0.262967    -11.134099
      4.397500     -0.000469     -0.263237    -11.133794
      4.397625     -0.000562     -0.263618    -11.133446
      4.397750     -0.000601     -0.264074    -11.133075
      4.397875     -0.000647     -0.264498    -11.132730
      4.398000     -0.000732     -0.264785    -11.132483
      4.398125     -0.000702     -0.265055    -11.132368
      4.398250     -0.000416     -0.265492    -11.132342
      4.398375     -0.000135     -0.265905    -11.132335
      4.398500     -0.000000     -0.266201    -11.132299
      4.398625     -0.000000     -0.266413    -11.132212
      4.398750     -0.000094     -0.266589    -11.132068
      4.398875     -0.000236     -0.266772    -11.131867
      4.399000     -0.000379     -0.267008    -11.131614
      4.399125     -0.000476     -0.267338    -11.131311
      4.399250     -0.000507     -0.267773    -11.130971
      4.399375     -0.000505     -0.268248    -11.130621
      4.399500     -0.000535     -0.268642    -11.130323
      4.399625     -0.000580     -0.268902    -11.130143
      4.399750     -0.000421     -0.269241    -11.130088
      4.399875     -0.000079     -0.269700    -11.130096
      4.400000      0.000176     -0.270074    -11.130102
      4.400125      0.000278     -0.270335    -11.130068
      4.400250      0.000256     -0.270526    -11.129981
      4.400375      0.000155     -0.270694    -11.129836
      4.400500      0.000019     -0.270883    -11.129635
      4.400625     -0.000104     -0.271139    -11.129383
      4.400750     -0.000171     -0.271495    -11.129084
      4.400875     -0.000180     -0.271941    -11.128754
      4.401000     -0.000182     -0.272385    -11.128434
      4.401125     -0.000230     -0.272705    -11.128190
      4.401250     -0.000238     -0.272936    -11.128076
      4.401375      0.000011     -0.273317    -11.128070
      4.401500      0.000334     -0.273733    -11.128101
      4.401625      0.000522     -0.274034    -11.128113
      4.401750      0.000561     -0.274234    -11.128078
      4.401875      0.000490     -0.274379    -11.127986
      4.402000      0.000353     -0.274516    -11.127838
      4.402125      0.000198     -0.274689    -11.127634
      4.402250      0.000072     -0.274943    -11.127378
      4.402375      0.000008     -0.275303    -11.127080
      4.402500     -0.000011     -0.275729    -11.126760
      4.402625     -0.000046     -0.276110    -11.126469
      4.402750     -0.000122     -0.276349    -11.126279
      4.402875     -0.000069     -0.276588    -11.126218
      4.403000      0.000230     -0.276990    -11.126240
      4.403125      0.000502     -0.277353    -11.126274
      4.403250      0.000625     -0.277600    -11.126275
      4.403375      0.000614     -0.277768    -11.126220
      4.403500      0.000510     -0.277905    -11.126106
      4.403625      0.000361     -0.278055    -11.125931
      4.403750      0.000214     -0.278265    -11.125699
      4.403875      0.000114     -0.278574    -11.125414
      4.404000      0.000079     -0.278991    -11.125088
      4.404125      0.000072     -0.279447    -11.124750
      4.404250      0.000030     -0.279818    -11.124462
      4.404375     -0.000022     -0.280063    -11.124290
      4.404500      0.000140     -0.280405    -11.124235
      4.404625      0.000464     -0.280855    -11.124234
      4.404750      0.000685     -0.281213    -11.124223
      4.404875      0.000748     -0.281457    -11.124166
      4.405000      0.000681     -0.281631    -11.124050
      4.405125      0.000527     -0.281780    -11.123872
      4.405250      0.000334     -0.281949    -11.123635
      4.405375      0.000149     -0.282182    -11.123342
      4.405500      0.000015     -0.282515    -11.123001
      4.405625     -0.000066     -0.282932    -11.122627
      4.405750     -0.000146     -0.283342    -11.122262
      4.405875     -0.000273     -0.283628    -11.121975
      4.406000     -0.000345     -0.283838    -11.121817
      4.406125     -0.000155     -0.284207    -11.121762
      4.406250      0.000096     -0.284606    -11.121740
      4.406375      0.000214     -0.284893    -11.121696
      4.406500      0.000191     -0.285088    -11.121604
      4.406625      0.000066     -0.285236    -11.121455
      4.406750     -0.000117     -0.285386    -11.121248
      4.406875     -0.000310     -0.285579    -11.120986
      4.407000     -0.000466     -0.285861    -11.120674
      4.407125     -0.000553     -0.286252    -11.120319
      4.407250     -0.000593     -0.286711    -11.119946
      4.407375     -0.000647     -0.287123    -11.119606
      4.407500     -0.000734     -0.287396    -11.119370
      4.407625     -0.000678     -0.287683    -11.119265
      4.407750     -0.000381     -0.288129    -11.119241
      4.407875     -0.000117     -0.288529    -11.119229
      4.408000     -0.000000     -0.288814    -11.119186
      4.408125     -0.000015     -0.289021    -11.119090
      4.408250     -0.000118     -0.289195    -11.118937
      4.408375     -0.000264     -0.289382    -11.118729
      4.408500     -0.000405     -0.289627    -11.118468
      4.408625     -0.000498     -0.289969    -11.118158
      4.408750     -0.000524     -0.290413    -11.117812
      4.408875     -0.000525     -0.290888    -11.117462
      4.409000     -0.000560     -0.291271    -11.117169
      4.409125     -0.000599     -0.291528    -11.116999
      4.409250     -0.000414     -0.291887    -11.116949
      4.409375     -0.000072     -0.292347    -11.116956
      4.409500      0.000168     -0.292711    -11.116957
      4.409625      0.000257     -0.292966    -11.116916
      4.409750      0.000226     -0.293156    -11.116820
      4.409875      0.000120     -0.293327    -11.116668
      4.410000     -0.000016     -0.293523    -11.116461
      4.410125     -0.000135     -0.293789    -11.116201
      4.410250     -0.000196     -0.294158    -11.115897
      4.410375     -0.000201     -0.294611    -11.115563
      4.410500     -0.000204     -0.295053    -11.115243
      4.410625     -0.000254     -0.295366    -11.115005
      4.410750     -0.000246     -0.295606    -11.114898
      4.410875      0.000022     -0.296003    -11.114894
      4.411000      0.000338     -0.296417    -11.114922
      4.411125      0.000516     -0.296713    -11.114929
      4.411250      0.000548     -0.296910    -11.114887
      4.411375      0.000472     -0.297057    -11.114790
      4.411500      0.000334     -0.297199    -11.114635
      4.411625      0.000181     -0.297381    -11.114425
      4.411750      0.000060     -0.297645    -11.114165
      4.411875      0.000001     -0.298014    -11.113862
      4.412000     -0.000016     -0.298444    -11.113540
      4.412125     -0.000054     -0.298820    -11.113252
      4.412250     -0.000128     -0.299055    -11.113067
      4.412375     -0.000058     -0.299305    -11.113012
      4.412500      0.000246     -0.299712    -11.113035
      4.412625      0.000510     -0.300068    -11.113067
      4.412750      0.000623     -0.300309    -11.113064
      4.412875      0.000604     -0.300473    -11.113006
      4.413000      0.000496     -0.300607    -11.112889
      4.413125      0.000345     -0.300758    -11.112713
      4.413250      0.000198     -0.300969    -11.112479
      4.413375      0.000100     -0.301281    -11.112193
      4.413500      0.000066     -0.301699    -11.111867
      4.413625      0.000058     -0.302151    -11.111532
      4.413750      0.000014     -0.302514    -11.111250
      4.413875     -0.000033     -0.302757    -11.111085
      4.414000      0.000143     -0.303108    -11.111035
      4.414125      0.000469     -0.303558    -11.111037
      4.414250      0.000689     -0.303913    -11.111026
      4.414375      0.000752     -0.304158    -11.110969
      4.414500      0.000688     -0.304336    -11.110852
      4.414625      0.000541     -0.304492    -11.110674
      4.414750      0.000356     -0.304669    -11.110436
      4.414875      0.000180     -0.304912    -11.110143
      4.415000      0.000054     -0.305254    -11.109801
      4.415125     -0.000021     -0.305678    -11.109426
      4.415250     -0.000099     -0.306089    -11.109062
      4.415375     -0.000226     -0.306372    -11.108777
      4.415500     -0.000293     -0.306586    -11.108622
      4.415625     -0.000099     -0.306960    -11.108567
      4.415750      0.000148     -0.307355    -11.108543
      4.415875      0.000259     -0.307638    -11.108497
      4.416000      0.000230     -0.307829    -11.108401
      4.416125      0.000099     -0.307975    -11.108249
      4.416250     -0.000088     -0.308123    -11.108039
      4.416375     -0.000284     -0.308316    -11.107775
      4.416500     -0.000443     -0.308598    -11.107459
      4.416625     -0.000533     -0.308990    -11.107102
      4.416750     -0.000577     -0.309447    -11.106726
      4.416875     -0.000635     -0.309857    -11.106383
      4.417000     -0.000726     -0.310129    -11.106145
      4.417125     -0.000670     -0.310417    -11.106038
      4.417250     -0.000375     -0.310864    -11.106011
      4.417375     -0.000116     -0.311262    -11.105997
      4.417500     -0.000004     -0.311546    -11.105950
      4.417625     -0.000022     -0.311752    -11.105851
      4.417750     -0.000128     -0.311927    -11.105695
      4.417875     -0.000276     -0.312115    -11.105484
      4.418000     -0.000420     -0.312360    -11.105220
      4.418125     -0.000514     -0.312703    -11.104907
      4.418250     -0.000543     -0.313148    -11.104559
      4.418375     -0.000545     -0.313625    -11.104205
      4.418500     -0.000582     -0.314010    -11.103908
      4.418625     -0.000622     -0.314270    -11.103733
      4.418750     -0.000440     -0.314631    -11.103679
      4.418875     -0.000100     -0.315092    -11.103683
      4.419000      0.000140     -0.315459    -11.103681
      4.419125      0.000230     -0.315717    -11.103638
      4.419250      0.000200     -0.315910    -11.103540
      4.419375      0.000094     -0.316083    -11.103386
      4.419500     -0.000042     -0.316282    -11.103176
      4.419625     -0.000160     -0.316550    -11.102915
      4.419750     -0.000221     -0.316921    -11.102608
      4.419875     -0.000226     -0.317377    -11.102272
      4.420000     -0.000229     -0.317824    -11.101947
      4.420125     -0.000277     -0.318145    -11.101703
      4.420250     -0.000271     -0.318389    -11.101590
      4.420375     -0.000006     -0.318788    -11.101581
      4.420500      0.000314     -0.319207    -11.101606
      4.420625      0.000497     -0.319510    -11.101611
      4.420750      0.000533     -0.319714    -11.101569
      4.420875      0.000462     -0.319867    -11.101470
      4.421000      0.000327     -0.320013    -11.101314
      4.421125      0.000176     -0.320196    -11.101104
      4.421250      0.000055     -0.320462    -11.100843
      4.421375     -0.000004     -0.320831    -11.100540
      4.421500     -0.000021     -0.321264    -11.100216
      4.421625     -0.000056     -0.321647    -11.099922
      4.421750     -0.000130     -0.321890    -11.099730
      4.421875     -0.000069     -0.322138    -11.099669
      4.422000      0.000231     -0.322543    -11.099688
      4.422125      0.000499     -0.322903    -11.099720
      4.422250      0.000617     -0.323148    -11.099719
      4.422375      0.000602     -0.323314    -11.099664
      4.422500      0.000496     -0.323447    -11.099549
      4.422625      0.000344     -0.323593    -11.099376
      4.422750      0.000195     -0.323798    -11.099146
      4.422875      0.000092     -0.324102    -11.098865
      4.423000      0.000055     -0.324513    -11.098542
      4.423125      0.000046     -0.324963    -11.098208
      4.423250      0.000003     -0.325331    -11.097922
      4.423375     -0.000048     -0.325574    -11.097753
      4.423500      0.000113     -0.325913    -11.097700
      4.423625      0.000442     -0.326364    -11.097703
      4.423750      0.000673     -0.326726    -11.097697
      4.423875      0.000749     -0.326979    -11.097645
      4.424000      0.000699     -0.327165    -11.097534
      4.424125      0.000564     -0.327327    -11.097362
      4.424250      0.000389     -0.327509    -11.097130
      4.424375      0.000221     -0.327755    -11.096842
      4.424500      0.000101     -0.328098    -11.096503
      4.424625      0.000030     -0.328525    -11.096131
      4.424750     -0.000041     -0.328946    -11.095763
      4.424875     -0.000161     -0.329244    -11.095471
      4.425000     -0.000238     -0.329457    -11.095305
      4.425125     -0.000060     -0.329821    -11.095244
      4.425250      0.000190     -0.330220    -11.095219
      4.425375      0.000309     -0.330510    -11.095174
      4.425500      0.000285     -0.330704    -11.095081
      4.425625      0.000157     -0.330850    -11.094932
      4.425750     -0.000032     -0.330994    -11.094724
      4.425875     -0.000233     -0.331180    -11.094462
      4.426000     -0.000400     -0.331452    -11.094148
      4.426125     -0.000500     -0.331834    -11.093791
      4.426250     -0.000550     -0.332288    -11.093412
      4.426375     -0.000609     -0.332705    -11.093061
      4.426500     -0.000705     -0.332986    -11.092809
      4.426625     -0.000675     -0.333262    -11.092688
      4.426750     -0.000395     -0.333701    -11.092654
      4.426875     -0.000130     -0.334108    -11.092637
      4.427000     -0.000009     -0.334400    -11.092591
      4.427125     -0.000021     -0.334610    -11.092494
      4.427250     -0.000124     -0.334786    -11.092340
      4.427375     -0.000273     -0.334971    -11.092131
      4.427500     -0.000422     -0.335210    -11.091869
      4.427625     -0.000524     -0.335543    -11.091558
      4.427750     -0.000561     -0.335981    -11.091208
      4.427875     -0.000565     -0.336461    -11.090850
      4.428000     -0.000599     -0.336861    -11.090540
      4.428125     -0.000648     -0.337129    -11.090348
      4.428250     -0.000495     -0.337474    -11.090281
      4.428375     -0.000158     -0.337939    -11.090279
      4.428500      0.000096     -0.338320    -11.090276
      4.428625      0.000198     -0.338589    -11.090235
      4.428750      0.000178     -0.338788    -11.090140
      4.428875      0.000077     -0.338964    -11.089988
      4.429000     -0.000057     -0.339161    -11.089781
      4.429125     -0.000180     -0.339423    -11.089523
      4.429250     -0.000247     -0.339786    -11.089217
      4.429375     -0.000256     -0.340239    -11.088880
      4.429500     -0.000254     -0.340698    -11.088547
      4.429625     -0.000297     -0.341041    -11.088287
      4.429750     -0.000308     -0.341286    -11.088156
      4.429875     -0.000069     -0.341671    -11.088135
      4.430000      0.000261     -0.342104    -11.088156
      4.430125      0.000463     -0.342425    -11.088162
      4.430250      0.000516     -0.342643    -11.088123
      4.430375      0.000457     -0.342804    -11.088028
      4.430500      0.000330     -0.342953    -11.087877
      4.430625      0.000180     -0.343134    -11.087671
      4.430750      0.000055     -0.343392    -11.087413
      4.430875     -0.000009     -0.343754    -11.087112
      4.431000     -0.000026     -0.344188    -11.086786
      4.431125     -0.000054     -0.344589    -11.086482
      4.431250     -0.000127     -0.344852    -11.086272
      4.431375     -0.000097     -0.345086    -11.086192
      4.431500      0.000186     -0.345482    -11.086204
      4.431625      0.000469     -0.345858    -11.086236
      4.431750      0.000606     -0.346117    -11.086240
      4.431875      0.000606     -0.346289    -11.086192
      4.432000      0.000508     -0.346423    -11.086085
      4.432125      0.000359     -0.346564    -11.085920
      4.432250      0.000205     -0.346757    -11.085698
      4.432375      0.000092     -0.347043    -11.085424
      4.432500      0.000046     -0.347438    -11.085107
      4.432625      0.000035     -0.347886    -11.084774
      4.432750     -0.000003     -0.348269    -11.084479
      4.432875     -0.000063     -0.348519    -11.084292
      4.433000      0.000058     -0.348830    -11.084229
      4.433125      0.000383     -0.349278    -11.084231
      4.433250      0.000637     -0.349655    -11.084231
      4.433375      0.000737     -0.349922    -11.084190
      4.433500      0.000708     -0.350117    -11.084091
      4.433625      0.000590     -0.350284    -11.083931
      4.433750      0.000427     -0.350467    -11.083710
      4.433875      0.000265     -0.350709    -11.083431
      4.434000      0.000146     -0.351045    -11.083101
      4.434125      0.000079     -0.351471    -11.082734
      4.434250      0.000021     -0.351908    -11.082362
      4.434375     -0.000086     -0.352236    -11.082053
      4.434500     -0.000182     -0.352451    -11.081867
      4.434625     -0.000040     -0.352791    -11.081794
      4.434750      0.000218     -0.353201    -11.081767
      4.434875      0.000359     -0.353508    -11.081727
      4.435000      0.000353     -0.353713    -11.081641
      4.435125      0.000235     -0.353861    -11.081498
      4.435250      0.000049     -0.354001    -11.081298
      4.435375     -0.000158     -0.354175    -11.081043
      4.435500     -0.000338     -0.354428    -11.080735
      4.435625     -0.000454     -0.354790    -11.080381
      4.435750     -0.000513     -0.355236    -11.080001
      4.435875     -0.000571     -0.355667    -11.079637
      4.436000     -0.000670     -0.355970    -11.079361
      4.436125     -0.000684     -0.356225    -11.079216
      4.436250     -0.000435     -0.356645    -11.079170
      4.436375     -0.000156     -0.357068    -11.079151
      4.436500     -0.000015     -0.357376    -11.079109
      4.436625     -0.000011     -0.357596    -11.079018
      4.436750     -0.000106     -0.357774    -11.078871
      4.436875     -0.000253     -0.357954    -11.078668
      4.437000     -0.000408     -0.358181    -11.078411
      4.437125     -0.000524     -0.358496    -11.078105
      4.437250     -0.000574     -0.358919    -11.077758
      4.437375     -0.000581     -0.359400    -11.077394
      4.437500     -0.000609     -0.359824    -11.077066
      4.437625     -0.000668     -0.360110    -11.076847
      4.437750     -0.000567     -0.360426    -11.076757
      4.437875     -0.000242     -0.360889    -11.076745
      4.438000      0.000035     -0.361292    -11.076742
      4.438125      0.000162     -0.361580    -11.076706
      4.438250      0.000159     -0.361791    -11.076618
      4.438375      0.000069     -0.361970    -11.076474
      4.438500     -0.000063     -0.362163    -11.076274
      4.438625     -0.000191     -0.362412    -11.076022
      4.438750     -0.000270     -0.362758    -11.075721
      4.438875     -0.000287     -0.363203    -11.075385
      4.439000     -0.000282     -0.363674    -11.075044
      4.439125     -0.000315     -0.364050    -11.074761
      4.439250     -0.000348     -0.364302    -11.074600
      4.439375     -0.000157     -0.364658    -11.074559
      4.439500      0.000180     -0.365106    -11.074575
      4.439625      0.000413     -0.365454    -11.074584
      4.439750      0.000494     -0.365693    -11.074552
      4.439875      0.000455     -0.365865    -11.074465
      4.440000      0.000340     -0.366018    -11.074322
      4.440125      0.000193     -0.366195    -11.074123
      4.440250      0.000062     -0.366439    -11.073873
      4.440375     -0.000013     -0.366786    -11.073577
      4.440500     -0.000034     -0.367216    -11.073250
      4.440625     -0.000053     -0.367638    -11.072934
      4.440750     -0.000118     -0.367935    -11.072697
      4.440875     -0.000129     -0.368156    -11.072590
      4.441000      0.000117     -0.368530    -11.072587
      4.441125      0.000420     -0.368926    -11.072618
      4.441250      0.000588     -0.369209    -11.072629
      4.441375      0.000612     -0.369395    -11.072591
      4.441500      0.000529     -0.369534    -11.072496
      4.441625      0.000386     -0.369669    -11.072342
      4.441750      0.000228     -0.369846    -11.072133
      4.441875      0.000103     -0.370108    -11.071870
      4.442000      0.000042     -0.370481    -11.071561
      4.442125      0.000027     -0.370923    -11.071228
      4.442250     -0.000003     -0.371327    -11.070920
      4.442375     -0.000070     -0.371596    -11.070709
      4.442500     -0.000007     -0.371869    -11.070624
      4.442625      0.000299     -0.372303    -11.070621
      4.442750      0.000581     -0.372702    -11.070629
      4.442875      0.000715     -0.372988    -11.070602
      4.443000      0.000712     -0.373194    -11.070518
      4.443125      0.000614     -0.373366    -11.070374
      4.443250      0.000464     -0.373546    -11.070168
      4.443375      0.000306     -0.373777    -11.069904
      4.443500      0.000184     -0.374098    -11.069587
      4.443625      0.000119     -0.374517    -11.069227
      4.443750      0.000073     -0.374970    -11.068853
      4.443875     -0.000014     -0.375337    -11.068524
      4.444000     -0.000123     -0.375568    -11.068309
      4.444125     -0.000037     -0.375873    -11.068215
      4.444250      0.000226     -0.376292    -11.068184
      4.444375      0.000400     -0.376626    -11.068149
      4.444500      0.000423     -0.376849    -11.068074
      4.444625      0.000324     -0.377005    -11.067943
      4.444750      0.000146     -0.377141    -11.067755
      4.444875     -0.000064     -0.377302    -11.067510
      4.445000     -0.000258     -0.377531    -11.067211
      4.445125     -0.000394     -0.377866    -11.066865
      4.445250     -0.000466     -0.378298    -11.066486
      4.445375     -0.000524     -0.378742    -11.066110
      4.445500     -0.000620     -0.379077    -11.065804
      4.445625     -0.000681     -0.379318    -11.065626
      4.445750     -0.000488     -0.379702    -11.065560
      4.445875     -0.000197     -0.380141    -11.065537
      4.446000     -0.000025     -0.380475    -11.065500
      4.446125      0.000003     -0.380710    -11.065418
      4.446250     -0.000076     -0.380892    -11.065281
      4.446375     -0.000219     -0.381068    -11.065088
      4.446500     -0.000380     -0.381279    -11.064841
      4.446625     -0.000511     -0.381571    -11.064543
      4.446750     -0.000579     -0.381970    -11.064201
      4.446875     -0.000594     -0.382447    -11.063834
      4.447000     -0.000615     -0.382898    -11.063488
      4.447125     -0.000676     -0.383215    -11.063233
      4.447250     -0.000639     -0.383499    -11.063112
      4.447375     -0.000345     -0.383946    -11.063084
      4.447500     -0.000042     -0.384377    -11.063081
      4.447625      0.000119     -0.384692    -11.063053
      4.447750      0.000143     -0.384918    -11.062975
      4.447875      0.000069     -0.385103    -11.062841
      4.448000     -0.000057     -0.385291    -11.062652
      4.448125     -0.000191     -0.385525    -11.062409
      4.448250     -0.000286     -0.385848    -11.062116
      4.448375     -0.000316     -0.386276    -11.061784
      4.448500     -0.000310     -0.386755    -11.061436
      4.448625     -0.000330     -0.387168    -11.061128
      4.448750     -0.000378     -0.387442    -11.060930
      4.448875     -0.000256     -0.387758    -11.060861
      4.449000      0.000077     -0.388211    -11.060867
      4.449125      0.000347     -0.388593    -11.060879
      4.449250      0.000465     -0.388859    -11.060856
      4.449375      0.000453     -0.389048    -11.060780
      4.449500      0.000354     -0.389206    -11.060648
      4.449625      0.000213     -0.389377    -11.060461
      4.449750      0.000076     -0.389605    -11.060221
      4.449875     -0.000013     -0.389930    -11.059932
      4.450000     -0.000042     -0.390350    -11.059608
      4.450125     -0.000054     -0.390790    -11.059281
      4.450250     -0.000106     -0.391129    -11.059014
      4.450375     -0.000153     -0.391351    -11.058871
      4.450500      0.000032     -0.391686    -11.058846
      4.450625      0.000349     -0.392102    -11.058873
      4.450750      0.000557     -0.392416    -11.058891
      4.450875      0.000614     -0.392624    -11.058865
      4.451000      0.000554     -0.392771    -11.058784
      4.451125      0.000422     -0.392903    -11.058644
      4.451250      0.000263     -0.393065    -11.058448
      4.451375      0.000124     -0.393301    -11.058198
      4.451500      0.000045     -0.393645    -11.057901
      4.451625      0.000022     -0.394076    -11.057571
      4.451750      0.000000     -0.394500    -11.057251
      4.451875     -0.000064     -0.394802    -11.057009
      4.452000     -0.000063     -0.395043    -11.056894
      4.452125      0.000199     -0.395446    -11.056879
      4.452250      0.000508     -0.395867    -11.056891
      4.452375      0.000681     -0.396178    -11.056878
      4.452500      0.000711     -0.396398    -11.056813
      4.452625      0.000636     -0.396574    -11.056687
      4.452750      0.000499     -0.396749    -11.056499
      4.452875      0.000344     -0.396966    -11.056253
      4.453000      0.000216     -0.397265    -11.055951
      4.453125      0.000145     -0.397668    -11.055602
      4.453250      0.000108     -0.398130    -11.055228
      4.453375      0.000045     -0.398539    -11.054880
      4.453500     -0.000065     -0.398805    -11.054631
      4.453625     -0.000045     -0.399071    -11.054509
      4.453750      0.000205     -0.399488    -11.054468
      4.453875      0.000419     -0.399855    -11.054439
      4.454000      0.000481     -0.400106    -11.054376
      4.454125      0.000409     -0.400275    -11.054260
      4.454250      0.000246     -0.400411    -11.054085
      4.454375      0.000038     -0.400560    -11.053854
      4.454500     -0.000168     -0.400765    -11.053567
      4.454625     -0.000325     -0.401069    -11.053231
      4.454750     -0.000416     -0.401478    -11.052856
      4.454875     -0.000475     -0.401929    -11.052471
      4.455000     -0.000563     -0.402301    -11.052136
      4.455125     -0.000659     -0.402548    -11.051918
      4.455250     -0.000544     -0.402881    -11.051825
      4.455375     -0.000251     -0.403329    -11.051794
      4.455500     -0.000044     -0.403693    -11.051763
      4.455625      0.000016     -0.403949    -11.051692
      4.455750     -0.000042     -0.404141    -11.051567
      4.455875     -0.000175     -0.404313    -11.051387
      4.456000     -0.000338     -0.404511    -11.051151
      4.456125     -0.000485     -0.404777    -11.050863
      4.456250     -0.000574     -0.405147    -11.050529
      4.456375     -0.000601     -0.405611    -11.050163
      4.456500     -0.000616     -0.406083    -11.049801
      4.456625     -0.000672     -0.406442    -11.049511
      4.456750     -0.000690     -0.406710    -11.049350
      4.456875     -0.000455     -0.407119    -11.049301
      4.457000     -0.000130     -0.407576    -11.049295
      4.457125      0.000071     -0.407923    -11.049273
      4.457250      0.000128     -0.408170    -11.049207
      4.457375      0.000075     -0.408364    -11.049087
      4.457500     -0.000042     -0.408548    -11.048910
      4.457625     -0.000179     -0.408768    -11.048678
      4.457750     -0.000288     -0.409065    -11.048396
      4.457875     -0.000336     -0.409469    -11.048070
      4.458000     -0.000334     -0.409946    -11.047720
      4.458125     -0.000342     -0.410394    -11.047390
      4.458250     -0.000392     -0.410706    -11.047153
      4.458375     -0.000341     -0.410985    -11.047048
      4.458500     -0.000039     -0.411424    -11.047038
      4.458625      0.000267     -0.411842    -11.047051
      4.458750      0.000428     -0.412140    -11.047037
      4.458875      0.000449     -0.412349    -11.046975
      4.459000      0.000371     -0.412515    -11.046856
      4.459125      0.000238     -0.412682    -11.046682
      4.459250      0.000097     -0.412893    -11.046453
      4.459375     -0.000007     -0.413193    -11.046175
      4.459500     -0.000049     -0.413594    -11.045857
      4.459625     -0.000057     -0.414045    -11.045523
      4.459750     -0.000094     -0.414427    -11.045229
      4.459875     -0.000159     -0.414671    -11.045045
      4.460000     -0.000052     -0.414959    -11.044989
      4.460125      0.000262     -0.415380    -11.045007
      4.460250      0.000511     -0.415731    -11.045030
      4.460375      0.000609     -0.415966    -11.045017
      4.460500      0.000578     -0.416127    -11.044951
      4.460625      0.000462     -0.416260    -11.044827
      4.460750      0.000305     -0.416409    -11.044646
      4.460875      0.000156     -0.416621    -11.044410
      4.461000      0.000057     -0.416932    -11.044125
      4.461125      0.000021     -0.417345    -11.043801
      4.461250      0.000004     -0.417783    -11.043471
      4.461375     -0.000050     -0.418126    -11.043200
      4.461500     -0.000094     -0.418358    -11.043048
      4.461625      0.000098     -0.418711    -11.043012
      4.461750      0.000422     -0.419148    -11.043024
      4.461875      0.000637     -0.419489    -11.043024
      4.462000      0.000705     -0.419729    -11.042976
      4.462125      0.000656     -0.419912    -11.042869
      4.462250      0.000533     -0.420083    -11.042700
      4.462375      0.000381     -0.420284    -11.042472
      4.462500      0.000246     -0.420559    -11.042187
      4.462625      0.000163     -0.420937    -11.041851
      4.462750      0.000127     -0.421396    -11.041481
      4.462875      0.000084     -0.421840    -11.041119
      4.463000     -0.000013     -0.422153    -11.040834
      4.463125     -0.000053     -0.422395    -11.040678
      4.463250      0.000158     -0.422788    -11.040620
      4.463375      0.000407     -0.423189    -11.040593
      4.463500      0.000515     -0.423473    -11.040542
      4.463625      0.000477     -0.423661    -11.040441
      4.463750      0.000335     -0.423803    -11.040283
      4.463875      0.000134     -0.423943    -11.040066
      4.464000     -0.000079     -0.424127    -11.039794
      4.464125     -0.000256     -0.424399    -11.039470
      4.464250     -0.000368     -0.424781    -11.039102
      4.464375     -0.000432     -0.425231    -11.038713
      4.464500     -0.000510     -0.425637    -11.038353
      4.464625     -0.000621     -0.425910    -11.038094
      4.464750     -0.000591     -0.426193    -11.037966
      4.464875     -0.000320     -0.426633    -11.037922
      4.465000     -0.000078     -0.427029    -11.037894
      4.465125      0.000021     -0.427312    -11.037834
      4.465250     -0.000010     -0.427517    -11.037723
      4.465375     -0.000128     -0.427690    -11.037557
      4.465500     -0.000290     -0.427876    -11.037334
      4.465625     -0.000448     -0.428119    -11.037059
      4.465750     -0.000558     -0.428458    -11.036735
      4.465875     -0.000602     -0.428901    -11.036372
      4.466000     -0.000615     -0.429385    -11.036001
      4.466125     -0.000659     -0.429787    -11.035679
      4.466250     -0.000712     -0.430062    -11.035476
      4.466375     -0.000557     -0.430421    -11.035397
      4.466500     -0.000226     -0.430891    -11.035383
      4.466625      0.000017     -0.431274    -11.035368
      4.466750      0.000111     -0.431548    -11.035314
      4.466875      0.000085     -0.431753    -11.035207
      4.467000     -0.000018     -0.431938    -11.035044
      4.467125     -0.000155     -0.432144    -11.034826
      4.467250     -0.000277     -0.432417    -11.034556
      4.467375     -0.000344     -0.432792    -11.034239
      4.467500     -0.000352     -0.433258    -11.033890
      4.467625     -0.000350     -0.433731    -11.033545
      4.467750     -0.000391     -0.434089    -11.033270
      4.467875     -0.000398     -0.434352    -11.033125
      4.468000     -0.000154     -0.434754    -11.033091
      4.468125      0.000178     -0.435201    -11.033101
      4.468250      0.000384     -0.435536    -11.033097
      4.468375      0.000442     -0.435769    -11.033048
      4.468500      0.000390     -0.435945    -11.032944
      4.468625      0.000269     -0.436110    -11.032784
      4.468750      0.000127     -0.436307    -11.032569
      4.468875      0.000009     -0.436580    -11.032303
      4.469000     -0.000050     -0.436957    -11.031993
      4.469125     -0.000061     -0.437407    -11.031657
      4.469250     -0.000083     -0.437826    -11.031341
      4.469375     -0.000150     -0.438109    -11.031116
      4.469500     -0.000118     -0.438358    -11.031024
      4.469625      0.000164     -0.438764    -11.031026
      4.469750      0.000451     -0.439150    -11.031051
      4.469875      0.000593     -0.439418    -11.031050
      4.470000      0.000596     -0.439597    -11.030999
      4.470125      0.000500     -0.439734    -11.030891
      4.470250      0.000351     -0.439875    -11.030726
      4.470375      0.000194     -0.440065    -11.030505
      4.470500      0.000077     -0.440345    -11.030232
      4.470625      0.000024     -0.440733    -11.029917
      4.470750      0.000008     -0.441176    -11.029583
      4.470875     -0.000032     -0.441558    -11.029285
      4.471000     -0.000099     -0.441808    -11.029094
      4.471125      0.000008     -0.442105    -11.029028
      4.471250      0.000327     -0.442543    -11.029033
      4.471375      0.000584     -0.442918    -11.029041
      4.471500      0.000693     -0.443183    -11.029010
      4.471625      0.000674     -0.443377    -11.028922
      4.471750      0.000569     -0.443547    -11.028772
      4.471875      0.000422     -0.443736    -11.028561
      4.472000      0.000279     -0.443986    -11.028293
      4.472125      0.000180     -0.444334    -11.027971
      4.472250      0.000138     -0.444780    -11.027608
      4.472375      0.000107     -0.445245    -11.027237
      4.472500      0.000029     -0.445608    -11.026921
      4.472625     -0.000051     -0.445850    -11.026724
      4.472750      0.000092     -0.446199    -11.026643
      4.472875      0.000362     -0.446625    -11.026613
      4.473000      0.000518     -0.446947    -11.026572
      4.473125      0.000521     -0.447160    -11.026486
      4.473250      0.000406     -0.447312    -11.026344
      4.473375      0.000217     -0.447449    -11.026143
      4.473500      0.000002     -0.447616    -11.025886
      4.473625     -0.000192     -0.447858    -11.025575
      4.473750     -0.000325     -0.448208    -11.025217
      4.473875     -0.000399     -0.448647    -11.024829
      4.474000     -0.000469     -0.449081    -11.024450
      4.474125     -0.000578     -0.449395    -11.024152
      4.474250     -0.000621     -0.449645    -11.023984
      4.474375     -0.000401     -0.450053    -11.023920
      4.474500     -0.000129     -0.450480    -11.023891
      4.474625      0.000012     -0.450795    -11.023842
      4.474750      0.000015     -0.451019    -11.023746
      4.474875     -0.000083     -0.451198    -11.023594
      4.475000     -0.000238     -0.451376    -11.023387
      4.475125     -0.000403     -0.451597    -11.023125
      4.475250     -0.000532     -0.451905    -11.022813
      4.475375     -0.000596     -0.452321    -11.022458
      4.475500     -0.000612     -0.452806    -11.022082
      4.475625     -0.000643     -0.453247    -11.021734
      4.475750     -0.000709     -0.453553    -11.021488
      4.475875     -0.000640     -0.453862    -11.021373
      4.476000     -0.000330     -0.454325    -11.021345
      4.476125     -0.000046     -0.454746    -11.021333
      4.476250      0.000091     -0.455050    -11.021292
      4.476375      0.000097     -0.455272    -11.021200
      4.476500      0.000012     -0.455460    -11.021052
      4.476625     -0.000120     -0.455657    -11.020849
      4.476750     -0.000251     -0.455907    -11.020592
      4.476875     -0.000338     -0.456250    -11.020287
      4.477000     -0.000361     -0.456696    -11.019943
      4.477125     -0.000355     -0.457182    -11.019588
      4.477250     -0.000381     -0.457588    -11.019281
      4.477375     -0.000421     -0.457862    -11.019092
      4.477500     -0.000260     -0.458212    -11.019028
      4.477625      0.000079     -0.458674    -11.019030
      4.477750      0.000331     -0.459048    -11.019033
      4.477875      0.000432     -0.459310    -11.018998
      4.478000      0.000409     -0.459500    -11.018909
      4.478125      0.000305     -0.459666    -11.018764
      4.478250      0.000165     -0.459851    -11.018565
      4.478375      0.000035     -0.460098    -11.018312
      4.478500     -0.000043     -0.460445    -11.018013
      4.478625     -0.000063     -0.460882    -11.017680
      4.478750     -0.000074     -0.461327    -11.017348
      4.478875     -0.000130     -0.461659    -11.017086
      4.479000     -0.000158     -0.461892    -11.016951
      4.479125      0.000061     -0.462258    -11.016929
      4.479250      0.000375     -0.462673    -11.016952
      4.479375      0.000564     -0.462978    -11.016961
      4.479500      0.000607     -0.463181    -11.016926
      4.479625      0.000537     -0.463328    -11.016834
      4.479750      0.000399     -0.463464    -11.016685
      4.479875      0.000240     -0.463635    -11.016480
      4.480000      0.000106     -0.463884    -11.016222
      4.480125      0.000034     -0.464241    -11.015917
      4.480250      0.000012     -0.464679    -11.015584
      4.480375     -0.000015     -0.465095    -11.015265
      4.480500     -0.000084     -0.465383    -11.015033
      4.480625     -0.000060     -0.465636    -11.014929
      4.480750      0.000221     -0.466052    -11.014919
      4.480875      0.000517     -0.466461    -11.014932
      4.481000      0.000672     -0.466757    -11.014915
      4.481125      0.000688     -0.466969    -11.014845
      4.481250      0.000606     -0.467142    -11.014714
      4.481375      0.000468     -0.467322    -11.014521
      4.481500      0.000319     -0.467549    -11.014270
      4.481625      0.000204     -0.467865    -11.013964
      4.481750      0.000147     -0.468286    -11.013611
      4.481875      0.000121     -0.468760    -11.013236
      4.482000      0.000062     -0.469170    -11.012892
      4.482125     -0.000035     -0.469438    -11.012651
      4.482250      0.000022     -0.469735    -11.012537
      4.482375      0.000288     -0.470166    -11.012497
      4.482500      0.000492     -0.470528    -11.012463
      4.482625      0.000541     -0.470773    -11.012393
      4.482750      0.000459     -0.470941    -11.012268
      4.482875      0.000289     -0.471079    -11.012085
      4.483000      0.000077     -0.471233    -11.011844
      4.483125     -0.000130     -0.471447    -11.011549
      4.483250     -0.000285     -0.471762    -11.011203
      4.483375     -0.000374     -0.472181    -11.010820
      4.483500     -0.000439     -0.472632    -11.010430
      4.483625     -0.000536     -0.472994    -11.010095
      4.483750     -0.000628     -0.473241    -11.009881
      4.483875     -0.000491     -0.473595    -11.009789
      4.484000     -0.000204     -0.474042    -11.009754
      4.484125     -0.000015     -0.474396    -11.009714
      4.484250      0.000028     -0.474645    -11.009633
      4.484375     -0.000042     -0.474835    -11.009498
      4.484500     -0.000183     -0.475010    -11.009307
      4.484625     -0.000350     -0.475214    -11.009061
      4.484750     -0.000496     -0.475491    -11.008763
      4.484875     -0.000582     -0.475874    -11.008419
      4.485000     -0.000609     -0.476347    -11.008045
      4.485125     -0.000629     -0.476819    -11.007678
      4.485250     -0.000690     -0.477172    -11.007388
      4.485375     -0.000696     -0.477450    -11.007229
      4.485500     -0.000443     -0.477879    -11.007179
      4.485625     -0.000126     -0.478333    -11.007166
      4.485750      0.000061     -0.478675    -11.007136
      4.485875      0.000106     -0.478920    -11.007061
      4.486000      0.000046     -0.479116    -11.006930
      4.486125     -0.000075     -0.479306    -11.006744
      4.486250     -0.000212     -0.479535    -11.006503
      4.486375     -0.000318     -0.479846    -11.006212
      4.486500     -0.000360     -0.480262    -11.005877
      4.486625     -0.000357     -0.480749    -11.005519
      4.486750     -0.000368     -0.481197    -11.005186
      4.486875     -0.000418     -0.481508    -11.004949
      4.487000     -0.000349     -0.481806    -11.004845
      4.487125     -0.000035     -0.482258    -11.004832
      4.487250      0.000262     -0.482674    -11.004838
      4.487375      0.000413     -0.482971    -11.004817
      4.487500      0.000427     -0.483182    -11.004746
      4.487625      0.000346     -0.483352    -11.004619
      4.487750      0.000213     -0.483527    -11.004436
      4.487875      0.000075     -0.483750    -11.004200
      4.488000     -0.000024     -0.484062    -11.003914
      4.488125     -0.000061     -0.484476    -11.003588
      4.488250     -0.000068     -0.484934    -11.003248
      4.488375     -0.000106     -0.485318    -11.002951
      4.488500     -0.000167     -0.485566    -11.002767
      4.488625     -0.000042     -0.485872    -11.002711
      4.488750      0.000276     -0.486301    -11.002725
      4.488875      0.000517     -0.486649    -11.002743
      4.489000      0.000607     -0.486884    -11.002723
      4.489125      0.000570     -0.487046    -11.002650
      4.489250      0.000451     -0.487182    -11.002519
      4.489375      0.000295     -0.487337    -11.002332
      4.489500      0.000147     -0.487556    -11.002091
      4.489625      0.000051     -0.487876    -11.001800
      4.489750      0.000017     -0.488295    -11.001472
      4.489875     -0.000001     -0.488735    -11.001139
      4.490000     -0.000058     -0.489076    -11.000866
      4.490125     -0.000097     -0.489313    -11.000716
      4.490250      0.000106     -0.489677    -11.000679
      4.490375      0.000427     -0.490113    -11.000689
      4.490500      0.000635     -0.490450    -11.000685
      4.490625      0.000696     -0.490687    -11.000634
      4.490750      0.000644     -0.490870    -11.000524
      4.490875      0.000520     -0.491044    -11.000352
      4.491000      0.000370     -0.491251    -11.000120
      4.491125      0.000239     -0.491533    -10.999831
      4.491250      0.000161     -0.491920    -10.999492
      4.491375      0.000130     -0.492387    -10.999119
      4.491500      0.000090     -0.492836    -10.998753
      4.491625     -0.000004     -0.493155    -10.998467
      4.491750     -0.000033     -0.493409    -10.998308
      4.491875      0.000187     -0.493814    -10.998248
      4.492000      0.000434     -0.494218    -10.998217
      4.492125      0.000539     -0.494503    -10.998161
      4.492250      0.000499     -0.494694    -10.998055
      4.492375      0.000355     -0.494839    -10.997892
      4.492500      0.000153     -0.494983    -10.997670
      4.492625     -0.000060     -0.495172    -10.997393
      4.492750     -0.000238     -0.495449    -10.997063
      4.492875     -0.000349     -0.495835    -10.996690
      4.493000     -0.000415     -0.496289    -10.996295
      4.493125     -0.000497     -0.496700    -10.995929
      4.493250     -0.000609     -0.496977    -10.995664
      4.493375     -0.000576     -0.497269    -10.995530
      4.493500     -0.000307     -0.497713    -10.995481
      4.493625     -0.000068     -0.498110    -10.995447
      4.493750      0.000027     -0.498395    -10.995382
      4.493875     -0.000006     -0.498603    -10.995266
      4.494000     -0.000126     -0.498780    -10.995094
      4.494125     -0.000289     -0.498970    -10.994867
      4.494250     -0.000447     -0.499216    -10.994587
      4.494375     -0.000558     -0.499559    -10.994258
      4.494500     -0.000603     -0.500007    -10.993890
      4.494625     -0.000617     -0.500496    -10.993512
      4.494750     -0.000662     -0.500906    -10.993182
      4.494875     -0.000716     -0.501189    -10.992970
      4.495000     -0.000563     -0.501554    -10.992884
      4.495125     -0.000233     -0.502028    -10.992863
      4.495250      0.000009     -0.502416    -10.992843
      4.495375      0.000105     -0.502694    -10.992785
      4.495500      0.000079     -0.502905    -10.992675
      4.495625     -0.000024     -0.503094    -10.992508
      4.495750     -0.000159     -0.503304    -10.992286
      4.495875     -0.000282     -0.503581    -10.992013
      4.496000     -0.000350     -0.503958    -10.991692
      4.496125     -0.000359     -0.504429    -10.991338
      4.496250     -0.000356     -0.504909    -10.990985
      4.496375     -0.000396     -0.505278    -10.990701
      4.496500     -0.000406     -0.505550    -10.990544
      4.496625     -0.000169     -0.505954    -10.990502
      4.496750      0.000164     -0.506408    -10.990507
      4.496875      0.000374     -0.506751    -10.990498
      4.497000      0.000437     -0.506990    -10.990447
      4.497125      0.000387     -0.507172    -10.990340
      4.497250      0.000269     -0.507342    -10.990178
      4.497375      0.000127     -0.507542    -10.989961
      4.497500      0.000009     -0.507816    -10.989692
      4.497625     -0.000052     -0.508194    -10.989379
      4.497750     -0.000064     -0.508648    -10.989038
      4.497875     -0.000084     -0.509078    -10.988714
      4.498000     -0.000149     -0.509375    -10.988476
      4.498125     -0.000127     -0.509627    -10.988371
      4.498250      0.000148     -0.510034    -10.988364
      4.498375      0.000439     -0.510429    -10.988385
      4.498500      0.000588     -0.510706    -10.988382
      4.498625      0.000597     -0.510893    -10.988330
      4.498750      0.000506     -0.511035    -10.988221
      4.498875      0.000359     -0.511179    -10.988055
      4.499000      0.000202     -0.511368    -10.987834
      4.499125      0.000082     -0.511646    -10.987561
      4.499250      0.000026     -0.512032    -10.987244
      4.499375      0.000009     -0.512479    -10.986905
      4.499500     -0.000029     -0.512875    -10.986596
      4.499625     -0.000097     -0.513138    -10.986390
      4.499750     -0.000009     -0.513431    -10.986311
      4.499875      0.000304     -0.513870    -10.986309
      4.500000      0.000569     -0.514255    -10.986314
